method,allocation,shots,mae,low,high,upper95,target,single_fit_n,median,p05,p95,pass_fraction,group_checkpoint_n,group_checkpoint_p95,group_checkpoint_pass_fraction
constant_mean_eb,zz_known,20,0.07559414952993393,0.0751744955778122,0.07602359354496002,0.07595720142126083,0.065,100,0.0755186527967453,0.074161596596241,0.07721980661153793,0.0,20,0.07619912922382355,0.0
constant_mean_eb,zz_known,20,0.07559414952993393,0.0751744955778122,0.07602359354496002,0.07595720142126083,0.053,100,0.0755186527967453,0.074161596596241,0.07721980661153793,0.0,20,0.07619912922382355,0.0
constant_mean_eb,zz_known,36,0.05785555765032768,0.05754559859633446,0.058159276843070984,0.05810771882534027,0.065,100,0.05779384821653366,0.05663132667541504,0.058943647891283035,1.0,20,0.05824069306254387,1.0
constant_mean_eb,zz_known,36,0.05785555765032768,0.05754559859633446,0.058159276843070984,0.05810771882534027,0.053,100,0.05779384821653366,0.05663132667541504,0.058943647891283035,0.0,20,0.05824069306254387,0.0
constant_mean_iv,zz_known,16,0.07953742891550064,0.07905106991529465,0.08007896691560745,0.07999050617218018,0.065,100,0.07940823584794998,0.07798419147729874,0.08158202469348907,0.0,20,0.08095470070838928,0.0
constant_mean_iv,zz_known,16,0.07953742891550064,0.07905106991529465,0.08007896691560745,0.07999050617218018,0.053,100,0.07940823584794998,0.07798419147729874,0.08158202469348907,0.0,20,0.08095470070838928,0.0
constant_mean_iv,zz_known,20,0.07273904234170914,0.0723007395863533,0.0732169970870018,0.0731414258480072,0.065,100,0.07251378148794174,0.07122422754764557,0.07485710829496384,0.0,20,0.0735626071691513,0.0
constant_mean_iv,zz_known,20,0.07273904234170914,0.0723007395863533,0.0732169970870018,0.0731414258480072,0.053,100,0.07251378148794174,0.07122422754764557,0.07485710829496384,0.0,20,0.0735626071691513,0.0
constant_mean_iv,zz_known,24,0.06735984236001968,0.06699385493993759,0.06773493438959122,0.06767518073320389,0.065,100,0.06736841797828674,0.06599048525094986,0.06882566958665848,0.0,20,0.06842956691980362,0.0
constant_mean_iv,zz_known,24,0.06735984236001968,0.06699385493993759,0.06773493438959122,0.06767518073320389,0.053,100,0.06736841797828674,0.06599048525094986,0.06882566958665848,0.0,20,0.06842956691980362,0.0
constant_mean_iv,zz_known,28,0.06325091421604156,0.0628860592842102,0.06362311542034149,0.06356696784496307,0.065,100,0.0631839781999588,0.06208791956305504,0.06461217999458313,0.97,20,0.06400352716445923,1.0
constant_mean_iv,zz_known,28,0.06325091421604156,0.0628860592842102,0.06362311542034149,0.06356696784496307,0.053,100,0.0631839781999588,0.06208791956305504,0.06461217999458313,0.0,20,0.06400352716445923,0.0
constant_mean_iv,zz_known,32,0.05952136963605881,0.059198420494794846,0.05985599383711815,0.059802524745464325,0.065,100,0.05948033928871155,0.05839139595627785,0.060659896582365036,1.0,20,0.06001550331711769,1.0
constant_mean_iv,zz_known,32,0.05952136963605881,0.059198420494794846,0.05985599383711815,0.059802524745464325,0.053,100,0.05948033928871155,0.05839139595627785,0.060659896582365036,0.0,20,0.06001550331711769,0.0
constant_mean_iv,zz_known,36,0.05662403255701065,0.05632901191711426,0.0569148026406765,0.0568711943924427,0.065,100,0.05662492662668228,0.05535941198468208,0.05767306685447693,1.0,20,0.05695844069123268,1.0
constant_mean_iv,zz_known,36,0.05662403255701065,0.05632901191711426,0.0569148026406765,0.0568711943924427,0.053,100,0.05662492662668228,0.05535941198468208,0.05767306685447693,0.0,20,0.05695844069123268,0.0
constant_mean_iv,zz_known,40,0.053960543125867844,0.05366363003849983,0.054265931248664856,0.05420558527112007,0.065,100,0.05386778712272644,0.052738409489393234,0.055275868624448776,1.0,20,0.054380252957344055,1.0
constant_mean_iv,zz_known,40,0.053960543125867844,0.05366363003849983,0.054265931248664856,0.05420558527112007,0.053,100,0.05386778712272644,0.052738409489393234,0.055275868624448776,0.07,20,0.054380252957344055,0.05
constant_mean_iv,zz_known,44,0.0518081933259964,0.05154286324977875,0.05208299681544304,0.05203559249639511,0.065,100,0.05172927305102348,0.05083388462662697,0.052900735288858414,1.0,20,0.05235501751303673,1.0
constant_mean_iv,zz_known,44,0.0518081933259964,0.05154286324977875,0.05208299681544304,0.05203559249639511,0.053,100,0.05172927305102348,0.05083388462662697,0.052900735288858414,0.96,20,0.05235501751303673,1.0
constant_mean_iv,zz_known,48,0.04978082701563835,0.049497902393341064,0.050072990357875824,0.05002786964178085,0.065,100,0.04967757314443588,0.048808321356773376,0.050776831805706024,1.0,20,0.05043833330273628,1.0
constant_mean_iv,zz_known,48,0.04978082701563835,0.049497902393341064,0.050072990357875824,0.05002786964178085,0.053,100,0.04967757314443588,0.048808321356773376,0.050776831805706024,1.0,20,0.05043833330273628,1.0
constant_mean_iv,zz_known,64,0.04357406497001648,0.04333778843283653,0.04380600526928902,0.043767739087343216,0.065,100,0.04356503486633301,0.04268377274274826,0.04441770538687706,1.0,20,0.043937817215919495,1.0
constant_mean_iv,zz_known,64,0.04357406497001648,0.04333778843283653,0.04380600526928902,0.043767739087343216,0.053,100,0.04356503486633301,0.04268377274274826,0.04441770538687706,1.0,20,0.043937817215919495,1.0
constant_mean_iv,zz_known,80,0.03921894729137421,0.039003223180770874,0.039433274418115616,0.039397671818733215,0.065,100,0.039174072444438934,0.03845423460006714,0.0399959497153759,1.0,20,0.03951512649655342,1.0
constant_mean_iv,zz_known,80,0.03921894729137421,0.039003223180770874,0.039433274418115616,0.039397671818733215,0.053,100,0.039174072444438934,0.03845423460006714,0.0399959497153759,1.0,20,0.03951512649655342,1.0
constant_mean_iv,zz_known,128,0.03127792850136757,0.031105903908610344,0.031456124037504196,0.03142771124839783,0.065,100,0.031270869076251984,0.03056645765900612,0.0318976491689682,1.0,20,0.03145292028784752,1.0
constant_mean_iv,zz_known,128,0.03127792850136757,0.031105903908610344,0.031456124037504196,0.03142771124839783,0.053,100,0.031270869076251984,0.03056645765900612,0.0318976491689682,1.0,20,0.03145292028784752,1.0
constant_mean_iv,zz_known,192,0.025711487978696823,0.02556597627699375,0.025858968496322632,0.025836357846856117,0.065,100,0.025722304359078407,0.02525137923657894,0.026229310780763626,1.0,20,0.025896115228533745,1.0
constant_mean_iv,zz_known,192,0.025711487978696823,0.02556597627699375,0.025858968496322632,0.025836357846856117,0.053,100,0.025722304359078407,0.02525137923657894,0.026229310780763626,1.0,20,0.025896115228533745,1.0
constant_mean_prior,none,0,0.17395134270191193,0.16979308426380157,0.17800208926200867,0.17730918526649475,0.065,100,0.17205888032913208,0.16813868284225464,0.1852082461118698,0.0,20,0.18434855341911316,0.0
constant_mean_prior,none,0,0.17395134270191193,0.16979308426380157,0.17800208926200867,0.17730918526649475,0.053,100,0.17205888032913208,0.16813868284225464,0.1852082461118698,0.0,20,0.18434855341911316,0.0
dfe,zz_known,20,0.08091769367456436,0.08043838292360306,0.08140569180250168,0.08132325112819672,0.065,100,0.08101636171340942,0.07928617298603058,0.08251699805259705,0.0,20,0.0816345065832138,0.0
dfe,zz_known,20,0.08091769367456436,0.08043838292360306,0.08140569180250168,0.08132325112819672,0.053,100,0.08101636171340942,0.07928617298603058,0.08251699805259705,0.0,20,0.0816345065832138,0.0
dfe,zz_known,24,0.07377131283283234,0.07336511462926865,0.074198417365551,0.07413288205862045,0.065,100,0.0736711174249649,0.07250463217496872,0.07526548206806183,0.0,20,0.07424812018871307,0.0
dfe,zz_known,24,0.07377131283283234,0.07336511462926865,0.074198417365551,0.07413288205862045,0.053,100,0.0736711174249649,0.07250463217496872,0.07526548206806183,0.0,20,0.07424812018871307,0.0
dfe,zz_known,28,0.0683320164680481,0.06790708750486374,0.06876314431428909,0.06869369000196457,0.065,100,0.06828424334526062,0.06720811128616333,0.06981291621923447,0.0,20,0.06893357634544373,0.0
dfe,zz_known,28,0.0683320164680481,0.06790708750486374,0.06876314431428909,0.06869369000196457,0.053,100,0.06828424334526062,0.06720811128616333,0.06981291621923447,0.0,20,0.06893357634544373,0.0
dfe,zz_known,32,0.06371941417455673,0.06335373967885971,0.06410161405801773,0.06403102725744247,0.065,100,0.06371224671602249,0.06262112408876419,0.06490736454725266,0.96,20,0.06421943008899689,1.0
dfe,zz_known,32,0.06371941417455673,0.06335373967885971,0.06410161405801773,0.06403102725744247,0.053,100,0.06371224671602249,0.06262112408876419,0.06490736454725266,0.0,20,0.06421943008899689,0.0
dfe,zz_known,36,0.060206975787878036,0.059842679649591446,0.0605720654129982,0.060512762516736984,0.065,100,0.06022407114505768,0.05867951735854149,0.06145033612847328,1.0,20,0.060669850558042526,1.0
dfe,zz_known,36,0.060206975787878036,0.059842679649591446,0.0605720654129982,0.060512762516736984,0.053,100,0.06022407114505768,0.05867951735854149,0.06145033612847328,0.0,20,0.060669850558042526,0.0
dfe,zz_known,40,0.057041872292757034,0.05671851336956024,0.05736580863595009,0.057314906269311905,0.065,100,0.057000935077667236,0.055932994931936264,0.05827674642205238,1.0,20,0.05727057158946991,1.0
dfe,zz_known,40,0.057041872292757034,0.05671851336956024,0.05736580863595009,0.057314906269311905,0.053,100,0.057000935077667236,0.055932994931936264,0.05827674642205238,0.0,20,0.05727057158946991,0.0
dfe,zz_known,44,0.054447393864393234,0.054147981107234955,0.05477187782526016,0.05470871180295944,0.065,100,0.05441980063915253,0.0535714253783226,0.05567945912480354,1.0,20,0.05484694615006447,1.0
dfe,zz_known,44,0.054447393864393234,0.054147981107234955,0.05477187782526016,0.05470871180295944,0.053,100,0.05441980063915253,0.0535714253783226,0.05567945912480354,0.01,20,0.05484694615006447,0.0
dfe,zz_known,48,0.05216743424534798,0.05185458064079285,0.05247403681278229,0.0524277426302433,0.065,100,0.05220872536301613,0.05129446089267731,0.05326475948095322,1.0,20,0.05253790318965912,1.0
dfe,zz_known,48,0.05216743424534798,0.05185458064079285,0.05247403681278229,0.0524277426302433,0.053,100,0.05220872536301613,0.05129446089267731,0.05326475948095322,0.91,20,0.05253790318965912,1.0
dfe,zz_known,56,0.048309460282325745,0.048026811331510544,0.04859433323144913,0.04854615777730942,0.065,100,0.04830555617809296,0.04740525409579277,0.04902786388993263,1.0,20,0.04860905557870865,1.0
dfe,zz_known,56,0.048309460282325745,0.048026811331510544,0.04859433323144913,0.04854615777730942,0.053,100,0.04830555617809296,0.04740525409579277,0.04902786388993263,1.0,20,0.04860905557870865,1.0
dfe,zz_known,68,0.04389316588640213,0.04364379495382309,0.04414328187704086,0.04410490766167641,0.065,100,0.04391629993915558,0.042884960770606995,0.04462924972176552,1.0,20,0.04418165609240532,1.0
dfe,zz_known,68,0.04389316588640213,0.04364379495382309,0.04414328187704086,0.04410490766167641,0.053,100,0.04391629993915558,0.042884960770606995,0.04462924972176552,1.0,20,0.04418165609240532,1.0
dfe,zz_known,84,0.03936105966567993,0.039132438600063324,0.03958560898900032,0.03955278545618057,0.065,100,0.03931451961398125,0.03869016841053963,0.04009196534752846,1.0,20,0.039622265845537186,1.0
dfe,zz_known,84,0.03936105966567993,0.039132438600063324,0.03958560898900032,0.03955278545618057,0.053,100,0.03931451961398125,0.03869016841053963,0.04009196534752846,1.0,20,0.039622265845537186,1.0
dfe,zz_known,128,0.031857240945100784,0.03167515620589256,0.03204549476504326,0.03201545774936676,0.065,100,0.03181286156177521,0.03123464062809944,0.03246958553791046,1.0,20,0.032020214945077896,1.0
dfe,zz_known,128,0.031857240945100784,0.03167515620589256,0.03204549476504326,0.03201545774936676,0.053,100,0.03181286156177521,0.03123464062809944,0.03246958553791046,1.0,20,0.032020214945077896,1.0
dfe,zz_known,192,0.026025157421827316,0.025875166058540344,0.02617485634982586,0.02615189552307129,0.065,100,0.026017870754003525,0.025621745735406876,0.02651352994143963,1.0,20,0.026195675134658813,1.0
dfe,zz_known,192,0.026025157421827316,0.025875166058540344,0.02617485634982586,0.02615189552307129,0.053,100,0.026017870754003525,0.025621745735406876,0.02651352994143963,1.0,20,0.026195675134658813,1.0
neural_eb,zz_known,20,0.061539940536022186,0.06071900203824043,0.06236594542860985,0.062255650758743286,0.065,500,0.06127365678548813,0.059626009315252304,0.06414620578289032,0.992,100,0.06343160569667816,1.0
neural_eb,zz_known,20,0.061539940536022186,0.06071900203824043,0.06236594542860985,0.062255650758743286,0.053,500,0.06127365678548813,0.059626009315252304,0.06414620578289032,0.0,100,0.06343160569667816,0.0
neural_eb,zz_known,36,0.05057523399591446,0.05006881058216095,0.05108872056007385,0.050995826721191406,0.065,500,0.05053558945655823,0.04934241622686386,0.051868751645088196,1.0,100,0.05147084593772888,1.0
neural_eb,zz_known,36,0.05057523399591446,0.05006881058216095,0.05108872056007385,0.050995826721191406,0.053,500,0.05053558945655823,0.04934241622686386,0.051868751645088196,0.998,100,0.05147084593772888,1.0
neural_iv,zz_known,6,0.07586947828531265,0.07419446110725403,0.07751478254795074,0.07724899798631668,0.065,500,0.07545346021652222,0.07323333621025085,0.07975257933139801,0.0,100,0.07920878380537033,0.0
neural_iv,zz_known,6,0.07586947828531265,0.07419446110725403,0.07751478254795074,0.07724899798631668,0.053,500,0.07545346021652222,0.07323333621025085,0.07975257933139801,0.0,100,0.07920878380537033,0.0
neural_iv,zz_known,8,0.0729193389415741,0.07147282361984253,0.07433515787124634,0.07412245869636536,0.065,500,0.07261304557323456,0.07044772803783417,0.07649552822113037,0.0,100,0.0759526714682579,0.0
neural_iv,zz_known,8,0.0729193389415741,0.07147282361984253,0.07433515787124634,0.07412245869636536,0.053,500,0.07261304557323456,0.07044772803783417,0.07649552822113037,0.0,100,0.0759526714682579,0.0
neural_iv,zz_known,12,0.06791488081216812,0.06679859012365341,0.06904277205467224,0.06887154281139374,0.065,500,0.06771885603666306,0.0660673975944519,0.07031624764204025,0.0,100,0.06978689879179001,0.0
neural_iv,zz_known,12,0.06791488081216812,0.06679859012365341,0.06904277205467224,0.06887154281139374,0.053,500,0.06771885603666306,0.0660673975944519,0.07031624764204025,0.0,100,0.06978689879179001,0.0
neural_iv,zz_known,20,0.060275040566921234,0.05946075916290283,0.06107160076498985,0.060964394360780716,0.065,500,0.060142043977975845,0.05860316753387451,0.06248081475496292,1.0,100,0.06189940869808197,1.0
neural_iv,zz_known,20,0.060275040566921234,0.05946075916290283,0.06107160076498985,0.060964394360780716,0.053,500,0.060142043977975845,0.05860316753387451,0.06248081475496292,0.0,100,0.06189940869808197,0.0
neural_iv,zz_known,24,0.0572432316839695,0.056543491780757904,0.05794086679816246,0.057831231504678726,0.065,500,0.05724581703543663,0.055882684886455536,0.058851007372140884,1.0,100,0.05818860977888107,1.0
neural_iv,zz_known,24,0.0572432316839695,0.056543491780757904,0.05794086679816246,0.057831231504678726,0.053,500,0.05724581703543663,0.055882684886455536,0.058851007372140884,0.0,100,0.05818860977888107,0.0
neural_iv,zz_known,32,0.05225593224167824,0.051704131066799164,0.05281439423561096,0.0527205727994442,0.065,500,0.05214933678507805,0.051246244460344315,0.0534578375518322,1.0,100,0.053282707929611206,1.0
neural_iv,zz_known,32,0.05225593224167824,0.051704131066799164,0.05281439423561096,0.0527205727994442,0.053,500,0.05214933678507805,0.051246244460344315,0.0534578375518322,0.87,100,0.053282707929611206,0.93
neural_iv,zz_known,36,0.050405167043209076,0.04990381374955177,0.050919078290462494,0.0508410669863224,0.065,500,0.0503864511847496,0.04935118183493614,0.05154389888048172,1.0,100,0.05127446725964546,1.0
neural_iv,zz_known,36,0.050405167043209076,0.04990381374955177,0.050919078290462494,0.0508410669863224,0.053,500,0.0503864511847496,0.04935118183493614,0.05154389888048172,1.0,100,0.05127446725964546,1.0
neural_iv,zz_known,40,0.048496063798666,0.04804038256406784,0.048963479697704315,0.04888100549578667,0.065,500,0.048403892666101456,0.04744895175099373,0.049674272537231445,1.0,100,0.04909983277320862,1.0
neural_iv,zz_known,40,0.048496063798666,0.04804038256406784,0.048963479697704315,0.04888100549578667,0.053,500,0.048403892666101456,0.04744895175099373,0.049674272537231445,1.0,100,0.04909983277320862,1.0
neural_iv,zz_known,52,0.04399438947439194,0.04362332448363304,0.04436524957418442,0.04431144520640373,0.065,500,0.04393325001001358,0.04309600219130516,0.04511044919490814,1.0,100,0.04459913820028305,1.0
neural_iv,zz_known,52,0.04399438947439194,0.04362332448363304,0.04436524957418442,0.04431144520640373,0.053,500,0.04393325001001358,0.04309600219130516,0.04511044919490814,1.0,100,0.04459913820028305,1.0
neural_iv,zz_known,72,0.03874760493636131,0.03845180943608284,0.03904788941144943,0.038995496928691864,0.065,500,0.03877977281808853,0.03798937425017357,0.03952864557504654,1.0,100,0.039296094328165054,1.0
neural_iv,zz_known,72,0.03874760493636131,0.03845180943608284,0.03904788941144943,0.038995496928691864,0.053,500,0.03877977281808853,0.03798937425017357,0.03952864557504654,1.0,100,0.039296094328165054,1.0
neural_iv,zz_known,96,0.03428173065185547,0.03405304253101349,0.034518107771873474,0.03448319807648659,0.065,500,0.03429152071475983,0.03346633166074753,0.03506538271903992,1.0,100,0.0347612202167511,1.0
neural_iv,zz_known,96,0.03428173065185547,0.03405304253101349,0.034518107771873474,0.03448319807648659,0.053,500,0.03429152071475983,0.03346633166074753,0.03506538271903992,1.0,100,0.0347612202167511,1.0
neural_iv,zz_known,192,0.025113392621278763,0.024965854361653328,0.025263527408242226,0.025240665301680565,0.065,500,0.025095436722040176,0.024674639105796814,0.025656677782535553,1.0,100,0.025361305102705956,1.0
neural_iv,zz_known,192,0.025113392621278763,0.024965854361653328,0.025263527408242226,0.025240665301680565,0.053,500,0.025095436722040176,0.024674639105796814,0.025656677782535553,1.0,100,0.025361305102705956,1.0
neural_prior,none,0,0.08687811344861984,0.0840778574347496,0.08976918458938599,0.08932951837778091,0.065,500,0.08581385016441345,0.08188556879758835,0.09534572064876556,0.0,100,0.09334644675254822,0.0
neural_prior,none,0,0.08687811344861984,0.0840778574347496,0.08976918458938599,0.08932951837778091,0.053,500,0.08581385016441345,0.08188556879758835,0.09534572064876556,0.0,100,0.09334644675254822,0.0
summary_ridge_eb,zz_known,20,0.06412176042795181,0.06346834450960159,0.06480037420988083,0.06469456851482391,0.065,100,0.06394077837467194,0.062336936593055725,0.06617933511734009,0.75,20,0.06564649939537048,0.75
summary_ridge_eb,zz_known,20,0.06412176042795181,0.06346834450960159,0.06480037420988083,0.06469456851482391,0.053,100,0.06394077837467194,0.062336936593055725,0.06617933511734009,0.0,20,0.06564649939537048,0.0
summary_ridge_eb,zz_known,36,0.05190737545490265,0.05152265354990959,0.05233675241470337,0.052261266857385635,0.065,100,0.05185642093420029,0.05048724636435509,0.05329123139381409,1.0,20,0.05286053568124771,1.0
summary_ridge_eb,zz_known,36,0.05190737545490265,0.05152265354990959,0.05233675241470337,0.052261266857385635,0.053,100,0.05185642093420029,0.05048724636435509,0.05329123139381409,0.91,20,0.05286053568124771,1.0
summary_ridge_iv,zz_known,8,0.07867852598428726,0.07743953913450241,0.07995760440826416,0.07975859940052032,0.065,100,0.07845868170261383,0.07575297355651855,0.0824151560664177,0.0,20,0.08087075501680374,0.0
summary_ridge_iv,zz_known,8,0.07867852598428726,0.07743953913450241,0.07995760440826416,0.07975859940052032,0.053,100,0.07845868170261383,0.07575297355651855,0.0824151560664177,0.0,20,0.08087075501680374,0.0
summary_ridge_iv,zz_known,12,0.072400763630867,0.07149054110050201,0.0733909010887146,0.07321935892105103,0.065,100,0.0723208636045456,0.07049712538719177,0.07465799897909164,0.0,20,0.07382377982139587,0.0
summary_ridge_iv,zz_known,12,0.072400763630867,0.07149054110050201,0.0733909010887146,0.07321935892105103,0.053,100,0.0723208636045456,0.07049712538719177,0.07465799897909164,0.0,20,0.07382377982139587,0.0
summary_ridge_iv,zz_known,16,0.06732828915119171,0.06654080748558044,0.06819301843643188,0.06805908679962158,0.065,100,0.0671648308634758,0.06520595401525497,0.069342702627182,0.02,20,0.06858048588037491,0.0
summary_ridge_iv,zz_known,16,0.06732828915119171,0.06654080748558044,0.06819301843643188,0.06805908679962158,0.053,100,0.0671648308634758,0.06520595401525497,0.069342702627182,0.0,20,0.06858048588037491,0.0
summary_ridge_iv,zz_known,20,0.06323523074388504,0.06256373226642609,0.06394601613283157,0.06383892148733139,0.065,100,0.06307593733072281,0.06161890923976898,0.06510188430547714,0.91,20,0.06432029604911804,1.0
summary_ridge_iv,zz_known,20,0.06323523074388504,0.06256373226642609,0.06394601613283157,0.06383892148733139,0.053,100,0.06307593733072281,0.06161890923976898,0.06510188430547714,0.0,20,0.06432029604911804,0.0
summary_ridge_iv,zz_known,28,0.05678211525082588,0.05626833066344261,0.057350777089595795,0.057242777198553085,0.065,100,0.05671984702348709,0.05544126778841019,0.058507177978754044,1.0,20,0.05811670795083046,1.0
summary_ridge_iv,zz_known,28,0.05678211525082588,0.05626833066344261,0.057350777089595795,0.057242777198553085,0.053,100,0.05671984702348709,0.05544126778841019,0.058507177978754044,0.0,20,0.05811670795083046,0.0
summary_ridge_iv,zz_known,32,0.05408677086234093,0.05362245813012123,0.054593756794929504,0.05449894070625305,0.065,100,0.054032500833272934,0.05287644639611244,0.05561026930809021,1.0,20,0.05546761304140091,1.0
summary_ridge_iv,zz_known,32,0.05408677086234093,0.05362245813012123,0.054593756794929504,0.05449894070625305,0.053,100,0.054032500833272934,0.05287644639611244,0.05561026930809021,0.08,20,0.05546761304140091,0.0
summary_ridge_iv,zz_known,36,0.05198289826512337,0.051572512835264206,0.0524422861635685,0.05236367508769035,0.065,100,0.05183366686105728,0.05077002942562103,0.053439605981111526,1.0,20,0.05309159308671951,1.0
summary_ridge_iv,zz_known,36,0.05198289826512337,0.051572512835264206,0.0524422861635685,0.05236367508769035,0.053,100,0.05183366686105728,0.05077002942562103,0.053439605981111526,0.92,20,0.05309159308671951,0.9
summary_ridge_iv,zz_known,44,0.0482870489358902,0.04791409522294998,0.0486922562122345,0.0486271008849144,0.065,100,0.048238180577754974,0.04716184735298157,0.0497732013463974,1.0,20,0.04937143996357918,1.0
summary_ridge_iv,zz_known,44,0.0482870489358902,0.04791409522294998,0.0486922562122345,0.0486271008849144,0.053,100,0.048238180577754974,0.04716184735298157,0.0497732013463974,1.0,20,0.04937143996357918,1.0
summary_ridge_iv,zz_known,56,0.043865516781806946,0.0435519814491272,0.04421214759349823,0.04415228217840195,0.065,100,0.043835222721099854,0.04285597801208496,0.045066267251968384,1.0,20,0.044950563460588455,1.0
summary_ridge_iv,zz_known,56,0.043865516781806946,0.0435519814491272,0.04421214759349823,0.04415228217840195,0.053,100,0.043835222721099854,0.04285597801208496,0.045066267251968384,1.0,20,0.044950563460588455,1.0
summary_ridge_iv,zz_known,72,0.039440736174583435,0.03912914916872978,0.03976883739233017,0.03971867635846138,0.065,100,0.03936481103301048,0.03849928826093674,0.04070986434817314,1.0,20,0.0405210442841053,1.0
summary_ridge_iv,zz_known,72,0.039440736174583435,0.03912914916872978,0.03976883739233017,0.03971867635846138,0.053,100,0.03936481103301048,0.03849928826093674,0.04070986434817314,1.0,20,0.0405210442841053,1.0
summary_ridge_iv,zz_known,96,0.03476710990071297,0.03454125300049782,0.03501737490296364,0.034981150180101395,0.065,100,0.03472737595438957,0.03396715596318245,0.03587799891829491,1.0,20,0.03558536618947983,1.0
summary_ridge_iv,zz_known,96,0.03476710990071297,0.03454125300049782,0.03501737490296364,0.034981150180101395,0.053,100,0.03472737595438957,0.03396715596318245,0.03587799891829491,1.0,20,0.03558536618947983,1.0
summary_ridge_iv,zz_known,192,0.025293106213212013,0.025131750851869583,0.025457676500082016,0.025427645072340965,0.065,100,0.025271035730838776,0.024774983525276184,0.02593536488711834,1.0,20,0.025675093755126,1.0
summary_ridge_iv,zz_known,192,0.025293106213212013,0.025131750851869583,0.025457676500082016,0.025427645072340965,0.053,100,0.025271035730838776,0.024774983525276184,0.02593536488711834,1.0,20,0.025675093755126,1.0
summary_ridge_prior,none,0,0.09819994121789932,0.09543206542730331,0.10104060918092728,0.10063060373067856,0.065,100,0.0966964140534401,0.09248506277799606,0.1068384125828743,0.0,20,0.10594667494297028,0.0
summary_ridge_prior,none,0,0.09819994121789932,0.09543206542730331,0.10104060918092728,0.10063060373067856,0.053,100,0.0966964140534401,0.09248506277799606,0.1068384125828743,0.0,20,0.10594667494297028,0.0
