method,readout_error,shots,mean,std,count
dfe,0.0,32,0.0638490153937164,0.0007434298591316898,100
dfe,0.0,48,0.052217744831250454,0.0006955658614632511,100
dfe,0.01,32,0.06565157957527845,0.000904180511045029,100
dfe,0.01,48,0.05351068003437596,0.0005438762219545913,100
dfe,0.03,32,0.06905422613291097,0.0007411387567895268,100
dfe,0.03,48,0.05638452809843659,0.000611477557959629,100
dfe,0.05,32,0.0726628347136951,0.0008784658169904019,100
dfe,0.05,48,0.059246369971351666,0.0006974315150359194,100
neural_eb,0.0,20,0.062759865216697,0.0009797207564757112,500
neural_eb,0.0,36,0.05130097764787881,0.0007848066291158035,500
neural_eb,0.01,20,0.06337934581831527,0.0010588776037353828,500
neural_eb,0.01,36,0.052076219742038694,0.000714282052234099,500
neural_eb,0.03,20,0.06521088850453308,0.0011716435021332466,500
neural_eb,0.03,36,0.05400306207380519,0.0007982247943910173,500
neural_eb,0.05,20,0.06707472185423259,0.0013079113767884751,500
neural_eb,0.05,36,0.055969374553336095,0.0008181720452720514,500
neural_prior,0.0,0,0.09087189608908375,0.0030905247202770918,500
neural_prior,0.01,0,0.09088533785328763,0.003101984082883985,500
neural_prior,0.03,0,0.09113452022728598,0.0029773648482196023,500
neural_prior,0.05,0,0.09108592376433808,0.003555134147073425,500
summary_ridge_eb,0.0,20,0.06467186671071798,0.0014631893712037266,100
summary_ridge_eb,0.0,36,0.05231277504716556,0.000934191806218757,100
summary_ridge_eb,0.01,20,0.06547426493455412,0.0013413776881012734,100
summary_ridge_eb,0.01,36,0.05313994083471463,0.0009078492809341913,100
summary_ridge_eb,0.03,20,0.06743017667995022,0.0016470140229932109,100
summary_ridge_eb,0.03,36,0.055257447574597475,0.0010742101079014616,100
summary_ridge_eb,0.05,20,0.06965996291361387,0.0017018356002369058,100
summary_ridge_eb,0.05,36,0.05741868910933592,0.0011829664375802385,100
summary_ridge_prior,0.0,0,0.09977494178364474,0.004315789138891341,100
summary_ridge_prior,0.01,0,0.09966959896680444,0.003901020395430769,100
summary_ridge_prior,0.03,0,0.09999687455658661,0.003962489693316311,100
summary_ridge_prior,0.05,0,0.1002087120956348,0.004286323641309377,100
