checkpoint,level,coverage
bidir_seed0,0.1,1.0
bidir_seed0,0.2,1.0
bidir_seed0,0.3,1.0
bidir_seed0,0.4,1.0
bidir_seed0,0.5,1.0
bidir_seed0,0.6,1.0
bidir_seed0,0.7,1.0
bidir_seed0,0.8,1.0
bidir_seed0,0.9,1.0
bidir_seed1,0.1,1.0
bidir_seed1,0.2,1.0
bidir_seed1,0.3,1.0
bidir_seed1,0.4,1.0
bidir_seed1,0.5,1.0
bidir_seed1,0.6,1.0
bidir_seed1,0.7,1.0
bidir_seed1,0.8,1.0
bidir_seed1,0.9,1.0
bidir_seed2,0.1,1.0
bidir_seed2,0.2,1.0
bidir_seed2,0.3,1.0
bidir_seed2,0.4,1.0
bidir_seed2,0.5,1.0
bidir_seed2,0.6,1.0
bidir_seed2,0.7,1.0
bidir_seed2,0.8,1.0
bidir_seed2,0.9,1.0
bidir_seed3,0.1,1.0
bidir_seed3,0.2,1.0
bidir_seed3,0.3,1.0
bidir_seed3,0.4,1.0
bidir_seed3,0.5,1.0
bidir_seed3,0.6,1.0
bidir_seed3,0.7,1.0
bidir_seed3,0.8,1.0
bidir_seed3,0.9,1.0
bidir_seed4,0.1,1.0
bidir_seed4,0.2,1.0
bidir_seed4,0.3,1.0
bidir_seed4,0.4,1.0
bidir_seed4,0.5,1.0
bidir_seed4,0.6,1.0
bidir_seed4,0.7,1.0
bidir_seed4,0.8,1.0
bidir_seed4,0.9,1.0
