method,policy,checkpoint,repeat,average_query_shots,low_shots,high_shots,offline_quantum_shots,weight_low,weight_high,mae_F_e,rmse_F_e,bias_F_e,pearson
fixed_hybrid,fixed,bidir_seed0,0,32,32,32,6144,0.5512337897413844,0.5512337897413844,0.06480451769096811,0.08181454321335038,0.0098616796486646,0.9125763705030681
fixed_dfe,fixed,bidir_seed0,0,32,32,32,0,,,0.09166782326065004,0.11419092644590123,-0.0017735688828877986,0.8669485246957198
adaptive_hybrid,random,bidir_seed0,0,32,16,48,6144,0.5369909197893057,0.769131669389717,0.0713045534408334,0.09003930772967651,0.008976859612120115,0.897070813164804
adaptive_dfe,random,bidir_seed0,0,32,16,48,0,,,0.10207962178657196,0.13168503936115206,0.0010837806541492368,0.8335971840422199
adaptive_hybrid,width,bidir_seed0,0,32,16,48,6144,0.43035821278368186,0.7018076982431855,0.0660425649880913,0.08411379520435013,0.011357899238046297,0.9080902365473654
adaptive_dfe,width,bidir_seed0,0,32,16,48,0,,,0.10158949540854091,0.1323523701141507,0.00010205115679473749,0.8307223465522
adaptive_hybrid,disagreement,bidir_seed0,0,32,16,48,6144,0.36534580780651377,0.5742432834300011,0.06367007693535756,0.08179787574087993,0.011925853714171717,0.9127325245942627
adaptive_dfe,disagreement,bidir_seed0,0,32,16,48,0,,,0.09249952049043877,0.11622682526726827,0.0007117568446254264,0.8584563082583623
adaptive_hybrid,combined,bidir_seed0,0,32,16,48,6144,0.12316580499374181,0.8189653999803744,0.061968036061091455,0.08192039270952918,0.006505874913368539,0.9117539298435272
adaptive_dfe,combined,bidir_seed0,0,32,16,48,0,,,0.09648943847789376,0.122160673742479,0.0035329374001809816,0.8478002595505678
fixed_hybrid,fixed,bidir_seed0,0,64,64,64,8192,0.6631899477263736,0.6631899477263736,0.052275184885359344,0.06580506530759349,0.0063730048160484795,0.9437601579560001
fixed_dfe,fixed,bidir_seed0,0,64,64,64,0,,,0.06399423742689014,0.08098108020668793,-0.002657125430506846,0.9261144817277818
fixed_dfe,fixed,bidir_seed0,0,128,128,128,0,,,0.04506591037063608,0.05660168713479575,-0.0005916182380465288,0.9609719596943129
adaptive_hybrid,random,bidir_seed0,0,64,32,96,8192,0.5231937240743623,0.8229731307414835,0.05543381353793116,0.07110024060512903,0.0070847923229758625,0.9343745467539526
adaptive_dfe,random,bidir_seed0,0,64,32,96,0,,,0.071336701508641,0.09256863943469135,-0.0016185589622528778,0.906123414108589
adaptive_hybrid,width,bidir_seed0,0,64,32,96,8192,0.5839483858679886,0.7288989953261023,0.05541360642038572,0.07018801695168105,0.007969607482648106,0.9360947862589163
adaptive_dfe,width,bidir_seed0,0,64,32,96,0,,,0.07179153081221831,0.09304013972838908,-0.0011586961977026141,0.9045609727437409
adaptive_hybrid,disagreement,bidir_seed0,0,64,32,96,8192,0.3057112470526286,0.9672747151388273,0.055728169065377385,0.07278523753431312,0.0050681249929723764,0.9314709979729957
adaptive_dfe,disagreement,bidir_seed0,0,64,32,96,0,,,0.06900763736604146,0.08889375617861092,0.0006910888552074392,0.9102464504205202
adaptive_hybrid,combined,bidir_seed0,0,64,32,96,8192,0.5233634890252117,0.9242722491807703,0.05326722401571701,0.06780702430537272,0.004591544160974995,0.9406288264916821
adaptive_dfe,combined,bidir_seed0,0,64,32,96,0,,,0.06751488033797907,0.0862175359969996,0.0013782995033555874,0.9146150243964524
fixed_hybrid,fixed,bidir_seed0,1,32,32,32,6144,0.3529484679261741,0.3529484679261741,0.06599051093031182,0.08508675542576263,0.0070880980718266194,0.9044337534154424
fixed_dfe,fixed,bidir_seed0,1,32,32,32,0,,,0.09319421779623048,0.11655621283142646,0.0004275719901280744,0.8608506411085745
adaptive_hybrid,random,bidir_seed0,1,32,16,48,6144,0.1968130287942577,0.7089989572015217,0.06624688641815407,0.0863975505988239,0.005975305632786701,0.9005653183301171
adaptive_dfe,random,bidir_seed0,1,32,16,48,0,,,0.10251076557801633,0.13134373833731894,0.0013834665007100835,0.8378128135264533
adaptive_hybrid,width,bidir_seed0,1,32,16,48,6144,0.1357254075728936,0.7041051900089055,0.06275829419533573,0.08414675752530194,0.005389717819590583,0.9060316260518188
adaptive_dfe,width,bidir_seed0,1,32,16,48,0,,,0.09972322167749838,0.12924434858008899,-0.0026467914357978556,0.8409906640800738
adaptive_hybrid,disagreement,bidir_seed0,1,32,16,48,6144,0.2455915090797252,0.5238390892091784,0.06318662253896899,0.0814948271338937,0.005690485630893833,0.9123713154197459
adaptive_dfe,disagreement,bidir_seed0,1,32,16,48,0,,,0.09009495131959695,0.11446062972346897,0.0013421305218741042,0.8598583634252294
adaptive_hybrid,combined,bidir_seed0,1,32,16,48,6144,0.0,0.5357653256803617,0.06464370392576206,0.0828744662550424,0.0032096050119582407,0.9106523740319193
adaptive_dfe,combined,bidir_seed0,1,32,16,48,0,,,0.09513843653565915,0.12000013758691373,0.0033675934848370658,0.8559940586481593
fixed_hybrid,fixed,bidir_seed0,1,64,64,64,8192,0.6833155727786415,0.6833155727786415,0.05253796131177376,0.06550447810382394,0.003978694545494329,0.9440100405475546
fixed_dfe,fixed,bidir_seed0,1,64,64,64,0,,,0.06480250915970713,0.08116039685574358,0.0008538492718741061,0.9265930796801244
fixed_dfe,fixed,bidir_seed0,1,128,128,128,0,,,0.04533880733559647,0.05720371770127644,-0.0003164756289195447,0.9606919619573551
adaptive_hybrid,random,bidir_seed0,1,64,32,96,8192,0.380539241081947,0.5628276981982363,0.05712520044193749,0.07419772083362323,0.005257625656693752,0.9283615797290726
adaptive_dfe,random,bidir_seed0,1,64,32,96,0,,,0.07064917495057833,0.0909286355838479,-0.0007970063828877987,0.9093906534541738
adaptive_hybrid,width,bidir_seed0,1,64,32,96,8192,0.25473677251754295,0.7772926083499854,0.05371634000324072,0.07215210702523948,0.006872909824100967,0.9331066633033904
adaptive_dfe,width,bidir_seed0,1,64,32,96,0,,,0.07230356805366538,0.09432632027743154,0.0029128977176413016,0.9045866369885731
adaptive_hybrid,disagreement,bidir_seed0,1,64,32,96,8192,0.6123411106503153,0.5672403068974736,0.05829274434703076,0.07411121521671186,0.005571772460185615,0.927782265760653
adaptive_dfe,disagreement,bidir_seed0,1,64,32,96,0,,,0.06974384921514207,0.08952322621133543,0.001770991302297386,0.9100070144253403
adaptive_hybrid,combined,bidir_seed0,1,64,32,96,8192,0.24369818276059105,0.757442441732954,0.05131750916489909,0.06671608737051331,0.0010138507750869002,0.942423854433096
adaptive_dfe,combined,bidir_seed0,1,64,32,96,0,,,0.06981161793708683,0.08945121402986722,0.0024375339610275453,0.9131690521451484
fixed_hybrid,fixed,bidir_seed0,2,32,32,32,6144,0.39008692359343927,0.39008692359343927,0.06819680911299537,0.08566610924280295,0.010625327954440829,0.9120014285154293
fixed_dfe,fixed,bidir_seed0,2,32,32,32,0,,,0.09065171526116689,0.11349043992740163,0.00017955611711220135,0.8690880969696396
adaptive_hybrid,random,bidir_seed0,2,32,16,48,6144,0.3124029464496004,0.509219651467016,0.06857602215845605,0.08706614279263397,0.010635141648772732,0.9056685626022383
adaptive_dfe,random,bidir_seed0,2,32,16,48,0,,,0.10121542194528041,0.1315148303086763,0.0003190650456836282,0.8361795417414267
adaptive_hybrid,width,bidir_seed0,2,32,16,48,6144,0.08418582735835116,0.6921820343253764,0.07367216681835148,0.09319312336976439,0.002677312103764179,0.8902331194704778
adaptive_dfe,width,bidir_seed0,2,32,16,48,0,,,0.10138238248816894,0.13066866869376195,0.00048440896102754246,0.8353026112253685
adaptive_hybrid,disagreement,bidir_seed0,2,32,16,48,6144,0.22230660121264134,0.49148190059090385,0.06913082788922756,0.0863978550269533,0.00968071095763951,0.911216471854398
adaptive_dfe,disagreement,bidir_seed0,2,32,16,48,0,,,0.08997680020836434,0.11413613889526854,0.0019518362097047921,0.8581622238767916
adaptive_hybrid,combined,bidir_seed0,2,32,16,48,6144,0.0982737857936103,0.532440063247633,0.07214939526185578,0.08879375370679211,0.0032901259517780453,0.9083198878458331
adaptive_dfe,combined,bidir_seed0,2,32,16,48,0,,,0.09868220105168543,0.12557433730358294,-0.0014480480495544688,0.8379649194420854
fixed_hybrid,fixed,bidir_seed0,2,64,64,64,8192,0.6850853984390648,0.6850853984390648,0.05394712907488615,0.06737188704701547,0.005057944456446184,0.9414948403978911
fixed_dfe,fixed,bidir_seed0,2,64,64,64,0,,,0.06438720849202206,0.08108669789687656,-0.0005722419979671637,0.9250577344085971
fixed_dfe,fixed,bidir_seed0,2,128,128,128,0,,,0.045280473628303126,0.057049118771483984,0.0002958135575883918,0.9609347795016141
adaptive_hybrid,random,bidir_seed0,2,64,32,96,8192,0.5364804971402948,0.5616330700405323,0.059344003210746704,0.07448370389141012,0.0073560867698114684,0.9314025143210352
adaptive_dfe,random,bidir_seed0,2,64,32,96,0,,,0.07017418184248661,0.09189745779255283,-0.0007608374014063177,0.9065080780515269
adaptive_hybrid,width,bidir_seed0,2,64,32,96,8192,0.46147631231084296,0.6803285751127218,0.057297951665954104,0.07259437738669632,0.00451388133664316,0.9348379883761575
adaptive_dfe,width,bidir_seed0,2,64,32,96,0,,,0.07204773601775288,0.09341821511878817,0.00011238515150373527,0.9050028721885763
adaptive_hybrid,disagreement,bidir_seed0,2,64,32,96,8192,0.570741744811138,0.6211354636177523,0.05803718919113158,0.07324811805833693,0.006847368571868056,0.9332555979002782
adaptive_dfe,disagreement,bidir_seed0,2,64,32,96,0,,,0.06857115951756006,0.08850464327130468,0.000525744939863524,0.9085321844273703
adaptive_hybrid,combined,bidir_seed0,2,64,32,96,8192,0.5057156683890491,0.6389395664547269,0.056212106797973026,0.07079416674101917,0.0045054229417305245,0.9382111538626182
adaptive_dfe,combined,bidir_seed0,2,64,32,96,0,,,0.0688799657124691,0.08887767413340159,-0.0007246684199248363,0.9120569272620819
fixed_hybrid,fixed,bidir_seed0,3,32,32,32,6144,0.4459742339396706,0.4459742339396706,0.06478761952599703,0.0826748167617228,0.015415656120185278,0.9130630916510388
fixed_dfe,fixed,bidir_seed0,3,32,32,32,0,,,0.08997993931610374,0.11321528006900325,0.0007220908393344236,0.8664375981348366
adaptive_hybrid,random,bidir_seed0,3,32,16,48,6144,0.16524256736586276,0.26390606906241115,0.07162681998206029,0.09578116533468496,0.022092003978600422,0.8859036663951626
adaptive_dfe,random,bidir_seed0,3,32,16,48,0,,,0.0998782162664202,0.12872851345112613,0.00416331107742966,0.8398643265653274
adaptive_hybrid,width,bidir_seed0,3,32,16,48,6144,0.061064781492575534,0.5427924082435233,0.06622585579921421,0.09107492252355506,0.017851818781211386,0.8949448584419627
adaptive_dfe,width,bidir_seed0,3,32,16,48,0,,,0.10150878400499957,0.1317500036166581,0.0014764724530910334,0.8315402849409497
adaptive_hybrid,disagreement,bidir_seed0,3,32,16,48,6144,0.03508996179270854,0.5366656176958053,0.0661572584752367,0.08708672906640333,0.01639675129213791,0.9034194106525739
adaptive_dfe,disagreement,bidir_seed0,3,32,16,48,0,,,0.09076128027675348,0.11559815664588648,0.0027372198075883893,0.8578508024881711
adaptive_hybrid,combined,bidir_seed0,3,32,16,48,6144,0.07540237944834133,0.5555239247158217,0.06392341105616187,0.08330591792319039,0.013270326716464057,0.912883300416314
adaptive_dfe,combined,bidir_seed0,3,32,16,48,0,,,0.09425768137369896,0.11942322452339198,0.00697415763827622,0.8553230921244482
fixed_hybrid,fixed,bidir_seed0,3,64,64,64,8192,0.575518698143952,0.575518698143952,0.053237335979512496,0.06787929895889121,0.010177885034912765,0.9420041058956211
fixed_dfe,fixed,bidir_seed0,3,64,64,64,0,,,0.06386876122338608,0.08030898047777875,-0.002409109557490973,0.9263641817954643
fixed_dfe,fixed,bidir_seed0,3,128,128,128,0,,,0.04430747409498999,0.05598425495242081,0.0005322036865566458,0.9622623083142929
adaptive_hybrid,random,bidir_seed0,3,64,32,96,8192,0.48671193411540165,0.8012849799632862,0.055813374205056096,0.07124244131038066,0.010392502618301928,0.9345403761536684
adaptive_dfe,random,bidir_seed0,3,64,32,96,0,,,0.0713901207394277,0.0921004264574,-0.00012529672680314317,0.9082701223560111
adaptive_hybrid,width,bidir_seed0,3,64,32,96,8192,0.11777389194525312,0.8135905060318366,0.05663354203281627,0.08033153559748571,0.013033664987689871,0.9173304874133489
adaptive_dfe,width,bidir_seed0,3,64,32,96,0,,,0.07095308744141625,0.09215349778852888,0.0019260012229323066,0.9081035409234393
adaptive_hybrid,disagreement,bidir_seed0,3,64,32,96,8192,0.19688421025719233,0.7506930780881909,0.05586649776806805,0.07331515519624929,0.011892451852604137,0.9317532151977777
adaptive_dfe,disagreement,bidir_seed0,3,64,32,96,0,,,0.0685616471433874,0.08771639082798957,0.0005567469239905091,0.9119479611288602
adaptive_hybrid,combined,bidir_seed0,3,64,32,96,8192,0.356030240330587,0.7402246972091248,0.052360119852896986,0.06762519469241889,0.009240971974310102,0.9420225169997403
adaptive_dfe,combined,bidir_seed0,3,64,32,96,0,,,0.0695704609770377,0.08951473320875299,0.0032332515536201375,0.9114871889888314
fixed_hybrid,fixed,bidir_seed0,4,32,32,32,6144,0.3995693628986979,0.3995693628986979,0.06548434921646981,0.08403177328417052,0.01468617322408026,0.9100757616425827
fixed_dfe,fixed,bidir_seed0,4,32,32,32,0,,,0.09025283775196248,0.11328276313943618,0.0036672793313979155,0.8649788962684702
adaptive_hybrid,random,bidir_seed0,4,32,16,48,6144,0.2270698474162394,0.520751881978546,0.06668490496635367,0.08696022657668458,0.01400634041426674,0.9022140696341503
adaptive_dfe,random,bidir_seed0,4,32,16,48,0,,,0.10239991216326536,0.1324600766234286,0.00014338713563071735,0.8300365235892887
adaptive_hybrid,width,bidir_seed0,4,32,16,48,6144,0.2946810446623063,0.6004525804328557,0.06334530900509408,0.0821461122408997,0.013017636327876664,0.9131349046835786
adaptive_dfe,width,bidir_seed0,4,32,16,48,0,,,0.10176837562753391,0.13145965855287015,0.002427199966318547,0.8337927164754356
adaptive_hybrid,disagreement,bidir_seed0,4,32,16,48,6144,0.2540315140567325,0.5733489799388692,0.06410480095820856,0.08230976115643433,0.011058440104574936,0.9119772691116234
adaptive_dfe,disagreement,bidir_seed0,4,32,16,48,0,,,0.09189402926269741,0.11590344989737598,-0.0005076545310359489,0.8563981118363772
adaptive_hybrid,combined,bidir_seed0,4,32,16,48,6144,0.11329960177730783,0.744531851837163,0.06288640675556682,0.08213857344451865,0.006573817747915775,0.9107205918416349
adaptive_dfe,combined,bidir_seed0,4,32,16,48,0,,,0.09547796487012415,0.12108904831766226,0.004948694675313258,0.8491727669979521
fixed_hybrid,fixed,bidir_seed0,4,64,64,64,8192,0.6867416728634077,0.6867416728634077,0.05331473913447468,0.06678300100023643,0.008340924128496298,0.9423802164659799
fixed_dfe,fixed,bidir_seed0,4,64,64,64,0,,,0.06476463584251524,0.0817110094658989,0.0021016791329852174,0.9239606827794064
fixed_dfe,fixed,bidir_seed0,4,128,128,128,0,,,0.04425985098535579,0.05568507356057349,-0.0005567410059036717,0.9627588457028121
adaptive_hybrid,random,bidir_seed0,4,64,32,96,8192,0.5070287173255168,0.5470672982343867,0.05756952543180883,0.07348441707882465,0.01097306111157591,0.9310876554259385
adaptive_dfe,random,bidir_seed0,4,64,32,96,0,,,0.07137808082908609,0.09271950854812984,0.0011096156409217248,0.9053984802237323
adaptive_hybrid,width,bidir_seed0,4,64,32,96,8192,0.4258094045301915,0.7479683901421382,0.05326199659434897,0.06933087157856825,0.009047396281492297,0.9384868306418973
adaptive_dfe,width,bidir_seed0,4,64,32,96,0,,,0.07245724723937985,0.09360895231211319,0.0002777290668476512,0.9040425301236558
adaptive_hybrid,disagreement,bidir_seed0,4,64,32,96,8192,0.36917687454454545,0.7072891486052901,0.05361263928133758,0.06868340090381261,0.0073744231335353665,0.9396662465508346
adaptive_dfe,disagreement,bidir_seed0,4,64,32,96,0,,,0.06765141198411584,0.08645104734120561,-0.0014945510257449413,0.914105879773245
adaptive_hybrid,combined,bidir_seed0,4,64,32,96,8192,0.40234385582526044,0.7097546074695991,0.05323549404752728,0.06826685626664124,0.007035403760826983,0.9402376518159234
adaptive_dfe,combined,bidir_seed0,4,64,32,96,0,,,0.070151075479949,0.09046576356031036,0.0016573173604984442,0.9079691828588716
fixed_hybrid,fixed,bidir_seed1,0,32,32,32,6144,0.5565930994057555,0.5565930994057555,0.06551785922810409,0.08278173259563626,0.010822058842038967,0.9105616788420612
adaptive_hybrid,random,bidir_seed1,0,32,16,48,6144,0.31159323254139504,0.7657853536973388,0.06623688868907554,0.08522882348696585,0.01100050963790678,0.905168745268457
adaptive_dfe,random,bidir_seed1,0,32,16,48,0,,,0.10093601719813826,0.13148981422120865,-0.0010966922294486472,0.8317851889401252
adaptive_hybrid,width,bidir_seed1,0,32,16,48,6144,0.7463796751542018,0.5730790237877504,0.08010938574591243,0.10239878460443672,0.00908951574448106,0.8707525645011681
adaptive_dfe,width,bidir_seed1,0,32,16,48,0,,,0.10209473417135616,0.13187795578766262,0.0006704208657894463,0.8329782139312862
adaptive_hybrid,disagreement,bidir_seed1,0,32,16,48,6144,0.4839472255112904,0.7473934230837215,0.06724775946886881,0.08553214386479578,0.009472093850721192,0.9053905196345488
adaptive_dfe,disagreement,bidir_seed1,0,32,16,48,0,,,0.09252493558192833,0.1167678719099821,0.0021688500985936805,0.8560961501020584
adaptive_hybrid,combined,bidir_seed1,0,32,16,48,6144,0.2584751379794842,0.8242286603925535,0.06221704355250302,0.08150439603528105,0.007281372643665263,0.9132827496752738
adaptive_dfe,combined,bidir_seed1,0,32,16,48,0,,,0.09488333435913933,0.12096213556924137,0.0035846073737259548,0.8533672630620788
fixed_hybrid,fixed,bidir_seed1,0,64,64,64,8192,0.6736098969155394,0.6736098969155394,0.05266496761852474,0.0663782656756943,0.006902851492373299,0.9428293340095989
adaptive_hybrid,random,bidir_seed1,0,64,32,96,8192,0.520602566953851,0.9008203782554824,0.0584457779027329,0.07406002494786702,0.007819374777046858,0.9293458729070909
adaptive_dfe,random,bidir_seed1,0,64,32,96,0,,,0.07310697604734549,0.0946143093869781,0.00025706107742966137,0.9016356654367045
adaptive_hybrid,width,bidir_seed1,0,64,32,96,8192,0.40270164432785105,0.7034992901264681,0.05420339717633604,0.07160154020354197,0.012708882212402515,0.9348216141184738
adaptive_dfe,width,bidir_seed1,0,64,32,96,0,,,0.07098237506641202,0.09159433356814269,0.00013305314092172478,0.9088555974081396
adaptive_hybrid,disagreement,bidir_seed1,0,64,32,96,8192,0.27222448358883167,0.8114452832131254,0.053681908674113904,0.07037834035545341,0.008931936192051414,0.9358264413519228
adaptive_dfe,disagreement,bidir_seed1,0,64,32,96,0,,,0.06867625334462713,0.0885138152009702,-0.0005593245045809207,0.9119824655745785
adaptive_hybrid,combined,bidir_seed1,0,64,32,96,8192,0.43726933237401255,0.7612752270812155,0.0516193832147239,0.06680432348574,0.00872079527648762,0.9424531202453161
adaptive_dfe,combined,bidir_seed1,0,64,32,96,0,,,0.06819658394947294,0.08752737517368431,0.002618378868434952,0.9145356050293371
fixed_hybrid,fixed,bidir_seed1,1,32,32,32,6144,0.3624069911913286,0.3624069911913286,0.06702724478501539,0.0863239720278266,0.008520639480737445,0.9019144345217727
adaptive_hybrid,random,bidir_seed1,1,32,16,48,6144,0.16288696626004975,0.8225415674873109,0.06959453681758289,0.09109880093442545,0.007564307939165193,0.8896444309034873
adaptive_dfe,random,bidir_seed1,1,32,16,48,0,,,0.10071479300377033,0.13062471987745994,0.004680010812879396,0.8336464307005728
adaptive_hybrid,width,bidir_seed1,1,32,16,48,6144,0.16824546535955748,0.4842156836547342,0.0652571526567932,0.08705515869089643,0.009437487220539215,0.9011773506757461
adaptive_dfe,width,bidir_seed1,1,32,16,48,0,,,0.1017938116226572,0.13069336263489198,0.0019725041991227803,0.8429603948268695
adaptive_hybrid,disagreement,bidir_seed1,1,32,16,48,6144,0.30672625271922516,0.3604134028930512,0.06929812039198018,0.08987943021162972,0.008569166229713382,0.8928780725383512
adaptive_dfe,disagreement,bidir_seed1,1,32,16,48,0,,,0.09305698202156694,0.11760191918449364,-5.295876384018158e-05,0.854645559076826
adaptive_hybrid,combined,bidir_seed1,1,32,16,48,6144,0.06005891329372211,0.6159551773043115,0.0633751155804496,0.08127903037938904,0.003850510414818936,0.9137561855102192
adaptive_dfe,combined,bidir_seed1,1,32,16,48,0,,,0.09307981954909683,0.11842993010494045,0.004917692691186273,0.8602335232401691
fixed_hybrid,fixed,bidir_seed1,1,64,64,64,8192,0.6926934567489549,0.6926934567489549,0.052985089829791984,0.06605692069395963,0.0046235413505317825,0.9430983211483763
adaptive_hybrid,random,bidir_seed1,1,64,32,96,8192,0.405251982686685,0.8007655555425659,0.05596614134436199,0.07248310043783068,0.007166856713792471,0.9313588063200501
adaptive_dfe,random,bidir_seed1,1,64,32,96,0,,,0.07157717817943425,0.09281076931807779,0.0026028778763714606,0.9057245098669459
adaptive_hybrid,width,bidir_seed1,1,64,32,96,8192,0.5123136827605057,0.7180181070385573,0.05479309072276858,0.0711509596556175,0.005613421353583661,0.933745013064664
adaptive_dfe,width,bidir_seed1,1,64,32,96,0,,,0.07180301081475424,0.09417727865405516,0.000608416897535481,0.9038300952892968
adaptive_hybrid,disagreement,bidir_seed1,1,64,32,96,8192,0.5583584276312958,0.8327166683047618,0.054625621078343074,0.07003407965576842,0.003311491927883664,0.9359768103967124
adaptive_dfe,disagreement,bidir_seed1,1,64,32,96,0,,,0.0697157600107381,0.08941736498684619,0.00035006702981061385,0.9100189264723818
adaptive_hybrid,combined,bidir_seed1,1,64,32,96,8192,0.423722553699403,0.8242754028317829,0.05355180772316054,0.067843932889312,0.0025000317474452413,0.9396254192559677
adaptive_dfe,combined,bidir_seed1,1,64,32,96,0,,,0.07198080854310542,0.09188559496269592,0.002122347122403206,0.9063025649965302
fixed_hybrid,fixed,bidir_seed1,2,32,32,32,6144,0.3999952347569451,0.3999952347569451,0.06901753113166591,0.08669438173391056,0.011576963846463988,0.9099473431705994
adaptive_hybrid,random,bidir_seed1,2,32,16,48,6144,0.4788530300484425,0.03977921901952057,0.08737531207345639,0.10936283668593999,0.01405834473443095,0.8400312500763654
adaptive_dfe,random,bidir_seed1,2,32,16,48,0,,,0.09978476803806469,0.12954669608591607,0.0009184367388053209,0.836079836825291
adaptive_hybrid,width,bidir_seed1,2,32,16,48,6144,0.2057491150276965,0.5942590986120487,0.07208496176009901,0.09105138341746943,0.0053821411981794355,0.8979517219047023
adaptive_dfe,width,bidir_seed1,2,32,16,48,0,,,0.10045621795924727,0.13059536204038794,-0.0034115070442634634,0.8324446252110805
adaptive_hybrid,disagreement,bidir_seed1,2,32,16,48,6144,0.0006651183960638305,0.5715665334940283,0.07340463862682764,0.09189890624354748,0.009023572557211153,0.8954193403257725
adaptive_dfe,disagreement,bidir_seed1,2,32,16,48,0,,,0.09028082695067738,0.11419700557116688,0.0017761582996518824,0.8573391827744635
adaptive_hybrid,combined,bidir_seed1,2,32,16,48,6144,0.0753310282237306,0.5652600013488713,0.0738257698567463,0.09079232629187335,0.0032503377167954696,0.9021088207732406
adaptive_dfe,combined,bidir_seed1,2,32,16,48,0,,,0.09723445891326284,0.12402640598469768,-0.00044565056278198206,0.8413959754584261
fixed_hybrid,fixed,bidir_seed1,2,64,64,64,8192,0.6911047109034903,0.6911047109034903,0.05434781175296462,0.06785252166510533,0.005527614222847528,0.9406986352669737
adaptive_hybrid,random,bidir_seed1,2,64,32,96,8192,0.3232374323952141,0.9509523575123928,0.06069450547121876,0.07750306847996132,0.006838977893353083,0.9210739649571523
adaptive_dfe,random,bidir_seed1,2,64,32,96,0,,,0.07198787664578211,0.09388305178127017,0.0009959416991227837,0.9050292013567051
adaptive_hybrid,width,bidir_seed1,2,64,32,96,8192,0.4040623668570681,0.8249456790016279,0.05728517646113234,0.07404599219736564,0.00198450690762048,0.9307390933550654
adaptive_dfe,width,bidir_seed1,2,64,32,96,0,,,0.07168764505774355,0.09260059164423035,-2.195677971319547e-05,0.9067679677565363
adaptive_hybrid,disagreement,bidir_seed1,2,64,32,96,8192,0.26417201924356404,0.5938447583647998,0.061755021707232204,0.07715000368699952,0.00775125143688145,0.9329875526427808
adaptive_dfe,disagreement,bidir_seed1,2,64,32,96,0,,,0.06799178849043394,0.08685323181985757,-0.000910680324686741,0.9126727718453048
adaptive_hybrid,combined,bidir_seed1,2,64,32,96,8192,0.08604777157659468,0.6932662397786946,0.06626856337433826,0.0833345489199746,7.35138989777688e-05,0.919733494741836
adaptive_dfe,combined,bidir_seed1,2,64,32,96,0,,,0.07035882945391768,0.09027666145024284,-0.0008900123352687504,0.9081340773381157
fixed_hybrid,fixed,bidir_seed1,3,32,32,32,6144,0.4500182481734972,0.4500182481734972,0.0657406743774161,0.08394961899511375,0.01658637245615227,0.9107155139958149
adaptive_hybrid,random,bidir_seed1,3,32,16,48,6144,0.2104485758019657,0.4287260398286414,0.06982942506537573,0.09236861922613084,0.01984017416799813,0.8923286295336997
adaptive_dfe,random,bidir_seed1,3,32,16,48,0,,,0.1016431708460447,0.13175536119707174,0.0004844089610275437,0.8321052761633771
adaptive_hybrid,width,bidir_seed1,3,32,16,48,6144,0.11640750716748913,0.5866875359875944,0.06667807110930739,0.09129369514498388,0.018588489574571876,0.8941155153601491
adaptive_dfe,width,bidir_seed1,3,32,16,48,0,,,0.09952261372932564,0.1290130166754039,0.0030369056541492347,0.8403977284382944
adaptive_hybrid,disagreement,bidir_seed1,3,32,16,48,6144,0.0006832791594897622,0.5714607167475909,0.06784659667471404,0.08908250250698549,0.017682589029269807,0.8986142232395921
adaptive_dfe,disagreement,bidir_seed1,3,32,16,48,0,,,0.09324330758862691,0.1182128619432288,0.0024478679557365375,0.8513679170400441
adaptive_hybrid,combined,bidir_seed1,3,32,16,48,6144,0.2267721805942032,0.5956005486832576,0.06329299964500858,0.08184472204323083,0.013798245691728533,0.9145725287074362
adaptive_dfe,combined,bidir_seed1,3,32,16,48,0,,,0.09614759671413119,0.12214885684031437,0.0062714459980645785,0.8512426795066234
fixed_hybrid,fixed,bidir_seed1,3,64,64,64,8192,0.5790170657968783,0.5790170657968783,0.05385490010803417,0.06871433194402991,0.011052369495079529,0.9408357710662006
adaptive_hybrid,random,bidir_seed1,3,64,32,96,8192,0.3273120594164137,0.578821956359518,0.060064316214883694,0.0785087162928015,0.01555121420212283,0.9234602273872584
adaptive_dfe,random,bidir_seed1,3,64,32,96,0,,,0.07156704644310391,0.09163851346358455,-0.0014893840283904444,0.9089734073172769
adaptive_hybrid,width,bidir_seed1,3,64,32,96,8192,0.4526106641567533,0.6940925812884311,0.05495490808185658,0.07159028874902058,0.01104434916903419,0.9348987028375442
adaptive_dfe,width,bidir_seed1,3,64,32,96,0,,,0.0708980996459821,0.09109417144242453,-0.0015152190151629305,0.9087363008717998
adaptive_hybrid,disagreement,bidir_seed1,3,64,32,96,8192,0.3438052885931003,0.8090180689290417,0.05450910436564785,0.07031235366279874,0.010968987098749597,0.9368248172182553
adaptive_dfe,disagreement,bidir_seed1,3,64,32,96,0,,,0.06912505329480623,0.08873238672050339,0.0028405597546783392,0.9091607748764666
adaptive_hybrid,combined,bidir_seed1,3,64,32,96,8192,0.19223067737829047,0.8734510254686165,0.05363303453213806,0.07111430432456253,0.004938869389398677,0.9338494270599692
adaptive_dfe,combined,bidir_seed1,3,64,32,96,0,,,0.07115238484502745,0.0915040865708781,0.0016883193446254289,0.9080377636456046
fixed_hybrid,fixed,bidir_seed1,4,32,32,32,6144,0.40761358030357836,0.40761358030357836,0.0664384094813375,0.08526710479031219,0.01592371575589389,0.907802517578069
adaptive_hybrid,random,bidir_seed1,4,32,16,48,6144,0.29093178668100045,0.7782914500731264,0.06758894961350881,0.08717865536586314,0.010528901067894716,0.8996701925764826
adaptive_dfe,random,bidir_seed1,4,32,16,48,0,,,0.10143725798531834,0.1315058396488645,-0.002708795404051822,0.834415045253149
adaptive_hybrid,width,bidir_seed1,4,32,16,48,6144,0.37851340505854264,0.5670552415777762,0.06609432973637445,0.08445698807783993,0.014355476026618495,0.9076640646181224
adaptive_dfe,width,bidir_seed1,4,32,16,48,0,,,0.10066628270159186,0.13037540168531922,0.003873959225577807,0.8385184832434427
adaptive_hybrid,disagreement,bidir_seed1,4,32,16,48,6144,0.0,0.5469863779108513,0.06818152536632244,0.08939305935758812,0.013160333780404281,0.8959908177782158
adaptive_dfe,disagreement,bidir_seed1,4,32,16,48,0,,,0.09125715986611174,0.115287108255999,0.00035006702981061195,0.857057608599804
adaptive_hybrid,combined,bidir_seed1,4,32,16,48,6144,0.012804313134085447,0.601235511331993,0.06481506800855652,0.08499473484761101,0.008522633611554383,0.906575060399363
adaptive_dfe,combined,bidir_seed1,4,32,16,48,0,,,0.09526820648978981,0.12093474390966016,0.001218122585366166,0.8490031729929836
fixed_hybrid,fixed,bidir_seed1,4,64,64,64,8192,0.691386425467255,0.691386425467255,0.053745474953553765,0.06738023740751171,0.00897003935478493,0.9414469522712001
adaptive_hybrid,random,bidir_seed1,4,64,32,96,8192,0.43403394385876953,0.33738852267827146,0.06403728297591407,0.08350094142775469,0.015018048567433247,0.912304032487444
adaptive_dfe,random,bidir_seed1,4,64,32,96,0,,,0.0720972987156726,0.09389480605885903,0.0005102439478000322,0.9035130495336153
adaptive_hybrid,width,bidir_seed1,4,64,32,96,8192,0.490284027084229,0.7091750087218385,0.05446874892442943,0.07082167304325887,0.010275038922165683,0.9358492951102135
adaptive_dfe,width,bidir_seed1,4,64,32,96,0,,,0.07149082655826258,0.09302220006183975,0.0014713054557365399,0.9050825499605968
adaptive_hybrid,disagreement,bidir_seed1,4,64,32,96,8192,0.4076850064273959,0.7687228257034892,0.053335581311041116,0.06866707430872546,0.0067965540335379,0.9388755016592498
adaptive_dfe,disagreement,bidir_seed1,4,64,32,96,0,,,0.06837609489990407,0.08806226537977543,-0.0011380282082846245,0.912090008352037
adaptive_hybrid,combined,bidir_seed1,4,64,32,96,8192,0.3580660635102386,0.8504984541564203,0.05346758280185611,0.06955986465993082,0.005436995723546259,0.9368833653682891
adaptive_dfe,combined,bidir_seed1,4,64,32,96,0,,,0.07074531539042711,0.09115062241808822,0.0037964542652603487,0.9058908821549665
fixed_hybrid,fixed,bidir_seed2,0,32,32,32,6144,0.5502866749919868,0.5502866749919868,0.06480570034239033,0.08175576656045924,0.009963351313197753,0.9127817257833849
adaptive_hybrid,random,bidir_seed2,0,32,16,48,6144,0.33874977008022505,0.7012231544265658,0.06586878243488645,0.08415471467992582,0.011366782985186636,0.907675782291092
adaptive_dfe,random,bidir_seed2,0,32,16,48,0,,,0.10055531356323551,0.13092480144056243,9.171716208574493e-05,0.8347417591496678
adaptive_hybrid,width,bidir_seed2,0,32,16,48,6144,0.4255104975290943,0.6094393615010835,0.06524088312262054,0.08318687332564481,0.012817540749133922,0.9104165374508155
adaptive_dfe,width,bidir_seed2,0,32,16,48,0,,,0.09967783857420304,0.12923587425865843,0.0018484962626148425,0.8415926529546803
adaptive_hybrid,disagreement,bidir_seed2,0,32,16,48,6144,0.41152067602619624,0.8677368760431614,0.06782467076885887,0.08584702229177785,0.006743620665341679,0.9062655956181246
adaptive_dfe,disagreement,bidir_seed2,0,32,16,48,0,,,0.09233225911434385,0.11672329952781939,0.0013731325060010876,0.8558985464486467
adaptive_hybrid,combined,bidir_seed2,0,32,16,48,6144,0.2368167757166494,0.7143674586533916,0.06037420690644933,0.07885570252707717,0.008566826763391969,0.918438078639851
adaptive_dfe,combined,bidir_seed2,0,32,16,48,0,,,0.09441325210020064,0.12039108340321072,0.0010837806541492353,0.853318063999007
fixed_hybrid,fixed,bidir_seed2,0,64,64,64,8192,0.6622192807850056,0.6622192807850056,0.05226470239987046,0.06579210856850175,0.006456950858430372,0.9438052062541026
adaptive_hybrid,random,bidir_seed2,0,64,32,96,8192,0.5122828534712977,0.7907482454044902,0.055020537643198295,0.07044722648694599,0.007395948430838957,0.9357105525603583
adaptive_dfe,random,bidir_seed2,0,64,32,96,0,,,0.07125117625454785,0.09173221684321445,-0.0017994038696602858,0.9094366480455408
adaptive_hybrid,width,bidir_seed2,0,64,32,96,8192,0.35314953653345976,0.6275209787120412,0.053874699847679015,0.07161927845040489,0.012448741490341442,0.934940477913407
adaptive_dfe,width,bidir_seed2,0,64,32,96,0,,,0.07193534417144422,0.09340447133235956,-0.0012517021500835657,0.9051760538321239
adaptive_hybrid,disagreement,bidir_seed2,0,64,32,96,8192,0.6112697885118139,0.9525411443101002,0.05615916406734608,0.07128024618396643,0.003501438422208741,0.9363599553522574
adaptive_dfe,disagreement,bidir_seed2,0,64,32,96,0,,,0.06751075726391738,0.08682039701537628,-0.0001304637241576402,0.9160373455420016
adaptive_hybrid,combined,bidir_seed2,0,64,32,96,8192,0.27574147094934587,1.0,0.05374444664766783,0.07041571455263844,0.0029684439794542905,0.9358282982235763
adaptive_dfe,combined,bidir_seed2,0,64,32,96,0,,,0.0696842751315445,0.08951879658162266,-0.00018730069505711072,0.9105414215896722
fixed_hybrid,fixed,bidir_seed2,1,32,32,32,6144,0.34820129981573267,0.34820129981573267,0.06600741924170422,0.08520337585086916,0.00726564356605098,0.904068277251923
adaptive_hybrid,random,bidir_seed2,1,32,16,48,6144,0.32572573093918206,0.4063847995289459,0.06602265498710863,0.08536657344161737,0.007478173081509045,0.9033670949354329
adaptive_dfe,random,bidir_seed2,1,32,16,48,0,,,0.09948888702056909,0.12883040503740745,0.0014764724530910351,0.8405071629030786
adaptive_hybrid,width,bidir_seed2,1,32,16,48,6144,0.101443840501893,0.5809835152697975,0.06336847277391919,0.08551726543593784,0.008275920281065146,0.9040753988802336
adaptive_dfe,width,bidir_seed2,1,32,16,48,0,,,0.10026252701097518,0.13044044102458374,0.002819891765260346,0.8399466077852975
adaptive_hybrid,disagreement,bidir_seed2,1,32,16,48,6144,0.29556844201874666,0.5674547533084829,0.06323202183274053,0.08083700259284125,0.006261840580681037,0.9135523572640244
adaptive_dfe,disagreement,bidir_seed2,1,32,16,48,0,,,0.08960500122639277,0.11349350776380185,0.0018278282731968546,0.863167446408926
adaptive_hybrid,combined,bidir_seed2,1,32,16,48,6144,0.056003654937049924,0.5911541543723369,0.06215590571543444,0.0802409312176444,0.003874148694012556,0.9158956935107878
adaptive_dfe,combined,bidir_seed2,1,32,16,48,0,,,0.09569531115678648,0.12149373899883384,0.0036052753631439444,0.8525342109822732
fixed_hybrid,fixed,bidir_seed2,1,64,64,64,8192,0.6794346867740089,0.6794346867740089,0.052443193867317814,0.06541423994115435,0.004080275547993015,0.9441835728882897
adaptive_hybrid,random,bidir_seed2,1,64,32,96,8192,0.5758923645422076,0.5333880887116998,0.057207249656587716,0.072787274040646,0.00553652392320525,0.9304615878774076
adaptive_dfe,random,bidir_seed2,1,64,32,96,0,,,0.0708786007639011,0.09173726549390943,0.0011664526118211965,0.9084245425609973
adaptive_hybrid,width,bidir_seed2,1,64,32,96,8192,0.36480528873097584,0.7912701473940178,0.05219832750509576,0.06907503017924627,0.005555318876432518,0.9379395732315319
adaptive_dfe,width,bidir_seed2,1,64,32,96,0,,,0.07180151601307212,0.0932753330051878,0.0016469833657894498,0.9063275450961337
adaptive_hybrid,disagreement,bidir_seed2,1,64,32,96,8192,0.46309230927230566,0.7230312410053943,0.053706565194133096,0.069047099698463,0.003349926898045092,0.9374847634188201
adaptive_dfe,disagreement,bidir_seed2,1,64,32,96,0,,,0.06809618558042323,0.08749522961433816,-7.36267532581691e-05,0.9115905271530668
adaptive_hybrid,combined,bidir_seed2,1,64,32,96,8192,0.41115848897298685,0.7579133297877048,0.051347882990120323,0.06561457341321479,0.0026251370219052337,0.9438132505544652
adaptive_dfe,combined,bidir_seed2,1,64,32,96,0,,,0.06895687804919565,0.08824679460948369,0.0019053332335143178,0.9132868141645225
fixed_hybrid,fixed,bidir_seed2,2,32,32,32,6144,0.38767249132385867,0.38767249132385867,0.06805253729499089,0.08554099807575484,0.010762244617090792,0.9121207977409388
adaptive_hybrid,random,bidir_seed2,2,32,16,48,6144,0.5517692390824758,0.35868636728419445,0.07453968435941206,0.09409882366409278,0.007982189792004922,0.8815466428396957
adaptive_dfe,random,bidir_seed2,2,32,16,48,0,,,0.10052028408695367,0.12922626963221862,-0.0027087954040518215,0.8387442674329518
adaptive_hybrid,width,bidir_seed2,2,32,16,48,6144,0.08452038192875005,0.4443839105668157,0.07650842703650752,0.0959297364278993,0.008355878833400643,0.8926939028795422
adaptive_dfe,width,bidir_seed2,2,32,16,48,0,,,0.1021622804519548,0.13336810873797034,0.001621148379016959,0.8301333595046219
adaptive_hybrid,disagreement,bidir_seed2,2,32,16,48,6144,0.0,0.547470471237186,0.07205633860785063,0.09040926691670585,0.008205614937158717,0.8986788836404039
adaptive_dfe,disagreement,bidir_seed2,2,32,16,48,0,,,0.09101955358384956,0.1157003118918881,-0.0020577537373851554,0.8571681692679582
adaptive_hybrid,combined,bidir_seed2,2,32,16,48,6144,0.014465648229787374,0.5220831866752628,0.07325299679623162,0.09022355309790366,0.0022813870042895676,0.9056923718411859
adaptive_dfe,combined,bidir_seed2,2,32,16,48,0,,,0.09457802329650987,0.12164261381989375,-0.001437714054845474,0.8451826578646473
fixed_hybrid,fixed,bidir_seed2,2,64,64,64,8192,0.6822152227742649,0.6822152227742649,0.05387562728746365,0.0672696180583622,0.00515885520190984,0.941706818972953
adaptive_hybrid,random,bidir_seed2,2,64,32,96,8192,0.6908258223018824,0.5501982952537491,0.060683192376712485,0.0763350777516089,0.0054005891121954915,0.9237107920745902
adaptive_dfe,random,bidir_seed2,2,64,32,96,0,,,0.07072901951023451,0.0918090450349446,-0.0022696006289195446,0.907373829408499
adaptive_hybrid,width,bidir_seed2,2,64,32,96,8192,0.5330887034689588,0.6079141516349097,0.05809167384669706,0.07340465591785603,0.0069401588237009235,0.9327984251846708
adaptive_dfe,width,bidir_seed2,2,64,32,96,0,,,0.07180838313670682,0.09354425695777749,0.0007995957996518839,0.9038506377045217
adaptive_hybrid,disagreement,bidir_seed2,2,64,32,96,8192,0.4857773912710544,0.6535462087138865,0.05583795586831392,0.07069977487033104,0.006158012826603101,0.9379576606509934
adaptive_dfe,disagreement,bidir_seed2,2,64,32,96,0,,,0.06872542356522802,0.08834051139704913,-0.000357811607755523,0.9119106740777494
adaptive_hybrid,combined,bidir_seed2,2,64,32,96,8192,0.4054187654625673,0.6567603151396953,0.05737402097667043,0.07178323028090905,0.0022643497738265906,0.9381858766918739
adaptive_dfe,combined,bidir_seed2,2,64,32,96,0,,,0.07003885500746528,0.09018343261868773,-0.0021352586977026133,0.9083965468623396
fixed_hybrid,fixed,bidir_seed2,3,32,32,32,6144,0.4442056124498744,0.4442056124498744,0.06468963490933521,0.08255367692852122,0.015558140267803408,0.9133310051745507
adaptive_hybrid,random,bidir_seed2,3,32,16,48,6144,0.024385009854023112,0.6094791864583398,0.07152022313709654,0.09656769695743268,0.019012666473757663,0.8786225370535409
adaptive_dfe,random,bidir_seed2,3,32,16,48,0,,,0.10163250343477422,0.13048614084109825,0.00016405512504870677,0.8384089264264198
adaptive_hybrid,width,bidir_seed2,3,32,16,48,6144,0.0,0.5327592951517268,0.06816262028518522,0.09452872535074439,0.019726578037622226,0.8864102173486637
adaptive_dfe,width,bidir_seed2,3,32,16,48,0,,,0.09949278284514708,0.1296578769922752,0.0043493229821915625,0.8395571743349098
adaptive_hybrid,disagreement,bidir_seed2,3,32,16,48,6144,0.15964819396125865,0.525775692732036,0.06463912321635201,0.08440714609954938,0.017171276556165564,0.9102978313719063
adaptive_dfe,disagreement,bidir_seed2,3,32,16,48,0,,,0.09194050114059812,0.11662892508973,0.005114038590657173,0.8571185606236805
adaptive_hybrid,combined,bidir_seed2,3,32,16,48,6144,0.003364760527292498,0.849212484542934,0.0666039133217923,0.08748014474645284,0.005969474185434185,0.8979290299394915
adaptive_dfe,combined,bidir_seed2,3,32,16,48,0,,,0.09650437341616169,0.12219270608207407,0.006478125892244475,0.8497673054369188
fixed_hybrid,fixed,bidir_seed2,3,64,64,64,8192,0.5733484903740129,0.5733484903740129,0.05320525953741914,0.06785747723085073,0.010315607001426117,0.9420234597826208
adaptive_hybrid,random,bidir_seed2,3,64,32,96,8192,0.42423749396028887,0.6642429819202599,0.05526203223598065,0.07165638689119816,0.013523297134928051,0.9353395679259257
adaptive_dfe,random,bidir_seed2,3,64,32,96,0,,,0.07036287534770076,0.09103078769875064,0.0022153530747841587,0.9110566523197505
adaptive_hybrid,width,bidir_seed2,3,64,32,96,8192,0.4213962475226145,0.649579089516012,0.05467512068321994,0.07114019420434556,0.013035281455834226,0.9364775517592474
adaptive_dfe,width,bidir_seed2,3,64,32,96,0,,,0.07205123775798788,0.09353560978506406,0.0023755299927735777,0.9068006808078704
adaptive_hybrid,disagreement,bidir_seed2,3,64,32,96,8192,0.6507106515270172,0.7055331441581622,0.055368833055221,0.07069181561768252,0.008813626057525097,0.935257309588422
adaptive_dfe,disagreement,bidir_seed2,3,64,32,96,0,,,0.06737901031214585,0.0874162865054123,0.00043790598483706925,0.9143982783454584
adaptive_hybrid,combined,bidir_seed2,3,64,32,96,8192,0.21951756447447354,0.7962533376822093,0.051498645815122715,0.06790823074486649,0.007936913371235131,0.9410489742160277
adaptive_dfe,combined,bidir_seed2,3,64,32,96,0,,,0.0690841755408439,0.0887614786571642,0.0036104423604984446,0.914055497093225
fixed_hybrid,fixed,bidir_seed2,4,32,32,32,6144,0.3994773814719331,0.3994773814719331,0.06537223599949529,0.08391506456673492,0.014770206017183799,0.9103286452370053
adaptive_hybrid,random,bidir_seed2,4,32,16,48,6144,0.4229582938557372,0.45000918352513664,0.06918017013433783,0.08877219142771423,0.013256448786942224,0.8964275892938148
adaptive_dfe,random,bidir_seed2,4,32,16,48,0,,,0.10499822386175829,0.1360441796229685,0.0017658243049428878,0.8259747282343417
adaptive_hybrid,width,bidir_seed2,4,32,16,48,6144,0.1605909115609246,0.5175432677397998,0.06433632376604109,0.08623243428907952,0.014035296723802356,0.9050760203098629
adaptive_dfe,width,bidir_seed2,4,32,16,48,0,,,0.1038720621511823,0.13375624751684545,0.0005567469239905044,0.8302472113452669
adaptive_hybrid,disagreement,bidir_seed2,4,32,16,48,6144,0.45916800350178816,0.5373150438229377,0.06575781584246217,0.0835290129812191,0.012301121661632893,0.9089295780467183
adaptive_dfe,disagreement,bidir_seed2,4,32,16,48,0,,,0.09131387625475999,0.11455764311044171,0.003377927479546062,0.860196935542515
adaptive_hybrid,combined,bidir_seed2,4,32,16,48,6144,0.11104029978504822,0.627263202859897,0.06215295950324348,0.08138077708492962,0.007926161890691003,0.9139036462196553
adaptive_dfe,combined,bidir_seed2,4,32,16,48,0,,,0.09544808046076764,0.12080934799454587,0.004948694675313257,0.8505126463315369
fixed_hybrid,fixed,bidir_seed2,4,64,64,64,8192,0.689605070831038,0.689605070831038,0.05333026239402853,0.06678981672667747,0.008326455041900709,0.9423621255354016
adaptive_hybrid,random,bidir_seed2,4,64,32,96,8192,0.40929479720436845,0.8419998932041437,0.05625870677433389,0.0722515386496248,0.008119237626022593,0.9319895623679569
adaptive_dfe,random,bidir_seed2,4,64,32,96,0,,,0.07244244731824706,0.09433484885961657,0.0007169238419799262,0.9008661685217837
adaptive_hybrid,width,bidir_seed2,4,64,32,96,8192,0.45337540251574265,0.6629513399154388,0.05405984335577108,0.06932500225512939,0.009546911418865482,0.9389974868387462
adaptive_dfe,width,bidir_seed2,4,64,32,96,0,,,0.0711034524911108,0.09237422963345238,-0.00022346967653859295,0.9062236751951916
adaptive_hybrid,disagreement,bidir_seed2,4,64,32,96,8192,0.23010940092897028,0.8401429429867953,0.055676367488424396,0.07234724818100532,0.006829949139145391,0.9315894174965591
adaptive_dfe,disagreement,bidir_seed2,4,64,32,96,0,,,0.06944364135796648,0.08876260444932418,0.0010114426911862753,0.9104603038528577
adaptive_hybrid,combined,bidir_seed2,4,64,32,96,8192,0.170995912473673,0.6792138286051516,0.05413891677050854,0.0707530996827498,0.007302342913996882,0.9374521684317265
adaptive_dfe,combined,bidir_seed2,4,64,32,96,0,,,0.06842684307537245,0.08731938195263063,0.0014868064478000312,0.9147081366104655
fixed_hybrid,fixed,bidir_seed3,0,32,32,32,6144,0.5605390197034141,0.5605390197034141,0.06509462438615685,0.08199291154938394,0.00934108595528701,0.9120955304060548
adaptive_hybrid,random,bidir_seed3,0,32,16,48,6144,0.33404464062078104,0.715025705103483,0.06679161133253303,0.08527540689030788,0.011132426357278548,0.9049269482401485
adaptive_dfe,random,bidir_seed3,0,32,16,48,0,,,0.10079644632737632,0.13058442283731336,-0.0005593245045809228,0.834801732465803
adaptive_hybrid,width,bidir_seed3,0,32,16,48,6144,0.40931968062062324,0.6453124279550616,0.06487052978695299,0.08358932328986958,0.011282616514505479,0.908934502189234
adaptive_dfe,width,bidir_seed3,0,32,16,48,0,,,0.10164176498751636,0.13168012983548796,-0.00037331259981901986,0.835616253288802
adaptive_hybrid,disagreement,bidir_seed3,0,32,16,48,6144,0.24218979013216807,0.6489691557058423,0.06409503334346289,0.0827155966906351,0.011430381414358528,0.9104630249096524
adaptive_dfe,disagreement,bidir_seed3,0,32,16,48,0,,,0.09185063454788178,0.11589288048444565,0.0009184367388053212,0.8570644141575366
adaptive_hybrid,combined,bidir_seed3,0,32,16,48,6144,0.0963808201130033,0.8571764029084951,0.06216944835487917,0.08181275421939453,0.004787620012224293,0.9117431023888136
adaptive_dfe,combined,bidir_seed3,0,32,16,48,0,,,0.09414743100386606,0.11838842912715822,0.002334194013937595,0.8569252595249691
fixed_hybrid,fixed,bidir_seed3,0,64,64,64,8192,0.6745373818507584,0.6745373818507584,0.05233338773624347,0.06584363036927617,0.005861897336725004,0.94362666339189
adaptive_hybrid,random,bidir_seed3,0,64,32,96,8192,0.4303941380600021,0.8109313729633219,0.056324317280071486,0.0726003686165955,0.009058297656137599,0.931583867216643
adaptive_dfe,random,bidir_seed3,0,64,32,96,0,,,0.07210529927243159,0.09363071480634941,-0.0003939805892370051,0.9037214276764739
adaptive_hybrid,width,bidir_seed3,0,64,32,96,8192,0.5079692547076538,0.7456875466961208,0.05371310014227498,0.06905520240067071,0.009833510308579605,0.9385656570323053
adaptive_dfe,width,bidir_seed3,0,64,32,96,0,,,0.07047433492163364,0.09166875886566546,0.0008977687493873333,0.9068044721790732
adaptive_hybrid,disagreement,bidir_seed3,0,64,32,96,8192,0.41931064163377696,0.9218522071795328,0.05421571934345031,0.06997485935057499,0.006926131450762427,0.9368805173890632
adaptive_dfe,disagreement,bidir_seed3,0,64,32,96,0,,,0.06865590401905436,0.08858324487653303,0.002055176156794741,0.9117473300054136
adaptive_hybrid,combined,bidir_seed3,0,64,32,96,8192,0.40985241998401234,0.9588713685021645,0.0532308207431723,0.06842695857936273,0.004300722372293136,0.9395899539225173
adaptive_dfe,combined,bidir_seed3,0,64,32,96,0,,,0.07030526171968116,0.09042991475569073,0.0025047049266360105,0.9095999742520864
fixed_hybrid,fixed,bidir_seed3,1,32,32,32,6144,0.36186641163875993,0.36186641163875993,0.06597556267351061,0.0848148081053354,0.006629116338413061,0.9049543188196081
adaptive_hybrid,random,bidir_seed3,1,32,16,48,6144,0.17441460992249902,0.5640414821629531,0.06648092137414484,0.0868532089234674,0.006485174582469601,0.8995029364498471
adaptive_dfe,random,bidir_seed3,1,32,16,48,0,,,0.1015229986034452,0.13179357394659533,0.0020241741726677548,0.8314400373157876
adaptive_hybrid,width,bidir_seed3,1,32,16,48,6144,0.02912209022518994,0.47802178930980677,0.06786304271381732,0.09083874084529074,0.008127152118020172,0.8915083721806656
adaptive_dfe,width,bidir_seed3,1,32,16,48,0,,,0.10386992672152778,0.1330269897851605,0.0037602852837788645,0.8350253801862269
adaptive_hybrid,disagreement,bidir_seed3,1,32,16,48,6144,0.4045596924060117,0.46608963522978936,0.06574424652623499,0.08420067588772456,0.00594523454464613,0.9057471332237855
adaptive_dfe,disagreement,bidir_seed3,1,32,16,48,0,,,0.0901918014685165,0.11443070163995044,0.000908102744096326,0.8608277572858934
adaptive_hybrid,combined,bidir_seed3,1,32,16,48,6144,0.0,0.6710397304246343,0.0628536504082048,0.08068749725653994,0.0005326567147278174,0.9144767054881137
adaptive_dfe,combined,bidir_seed3,1,32,16,48,0,,,0.09331714306593375,0.1182050078176304,0.002675215839334421,0.8591771682853411
fixed_hybrid,fixed,bidir_seed3,1,64,64,64,8192,0.6889966060010412,0.6889966060010412,0.05257943573505116,0.06555319543584529,0.00374368559289979,0.943921920678039
adaptive_hybrid,random,bidir_seed3,1,64,32,96,8192,0.44562906966710886,0.775510063470881,0.053742795585492525,0.06915973301589069,0.0034110361723222716,0.9372544517485674
adaptive_dfe,random,bidir_seed3,1,64,32,96,0,,,0.06981426223659169,0.09086962905365116,-0.0006368294648983812,0.9086753168519076
adaptive_hybrid,width,bidir_seed3,1,64,32,96,8192,0.2676848566256545,0.7662053652914493,0.05322363835410897,0.07112346026848061,0.006117335812369832,0.9351762650088788
adaptive_dfe,width,bidir_seed3,1,64,32,96,0,,,0.07130299680915576,0.0934497743126834,0.001564311408117493,0.904958823873115
adaptive_hybrid,disagreement,bidir_seed3,1,64,32,96,8192,0.6637401235362498,0.5166254918043749,0.05858908060805419,0.07492363731300726,0.0038447364811821446,0.9259246694194863
adaptive_dfe,disagreement,bidir_seed3,1,64,32,96,0,,,0.06675541361488363,0.08623253894726818,-0.001158696197702614,0.9150355094713639
adaptive_hybrid,combined,bidir_seed3,1,64,32,96,8192,0.16265934825240747,0.7747153378531665,0.05202211949144162,0.06733396226262314,0.00046790083670281005,0.9417363288321001
adaptive_dfe,combined,bidir_seed3,1,64,32,96,0,,,0.06876411493596615,0.08810804597258062,0.0031919155747841582,0.9143819462821454
fixed_hybrid,fixed,bidir_seed3,2,32,32,32,6144,0.39953094319767674,0.39953094319767674,0.06815503189289178,0.08543963110139029,0.010177149377588207,0.9119757645841503
adaptive_hybrid,random,bidir_seed3,2,32,16,48,6144,0.24140889296032458,0.5329418948613237,0.06964124111815631,0.08786409876051794,0.01057014316918175,0.9053273842897355
adaptive_dfe,random,bidir_seed3,2,32,16,48,0,,,0.10152467571028936,0.1316610208693964,0.0009701067123502951,0.8352907089773021
adaptive_hybrid,width,bidir_seed3,2,32,16,48,6144,0.3012142222119941,0.5444817915321671,0.0676165840442338,0.08564787693185903,0.006552863320661733,0.909379151856699
adaptive_dfe,width,bidir_seed3,2,32,16,48,0,,,0.10054672216545672,0.13105501794932686,0.0014661384583820388,0.8373998706376907
adaptive_hybrid,disagreement,bidir_seed3,2,32,16,48,6144,0.24381928859130483,0.47407453982145725,0.06935868581310606,0.08714028006879183,0.009293495021116824,0.9094510410529055
adaptive_dfe,disagreement,bidir_seed3,2,32,16,48,0,,,0.09282153858014792,0.11807073684067132,0.00018472311446669643,0.8509158782079971
adaptive_hybrid,combined,bidir_seed3,2,32,16,48,6144,0.16714392921664256,0.6939759113401645,0.0691603327467787,0.08528468834819052,-0.001559821721042865,0.9074399913084933
adaptive_dfe,combined,bidir_seed3,2,32,16,48,0,,,0.09715543988668336,0.12459016666258864,-0.0017373999014063206,0.8420609894673002
fixed_hybrid,fixed,bidir_seed3,2,64,64,64,8192,0.6877292636960426,0.6877292636960426,0.054010860930734074,0.06740977172841998,0.004861717704420503,0.9413730160761153
adaptive_hybrid,random,bidir_seed3,2,64,32,96,8192,0.487216962982126,0.6528055077044959,0.05619124861562739,0.07117783346860004,0.006835256999465626,0.937151723797474
adaptive_dfe,random,bidir_seed3,2,64,32,96,0,,,0.07078547905588513,0.09193384441903427,-0.0006988334331523486,0.9093264673260082
adaptive_hybrid,width,bidir_seed3,2,64,32,96,8192,0.4277558606715761,0.6314463140604062,0.05813916812006046,0.07324490232872821,0.004249868005771752,0.9360927307046627
adaptive_dfe,width,bidir_seed3,2,64,32,96,0,,,0.07178923574943961,0.09353243009746105,-0.0014377140548454705,0.9047280869820468
adaptive_hybrid,disagreement,bidir_seed3,2,64,32,96,8192,0.38508246129886203,0.7072285396457607,0.057068626553125834,0.07176227535194545,0.00401806379260065,0.9362787095215186
adaptive_dfe,disagreement,bidir_seed3,2,64,32,96,0,,,0.06930606667489483,0.08926851111020906,-0.0022489326395015554,0.9085797632358039
adaptive_hybrid,combined,bidir_seed3,2,64,32,96,8192,0.3206012043948444,0.8248038225843681,0.057476098920776854,0.07199246913204602,-0.003248047223737812,0.9351950395263754
adaptive_dfe,combined,bidir_seed3,2,64,32,96,0,,,0.07034527937753529,0.09082619247176785,-0.0013912110786549938,0.9072170515677602
fixed_hybrid,fixed,bidir_seed3,3,32,32,32,6144,0.45760196932031016,0.45760196932031016,0.06483270513389108,0.08244975563091245,0.014775489033775199,0.9132862865533607
adaptive_hybrid,random,bidir_seed3,3,32,16,48,6144,0.3903917912453758,0.5384716739384348,0.06657524300629857,0.08557302870418156,0.014636012579600064,0.9049931461536432
adaptive_dfe,random,bidir_seed3,3,32,16,48,0,,,0.1001354388082055,0.13046758324252858,0.0008254307864243685,0.8376341545552493
adaptive_hybrid,width,bidir_seed3,3,32,16,48,6144,0.0,0.5381008123059745,0.06886566120112461,0.09428772109446375,0.016537319295351453,0.8853406299107573
adaptive_dfe,width,bidir_seed3,3,32,16,48,0,,,0.100320671510725,0.12926742129304097,0.0003087310509746317,0.8426411187577726
adaptive_hybrid,disagreement,bidir_seed3,3,32,16,48,6144,0.013401805410678813,0.5162001963045677,0.06703746177452172,0.0882649802637267,0.017003705830898955,0.9013888720957774
adaptive_dfe,disagreement,bidir_seed3,3,32,16,48,0,,,0.09255442284195432,0.11756508098293028,0.00414264308801167,0.8529626498595472
adaptive_hybrid,combined,bidir_seed3,3,32,16,48,6144,0.17070823320757542,0.6823087053171858,0.06194648033563025,0.08003393649720192,0.009337111424613818,0.9166572337966284
adaptive_dfe,combined,bidir_seed3,3,32,16,48,0,,,0.09506889375446552,0.11999609450659345,0.006509127876371458,0.8573034190693904
fixed_hybrid,fixed,bidir_seed3,3,64,64,64,8192,0.58975559753441,0.58975559753441,0.053080938691556015,0.0674953881537777,0.009504778404569142,0.9424294012294261
adaptive_hybrid,random,bidir_seed3,3,64,32,96,8192,0.41845475480400085,0.5983013982929906,0.05692097950433016,0.0737423227338304,0.013546638702568786,0.9321968756305877
adaptive_dfe,random,bidir_seed3,3,64,32,96,0,,,0.07087004144685885,0.09237724550567182,0.00015372113033971496,0.9068921861883165
adaptive_hybrid,width,bidir_seed3,3,64,32,96,8192,0.3069260959602514,0.737389205947969,0.054288941058015544,0.0725173319604488,0.010385428392968457,0.9333019583077149
adaptive_dfe,width,bidir_seed3,3,64,32,96,0,,,0.0727323387335572,0.09464521438429914,-0.0007660043987608145,0.9039550118415753
adaptive_hybrid,disagreement,bidir_seed3,3,64,32,96,8192,0.037886176924876724,0.78193432435674,0.058638219626938624,0.07871951791177491,0.011575887428635917,0.919842873234436
adaptive_dfe,disagreement,bidir_seed3,3,64,32,96,0,,,0.06884170489856313,0.08886208471510128,-0.000280306647438064,0.9109416041809477
adaptive_hybrid,combined,bidir_seed3,3,64,32,96,8192,0.015119012482623694,0.8400387067702755,0.05642873929766773,0.07490963359479948,0.004665944678349198,0.9271199801599763
adaptive_dfe,combined,bidir_seed3,3,64,32,96,0,,,0.06851586346913661,0.08808556001109666,0.0025460409054719906,0.9134364999372945
fixed_hybrid,fixed,bidir_seed3,4,32,32,32,6144,0.42057814967901536,0.42057814967901536,0.06549331856291249,0.08351422682843473,0.013908039831220041,0.9109905199554601
adaptive_hybrid,random,bidir_seed3,4,32,16,48,6144,0.337232913617383,0.6712171629269973,0.06633744376545088,0.08494783989237462,0.009685257537969102,0.9046720622080788
adaptive_dfe,random,bidir_seed3,4,32,16,48,0,,,0.10276403724679121,0.13297562876170171,-0.0017477338961153133,0.8292751881792337
adaptive_hybrid,width,bidir_seed3,4,32,16,48,6144,0.26786320242711514,0.5723571672918399,0.06398764691888223,0.08308412631514787,0.011567235089315547,0.9111221095088715
adaptive_dfe,width,bidir_seed3,4,32,16,48,0,,,0.1021529098303752,0.1312396908952333,-0.00020796868447510398,0.8323408248903718
adaptive_hybrid,disagreement,bidir_seed3,4,32,16,48,6144,0.28272871355392065,0.6882879738954136,0.06413852380124829,0.08263210183557324,0.010193865484472259,0.9102868627093802
adaptive_dfe,disagreement,bidir_seed3,4,32,16,48,0,,,0.09099594005211084,0.11592898381948308,0.003946297188540771,0.8553808915554479
adaptive_hybrid,combined,bidir_seed3,4,32,16,48,6144,0.2731218965126567,0.5213385575617348,0.06421239348732195,0.08225954795706443,0.009573017663129771,0.9123253071452844
adaptive_dfe,combined,bidir_seed3,4,32,16,48,0,,,0.09634391552948507,0.12200818375563958,0.0009081027440963245,0.8505306061460576
fixed_hybrid,fixed,bidir_seed3,4,64,64,64,8192,0.7075348194976278,0.7075348194976278,0.05356254889691268,0.06698186192788122,0.007728621915541734,0.9418910122848476
adaptive_hybrid,random,bidir_seed3,4,64,32,96,8192,0.5044907267317129,0.7798314814310315,0.05495522135145496,0.07037386292537882,0.007093933176385731,0.9354783521932865
adaptive_dfe,random,bidir_seed3,4,64,32,96,0,,,0.07181902714972951,0.09414618270345741,-0.0003681456024645188,0.9013506844524243
adaptive_hybrid,width,bidir_seed3,4,64,32,96,8192,0.41531602620855385,0.8643734162735868,0.05277318451060276,0.06906908668598928,0.00913361423434552,0.9385592751431059
adaptive_dfe,width,bidir_seed3,4,64,32,96,0,,,0.07028846240728089,0.09129374952975099,0.004437161937218021,0.9092040850044394
adaptive_hybrid,disagreement,bidir_seed3,4,64,32,96,8192,0.5219444162288007,0.9228510027603989,0.055564645470404274,0.0705261747602785,0.0031407937806126845,0.9350918048112313
adaptive_dfe,disagreement,bidir_seed3,4,64,32,96,0,,,0.06900383497923417,0.08886593898863217,-0.0007866723881788044,0.9090348695042306
adaptive_hybrid,combined,bidir_seed3,4,64,32,96,8192,0.6133198916333951,0.7968517833910778,0.056311755131131284,0.07110176715585241,0.004271223567960871,0.9337738825524953
adaptive_dfe,combined,bidir_seed3,4,64,32,96,0,,,0.07063112888428526,0.0909646306918493,0.000365568021874106,0.9068393842986393
fixed_hybrid,fixed,bidir_seed4,0,32,32,32,6144,0.5511061558648312,0.5511061558648312,0.06470826695588947,0.08166842213080171,0.009857690204907605,0.9129120765637464
adaptive_hybrid,random,bidir_seed4,0,32,16,48,6144,0.2762767311942618,0.8440674643302432,0.06737325776075079,0.08701551338263563,0.01056024509000348,0.9017477917499643
adaptive_dfe,random,bidir_seed4,0,32,16,48,0,,,0.10002995722202791,0.1298328883174072,-0.0017787358802422973,0.83705839314225
adaptive_hybrid,width,bidir_seed4,0,32,16,48,6144,0.6253818368360732,0.6600628935963343,0.07319328990338783,0.0931633522696996,0.009627062760789508,0.8910906928738686
adaptive_dfe,width,bidir_seed4,0,32,16,48,0,,,0.10218212551809355,0.13161551588351753,0.0014868064478000278,0.8356211867996538
adaptive_hybrid,disagreement,bidir_seed4,0,32,16,48,6144,0.49487083067942345,0.7349905245933845,0.06499842977327634,0.08268234907443224,0.008754325436232321,0.911481167600471
adaptive_dfe,disagreement,bidir_seed4,0,32,16,48,0,,,0.08905425340198375,0.1125300136159518,0.001600480389598972,0.8649294275139178
adaptive_hybrid,combined,bidir_seed4,0,32,16,48,6144,0.3021495099314493,0.7401483899566185,0.06150933901916841,0.07940171459053222,0.009700929945794788,0.9177130419976708
adaptive_dfe,combined,bidir_seed4,0,32,16,48,0,,,0.09458922779571916,0.1197252201774261,0.003801621262614844,0.8525563868964262
fixed_hybrid,fixed,bidir_seed4,0,64,64,64,8192,0.6627430904173847,0.6627430904173847,0.05219881387131864,0.06572696954273385,0.006379501885393152,0.9439011205830615
adaptive_hybrid,random,bidir_seed4,0,64,32,96,8192,0.49189424154780703,0.6857590531538142,0.05491571129181938,0.06923329113237814,0.010104980292038638,0.9383668519421622
adaptive_dfe,random,bidir_seed4,0,64,32,96,0,,,0.07192867570039299,0.09321871220557758,0.0004482399795460638,0.9038871776133094
adaptive_hybrid,width,bidir_seed4,0,64,32,96,8192,0.522643907405242,0.7726934568498823,0.05386853236959824,0.06901193401960055,0.007719588816186879,0.9382480478422467
adaptive_dfe,width,bidir_seed4,0,64,32,96,0,,,0.07250945313055089,0.09391802404975767,-0.002238598644792561,0.9045139056645856
adaptive_hybrid,disagreement,bidir_seed4,0,64,32,96,8192,0.565486971818373,0.9890033130869028,0.05650520943464726,0.0717918760949076,0.003128428817680369,0.9350950065071412
adaptive_dfe,disagreement,bidir_seed4,0,64,32,96,0,,,0.06835704831537057,0.08836573341595354,0.00016405512504870853,0.911850879744717
adaptive_hybrid,combined,bidir_seed4,0,64,32,96,8192,0.3476199772553251,0.821495699764193,0.050532073048528664,0.06579547035254062,0.007024318758499526,0.9438775228426285
adaptive_dfe,combined,bidir_seed4,0,64,32,96,0,,,0.06976581324463484,0.0904166739670852,0.002737219807588392,0.9080343464325512
fixed_hybrid,fixed,bidir_seed4,1,32,32,32,6144,0.3517977430371202,0.3517977430371202,0.06583946832021213,0.08483698972438805,0.007096109279276499,0.9050317140208733
adaptive_hybrid,random,bidir_seed4,1,32,16,48,6144,0.12152615540395034,0.49600327256896504,0.06732028414823694,0.08886053304547023,0.008013620723480476,0.8950281393683072
adaptive_dfe,random,bidir_seed4,1,32,16,48,0,,,0.10093762281119192,0.12999930078168717,0.004059971130339714,0.8366636257624115
adaptive_hybrid,width,bidir_seed4,1,32,16,48,6144,0.1126528592552422,0.707635255321351,0.06270874380441538,0.08450634931157533,0.006993069064000211,0.9054923611496418
adaptive_dfe,width,bidir_seed4,1,32,16,48,0,,,0.10167529872463396,0.13124141261269565,0.001590146394889977,0.838285259486069
adaptive_hybrid,disagreement,bidir_seed4,1,32,16,48,6144,0.3247154369101554,0.4567849573960182,0.06472267279409266,0.08321139562071535,0.006339430457786926,0.9084531532079447
adaptive_dfe,disagreement,bidir_seed4,1,32,16,48,0,,,0.09062746900784237,0.11387940609007761,0.0007530928234614057,0.86229202211172
adaptive_hybrid,combined,bidir_seed4,1,32,16,48,6144,0.15015692622602578,0.6091604175010178,0.060130660551816706,0.07757158856302238,0.003155714352497909,0.9211753172259698
adaptive_dfe,combined,bidir_seed4,1,32,16,48,0,,,0.09408241310698921,0.1191766742903153,0.003491601421345003,0.8585430716893271
fixed_hybrid,fixed,bidir_seed4,1,64,64,64,8192,0.6829584038879286,0.6829584038879286,0.05248360035217325,0.06540992150479452,0.003980343642205772,0.9441809909713544
adaptive_hybrid,random,bidir_seed4,1,64,32,96,8192,0.2680431581483076,0.6605252324490912,0.0576667079608571,0.07554987669648772,0.006242693231241818,0.9256399373473636
adaptive_dfe,random,bidir_seed4,1,64,32,96,0,,,0.07119209576329148,0.09146705517052517,0.0008512657731968566,0.90782822007562
adaptive_hybrid,width,bidir_seed4,1,64,32,96,8192,0.27192727403961975,0.7267812251143303,0.05366010534695715,0.07141722561354075,0.006385113812717535,0.9347089902443938
adaptive_dfe,width,bidir_seed4,1,64,32,96,0,,,0.07214373817960561,0.09418488942205394,0.0007840948075883914,0.9048582441313491
adaptive_hybrid,disagreement,bidir_seed4,1,64,32,96,8192,0.37201611334053164,0.6853763485584613,0.05369259865460031,0.06915033158464819,0.002537697894825614,0.9376161307164627
adaptive_dfe,disagreement,bidir_seed4,1,64,32,96,0,,,0.06780028589520722,0.08704539444198972,-0.0030188152453216608,0.9133637551777652
adaptive_hybrid,combined,bidir_seed4,1,64,32,96,8192,0.5700432319519834,0.6921166169104473,0.05359346791109769,0.06767858417331192,0.0029200697723777355,0.9399231046503165
adaptive_dfe,combined,bidir_seed4,1,64,32,96,0,,,0.06712829275672673,0.08677843456886422,-0.00010462873738515348,0.9157535450781233
fixed_hybrid,fixed,bidir_seed4,2,32,32,32,6144,0.3890895563992634,0.3890895563992634,0.06795737026676986,0.0854570574297309,0.010646721220115283,0.9124628011629319
adaptive_hybrid,random,bidir_seed4,2,32,16,48,6144,0.20078898087168737,0.31225628923363474,0.07455300973569667,0.09399411017108444,0.012070675042898717,0.8981697974434186
adaptive_dfe,random,bidir_seed4,2,32,16,48,0,,,0.10275023767019982,0.13214663841681784,-0.0037215268855333027,0.835088847384395
adaptive_hybrid,width,bidir_seed4,2,32,16,48,6144,0.19670900776907066,0.500854047898403,0.07048104638707262,0.08853381715260247,0.007197723011379557,0.908289106252716
adaptive_dfe,width,bidir_seed4,2,32,16,48,0,,,0.09893539969725584,0.12851034620208335,9.171716208574235e-05,0.8417455085784058
adaptive_hybrid,disagreement,bidir_seed4,2,32,16,48,6144,0.0655675695558935,0.4874986997167621,0.07173061795327479,0.0897360072026378,0.009358150902099382,0.9043820320616838
adaptive_dfe,disagreement,bidir_seed4,2,32,16,48,0,,,0.09504415288631603,0.12033783225057261,-0.0019027438167502353,0.8428111717605453
adaptive_hybrid,combined,bidir_seed4,2,32,16,48,6144,0.1535919024516515,0.6526434525717413,0.06961311389541001,0.08604550768513915,7.701216043517659e-05,0.9073098905724621
adaptive_dfe,combined,bidir_seed4,2,32,16,48,0,,,0.09734193613523588,0.12455324789139685,0.0002053911038846849,0.8411371239250013
fixed_hybrid,fixed,bidir_seed4,2,64,64,64,8192,0.6833364432788946,0.6833364432788946,0.05386810005549036,0.06726446474339887,0.005091448028727056,0.9417131806053176
adaptive_hybrid,random,bidir_seed4,2,64,32,96,8192,0.4054043549705522,0.6620236793980155,0.05744348098105512,0.0728328600233407,0.009583024300993706,0.9364539847028526
adaptive_dfe,random,bidir_seed4,2,64,32,96,0,,,0.0711781347334316,0.09269077736551615,0.002308359027165111,0.9065018012107251
adaptive_hybrid,width,bidir_seed4,2,64,32,96,8192,0.5047768563542626,0.669284803632241,0.05658455338217949,0.0717646733556199,0.00463132448009475,0.9357574980346464
adaptive_dfe,width,bidir_seed4,2,64,32,96,0,,,0.07223487264912812,0.09313264864324604,-0.0007091674278613438,0.9050289013398942
adaptive_hybrid,disagreement,bidir_seed4,2,64,32,96,8192,0.28575308806822974,0.6708250690024924,0.05827483087939356,0.0736435148141767,0.00598198369481423,0.9353197670918416
adaptive_dfe,disagreement,bidir_seed4,2,64,32,96,0,,,0.06889440509288636,0.08867304161124746,-0.00025447166066557665,0.9098695044243147
adaptive_hybrid,combined,bidir_seed4,2,64,32,96,8192,0.32082917825278867,0.6714686818106315,0.057765070011437464,0.0724461997352813,0.002156893105145226,0.9380927136395009
adaptive_dfe,combined,bidir_seed4,2,64,32,96,0,,,0.0703834092229723,0.08990061965155915,0.0012232895827206673,0.9117670013559681
fixed_hybrid,fixed,bidir_seed4,3,32,32,32,6144,0.4460077644010071,0.4460077644010071,0.06465126181581106,0.08244848758615825,0.015406063725702702,0.9135850885217108
adaptive_hybrid,random,bidir_seed4,3,32,16,48,6144,0.07239721229938031,0.689115618150066,0.07109820213582639,0.09500817645272343,0.01714461058107797,0.8817172277569323
adaptive_dfe,random,bidir_seed4,3,32,16,48,0,,,0.10102524847302231,0.1294208322190825,-0.00010462873738515505,0.8387349590259305
adaptive_hybrid,width,bidir_seed4,3,32,16,48,6144,0.14399659183382682,0.5528720841162349,0.06400442999578322,0.087033973151712,0.017516710173279104,0.9045242890198304
adaptive_dfe,width,bidir_seed4,3,32,16,48,0,,,0.0989514768576969,0.12617777509407782,0.005258714516583097,0.8488525918094625
adaptive_hybrid,disagreement,bidir_seed4,3,32,16,48,6144,0.2690080999549759,0.5833544926338381,0.06431614749874531,0.08318809582735893,0.015109354022994702,0.9113114846908396
adaptive_dfe,disagreement,bidir_seed4,3,32,16,48,0,,,0.09196355702754642,0.11571690422597206,0.0027165518181704,0.8577122771778493
adaptive_hybrid,combined,bidir_seed4,3,32,16,48,6144,0.0745049147353924,0.518949757600025,0.06383439937613039,0.08316498221319721,0.013032153002479131,0.9130514804213723
adaptive_dfe,combined,bidir_seed4,3,32,16,48,0,,,0.09824663367265316,0.1247624494681995,0.004928026685895266,0.8480509679725937
fixed_hybrid,fixed,bidir_seed4,3,64,64,64,8192,0.5764704304516861,0.5764704304516861,0.053139427496231524,0.06775834531948628,0.010143010078721398,0.9421823235747099
adaptive_hybrid,random,bidir_seed4,3,64,32,96,8192,0.32247539032650957,0.8738032408383389,0.056527922405403226,0.0738887722474136,0.010976091999234747,0.9294633863499885
adaptive_dfe,random,bidir_seed4,3,64,32,96,0,,,0.07094137971634391,0.09229419830793947,-0.0003888135918825078,0.9072451371297102
adaptive_hybrid,width,bidir_seed4,3,64,32,96,8192,0.04531436060792939,0.7821152880040771,0.05935430327072575,0.08518112911989877,0.014854223319049866,0.9070700889109807
adaptive_dfe,width,bidir_seed4,3,64,32,96,0,,,0.07231147389208513,0.09338720918087179,0.003372760482191566,0.9060503290603119
adaptive_hybrid,disagreement,bidir_seed4,3,64,32,96,8192,0.18550423609304073,0.7996788743039113,0.05443198060378838,0.07232888877638302,0.010739683488453979,0.9327498245982039
adaptive_dfe,disagreement,bidir_seed4,3,64,32,96,0,,,0.06834733606286583,0.08806863628350038,-0.0005748254966444122,0.9134044157948974
adaptive_hybrid,combined,bidir_seed4,3,64,32,96,8192,0.13093388610841325,0.8835694446496932,0.05324545011325916,0.07061665096675056,0.0062453768918901125,0.935282995562399
adaptive_dfe,combined,bidir_seed4,3,64,32,96,0,,,0.06887740896221389,0.08853420818521902,0.004969362664731249,0.9135235419504649
fixed_hybrid,fixed,bidir_seed4,4,32,32,32,6144,0.4028213504366279,0.4028213504366279,0.06519716345134766,0.08363924299253,0.014601340459349292,0.9110016781355456
adaptive_hybrid,random,bidir_seed4,4,32,16,48,6144,0.5466712984650026,0.8988899108841623,0.07501346963895823,0.09424745717860544,0.005571992949516219,0.8887103124342856
adaptive_dfe,random,bidir_seed4,4,32,16,48,0,,,0.10280657471798203,0.13178602520142413,-0.0004146485786549963,0.8314332804868372
adaptive_hybrid,width,bidir_seed4,4,32,16,48,6144,0.25231379983105484,0.5578029706284551,0.06450295074066834,0.08449747583116447,0.01341091180990261,0.9080600640787613
adaptive_dfe,width,bidir_seed4,4,32,16,48,0,,,0.10339991068381264,0.1336933093410701,0.0027992237758423565,0.8294074343165229
adaptive_hybrid,disagreement,bidir_seed4,4,32,16,48,6144,0.16017688139885847,0.6115205590531467,0.06484103948245903,0.08349345023864364,0.011954032932169437,0.9092603720987174
adaptive_dfe,disagreement,bidir_seed4,4,32,16,48,0,,,0.09421853797458526,0.11921027689042525,0.0025718758922444744,0.8481475485521357
adaptive_hybrid,combined,bidir_seed4,4,32,16,48,6144,0.4659437500867434,0.5684581318286022,0.06767196728013943,0.08536127816753436,0.011151610958583628,0.9041171179249723
adaptive_dfe,combined,bidir_seed4,4,32,16,48,0,,,0.09647042415641918,0.12194978199360668,0.003791287267905848,0.8464541569152105
fixed_hybrid,fixed,bidir_seed4,4,64,64,64,8192,0.6911300275488441,0.6911300275488441,0.05331024458839634,0.06675656934549248,0.008240510426577608,0.94240309047495
adaptive_hybrid,random,bidir_seed4,4,64,32,96,8192,0.4521098187063219,0.7530598822655208,0.05594991524217866,0.07169330885009127,0.008532800782793091,0.9334360288442018
adaptive_dfe,random,bidir_seed4,4,64,32,96,0,,,0.07223840907558543,0.09378504587820498,-0.000285473644792561,0.9014747149166116
adaptive_hybrid,width,bidir_seed4,4,64,32,96,8192,0.5404276631920365,0.6329234641739317,0.0566120488875928,0.07189994112289172,0.009959594493316836,0.9334649920777035
adaptive_dfe,width,bidir_seed4,4,64,32,96,0,,,0.07263167039491236,0.09430266089084925,0.0017709913022973865,0.9018958146895237
adaptive_hybrid,disagreement,bidir_seed4,4,64,32,96,8192,0.22573388875686343,0.9393511739007537,0.05680227004686942,0.07390818341858311,0.006942574570244875,0.9285207194868411
adaptive_dfe,disagreement,bidir_seed4,4,64,32,96,0,,,0.06912313150328206,0.08818777838913508,0.004116808101239185,0.9110966864225069
adaptive_hybrid,combined,bidir_seed4,4,64,32,96,8192,0.5364300021362849,0.7555372907780423,0.05325399180152369,0.06762443711685048,0.006480989194982048,0.9405456481916272
adaptive_dfe,combined,bidir_seed4,4,64,32,96,0,,,0.06943895040934897,0.08884497396127386,0.0019156672282233129,0.9107906161611177
