model,n_calib,shots_per_label,total_calibration_shots,repeat,mae_noisy_calibration,mae_exact_calibration,calibration_noise_penalty
bidir_seed0,16,16,256,0,0.10858876335026273,0.09299630234517299,0.015592461005089736
bidir_seed1,16,16,256,0,0.10925756569431443,0.0950429130130158,0.014214652681298623
bidir_seed2,16,16,256,0,0.10757583954598522,0.09255976679808248,0.015016072747902745
bidir_seed3,16,16,256,0,0.1069486569583165,0.09357931645298719,0.013369340505329314
bidir_seed4,16,16,256,0,0.10711496798531174,0.09212245739356438,0.01499251059174736
bidir_seed0,32,16,512,0,0.10337427114637862,0.08852378859881133,0.014850482547567295
bidir_seed1,32,16,512,0,0.10576247585953868,0.09139386858769387,0.014368607271844816
bidir_seed2,32,16,512,0,0.10258384163147133,0.08815827118460912,0.014425570446862213
bidir_seed3,32,16,512,0,0.10198341114927788,0.08811942765793149,0.01386398349134639
bidir_seed4,32,16,512,0,0.10243273407093019,0.08773175903834711,0.01470097503258308
bidir_seed0,64,16,1024,0,0.09364297249160264,0.08606220456904624,0.0075807679225563945
bidir_seed1,64,16,1024,0,0.09631768930268605,0.08889471167863064,0.007422977624055416
bidir_seed2,64,16,1024,0,0.09345175772083622,0.08601845437757337,0.007433303343262851
bidir_seed3,64,16,1024,0,0.09393853907979062,0.0865502101432856,0.007388328936505026
bidir_seed4,64,16,1024,0,0.0929324646457842,0.08536095832382512,0.007571506321959076
bidir_seed0,128,16,2048,0,0.08884029274101682,0.08804321046293469,0.0007970822780821313
bidir_seed1,128,16,2048,0,0.09162190375958539,0.09074105885602228,0.000880844903563105
bidir_seed2,128,16,2048,0,0.08872093882721246,0.08796645626239247,0.0007544825648199971
bidir_seed3,128,16,2048,0,0.08855890061033267,0.08834326005394762,0.0002156405563850522
bidir_seed4,128,16,2048,0,0.08789120161636584,0.08711874052689295,0.0007724610894728895
bidir_seed0,16,16,256,1,0.1480655600985645,0.09299630234517299,0.05506925775339151
bidir_seed1,16,16,256,1,0.15031973308530677,0.0950429130130158,0.05527682007229097
bidir_seed2,16,16,256,1,0.14760355361107175,0.09255976679808248,0.05504378681298927
bidir_seed3,16,16,256,1,0.14814186137310445,0.09357931645298719,0.054562544920117265
bidir_seed4,16,16,256,1,0.14729501956278698,0.09212245739356438,0.0551725621692226
bidir_seed0,32,16,512,1,0.11093042722235663,0.08852378859881133,0.022406638623545305
bidir_seed1,32,16,512,1,0.11430032223105158,0.09139386858769387,0.022906453643357708
bidir_seed2,32,16,512,1,0.11036455494503009,0.08815827118460912,0.02220628376042097
bidir_seed3,32,16,512,1,0.10968520828699126,0.08811942765793149,0.02156578062905977
bidir_seed4,32,16,512,1,0.11001527259549396,0.08773175903834711,0.022283513557146847
bidir_seed0,64,16,1024,1,0.08829100249199803,0.08606220456904624,0.002228797922951789
bidir_seed1,64,16,1024,1,0.0913294867000194,0.08889471167863064,0.002434775021388766
bidir_seed2,64,16,1024,1,0.08837392935934661,0.08601845437757337,0.0023554749817732423
bidir_seed3,64,16,1024,1,0.08850857742804506,0.0865502101432856,0.0019583672847594685
bidir_seed4,64,16,1024,1,0.08760881680522323,0.08536095832382512,0.0022478584813981073
bidir_seed0,128,16,2048,1,0.09135623182961904,0.08804321046293469,0.003313021366684349
bidir_seed1,128,16,2048,1,0.0942715349953688,0.09074105885602228,0.003530476139346525
bidir_seed2,128,16,2048,1,0.09138022860173659,0.08796645626239247,0.0034137723393441177
bidir_seed3,128,16,2048,1,0.09152146492299396,0.08834326005394762,0.003178204869046339
bidir_seed4,128,16,2048,1,0.09058601610912043,0.08711874052689295,0.0034672755822274803
bidir_seed0,16,16,256,2,0.1168683529949383,0.09299630234517299,0.023872050649765303
bidir_seed1,16,16,256,2,0.11727676968709735,0.0950429130130158,0.02223385667408155
bidir_seed2,16,16,256,2,0.11616184863445395,0.09255976679808248,0.02360208183637147
bidir_seed3,16,16,256,2,0.11501643886774307,0.09357931645298719,0.021437122414755885
bidir_seed4,16,16,256,2,0.11539234762452476,0.09212245739356438,0.023269890230960377
bidir_seed0,32,16,512,2,0.09952495297918784,0.08852378859881133,0.011001164380376516
bidir_seed1,32,16,512,2,0.10153055199118846,0.09139386858769387,0.010136683403494592
bidir_seed2,32,16,512,2,0.09883545670373015,0.08815827118460912,0.01067718551912103
bidir_seed3,32,16,512,2,0.09837488193888086,0.08811942765793149,0.010255454280949372
bidir_seed4,32,16,512,2,0.09861629258175658,0.08773175903834711,0.010884533543409472
bidir_seed0,64,16,1024,2,0.08850130370272181,0.08606220456904624,0.0024390991336755707
bidir_seed1,64,16,1024,2,0.09117153430184285,0.08889471167863064,0.0022768226232122157
bidir_seed2,64,16,1024,2,0.08820218318734853,0.08601845437757337,0.0021837288097751595
bidir_seed3,64,16,1024,2,0.08878614966014418,0.0865502101432856,0.00223593951685859
bidir_seed4,64,16,1024,2,0.08764235351817351,0.08536095832382512,0.00228139519434839
bidir_seed0,128,16,2048,2,0.08806536070067011,0.08804321046293469,2.2150237735427125e-05
bidir_seed1,128,16,2048,2,0.0906737257581116,0.09074105885602228,-6.733309791068232e-05
bidir_seed2,128,16,2048,2,0.08783915238100266,0.08796645626239247,-0.00012730388138980364
bidir_seed3,128,16,2048,2,0.08827740772422916,0.08834326005394762,-6.585232971845212e-05
bidir_seed4,128,16,2048,2,0.08705841867704421,0.08711874052689295,-6.032184984873512e-05
bidir_seed0,16,16,256,3,0.10456388058348949,0.09299630234517299,0.0115675782383165
bidir_seed1,16,16,256,3,0.10688541885235912,0.0950429130130158,0.01184250583934332
bidir_seed2,16,16,256,3,0.1042833676222727,0.09255976679808248,0.011723600824190217
bidir_seed3,16,16,256,3,0.10755245065918119,0.09357931645298719,0.013973134206194004
bidir_seed4,16,16,256,3,0.10402734159197974,0.09212245739356438,0.011904884198415358
bidir_seed0,32,16,512,3,0.10288621213464585,0.08852378859881133,0.014362423535834529
bidir_seed1,32,16,512,3,0.10560927826233839,0.09139386858769387,0.014215409674644519
bidir_seed2,32,16,512,3,0.10277554107211263,0.08815827118460912,0.014617269887503517
bidir_seed3,32,16,512,3,0.10398210906545555,0.08811942765793149,0.01586268140752406
bidir_seed4,32,16,512,3,0.10189903686495402,0.08773175903834711,0.014167277826606914
bidir_seed0,64,16,1024,3,0.10301515782920821,0.08606220456904624,0.016952953260161968
bidir_seed1,64,16,1024,3,0.10537260492667593,0.08889471167863064,0.016477893248045286
bidir_seed2,64,16,1024,3,0.10307064718946728,0.08601845437757337,0.017052192811893907
bidir_seed3,64,16,1024,3,0.10411018365262399,0.0865502101432856,0.017559973509338397
bidir_seed4,64,16,1024,3,0.10241946283957201,0.08536095832382512,0.017058504515746892
bidir_seed0,128,16,2048,3,0.10303598526542823,0.08804321046293469,0.014992774802493544
bidir_seed1,128,16,2048,3,0.10497129457588301,0.09074105885602228,0.014230235719860734
bidir_seed2,128,16,2048,3,0.10270863105879119,0.08796645626239247,0.014742174796398722
bidir_seed3,128,16,2048,3,0.10361053522207171,0.08834326005394762,0.015267275168124095
bidir_seed4,128,16,2048,3,0.1019774236491489,0.08711874052689295,0.014858683122255953
bidir_seed0,16,16,256,4,0.1381171178977216,0.09299630234517299,0.04512081555254861
bidir_seed1,16,16,256,4,0.1377867269101126,0.0950429130130158,0.04274381389709679
bidir_seed2,16,16,256,4,0.13660861720858736,0.09255976679808248,0.04404885041050488
bidir_seed3,16,16,256,4,0.13642046840430674,0.09357931645298719,0.04284115195131956
bidir_seed4,16,16,256,4,0.13643820893702963,0.09212245739356438,0.044315751543465245
bidir_seed0,32,16,512,4,0.10593206662853945,0.08852378859881133,0.017408278029728122
bidir_seed1,32,16,512,4,0.10739373481316805,0.09139386858769387,0.015999866225474182
bidir_seed2,32,16,512,4,0.10483556555527569,0.08815827118460912,0.016677294370666576
bidir_seed3,32,16,512,4,0.10417952759126588,0.08811942765793149,0.01606009993333439
bidir_seed4,32,16,512,4,0.10476322958207923,0.08773175903834711,0.017031470543732122
bidir_seed0,64,16,1024,4,0.08444305433940995,0.08606220456904624,-0.0016191502296362958
bidir_seed1,64,16,1024,4,0.08693474198164448,0.08889471167863064,-0.001959969696986155
bidir_seed2,64,16,1024,4,0.08434506100541317,0.08601845437757337,-0.0016733933721602007
bidir_seed3,64,16,1024,4,0.08456110356419526,0.0865502101432856,-0.0019891065790903356
bidir_seed4,64,16,1024,4,0.08389677714669865,0.08536095832382512,-0.0014641811771264751
bidir_seed0,128,16,2048,4,0.08650380248877342,0.08804321046293469,-0.001539407974161272
bidir_seed1,128,16,2048,4,0.0893093584247535,0.09074105885602228,-0.0014317004312687787
bidir_seed2,128,16,2048,4,0.0864720088454045,0.08796645626239247,-0.001494447416987968
bidir_seed3,128,16,2048,4,0.08676597375213221,0.08834326005394762,-0.0015772863018154032
bidir_seed4,128,16,2048,4,0.08546204127667172,0.08711874052689295,-0.0016566992502212302
bidir_seed0,16,32,512,0,0.08903853094148977,0.09299630234517299,-0.0039577714036832246
bidir_seed1,16,32,512,0,0.09007716781815038,0.0950429130130158,-0.004965745194865423
bidir_seed2,16,32,512,0,0.08869037542043506,0.09255976679808248,-0.003869391377647413
bidir_seed3,16,32,512,0,0.08843059613600875,0.09357931645298719,-0.005148720316978439
bidir_seed4,16,32,512,0,0.08805060556213185,0.09212245739356438,-0.004071851831432535
bidir_seed0,32,32,1024,0,0.08963212981241157,0.08852378859881133,0.0011083412136002474
bidir_seed1,32,32,1024,0,0.09105807537839483,0.09139386858769387,-0.00033579320929903733
bidir_seed2,32,32,1024,0,0.0891750216999572,0.08815827118460912,0.0010167505153480805
bidir_seed3,32,32,1024,0,0.08919462694605407,0.08811942765793149,0.0010751992881225803
bidir_seed4,32,32,1024,0,0.08882853529164522,0.08773175903834711,0.0010967762532981123
bidir_seed0,64,32,2048,0,0.08916391381294203,0.08606220456904624,0.0031017092438957866
bidir_seed1,64,32,2048,0,0.0897431586939616,0.08889471167863064,0.0008484470153309609
bidir_seed2,64,32,2048,0,0.08885011565006373,0.08601845437757337,0.002831661272490363
bidir_seed3,64,32,2048,0,0.08866578228022874,0.0865502101432856,0.0021155721369431474
bidir_seed4,64,32,2048,0,0.08853509599694533,0.08536095832382512,0.003174137673120206
bidir_seed0,128,32,4096,0,0.0841016977794712,0.08804321046293469,-0.003941512683463488
bidir_seed1,128,32,4096,0,0.08604076012098451,0.09074105885602228,-0.004700298735037772
bidir_seed2,128,32,4096,0,0.08405672860246288,0.08796645626239247,-0.003909727659929585
bidir_seed3,128,32,4096,0,0.08411643880874686,0.08834326005394762,-0.004226821245200754
bidir_seed4,128,32,4096,0,0.08365992688592425,0.08711874052689295,-0.0034588136409687
bidir_seed0,16,32,512,1,0.10191323930812687,0.09299630234517299,0.008916936962953884
bidir_seed1,16,32,512,1,0.10393639733509448,0.0950429130130158,0.008893484322078676
bidir_seed2,16,32,512,1,0.1012490403122707,0.09255976679808248,0.008689273514188217
bidir_seed3,16,32,512,1,0.10273190134829815,0.09357931645298719,0.00915258489531097
bidir_seed4,16,32,512,1,0.10111749976726149,0.09212245739356438,0.00899504237369711
bidir_seed0,32,32,1024,1,0.08740714434796067,0.08852378859881133,-0.0011166442508506597
bidir_seed1,32,32,1024,1,0.08987074137056353,0.09139386858769387,-0.0015231272171303406
bidir_seed2,32,32,1024,1,0.08721253443590167,0.08815827118460912,-0.0009457367487074458
bidir_seed3,32,32,1024,1,0.08776916332740632,0.08811942765793149,-0.0003502643305251657
bidir_seed4,32,32,1024,1,0.08673186567639676,0.08773175903834711,-0.0009998933619503464
bidir_seed0,64,32,2048,1,0.09009536892401443,0.08606220456904624,0.004033164354968186
bidir_seed1,64,32,2048,1,0.09258675801330454,0.08889471167863064,0.003692046334673904
bidir_seed2,64,32,2048,1,0.08996820381880923,0.08601845437757337,0.003949749441235856
bidir_seed3,64,32,2048,1,0.09087407905766492,0.0865502101432856,0.004323868914379331
bidir_seed4,64,32,2048,1,0.08935689243473777,0.08536095832382512,0.003995934110912647
bidir_seed0,128,32,4096,1,0.09303423815786001,0.08804321046293469,0.004991027694925321
bidir_seed1,128,32,4096,1,0.09546798567107899,0.09074105885602228,0.004726926815056709
bidir_seed2,128,32,4096,1,0.09280254187662254,0.08796645626239247,0.0048360856142300734
bidir_seed3,128,32,4096,1,0.09342360971103755,0.08834326005394762,0.005080349657089936
bidir_seed4,128,32,4096,1,0.0921581110320617,0.08711874052689295,0.005039370505168755
bidir_seed0,16,32,512,2,0.08395714340658982,0.09299630234517299,-0.009039158938583175
bidir_seed1,16,32,512,2,0.08621866692685211,0.0950429130130158,-0.008824246086163695
bidir_seed2,16,32,512,2,0.08385722289458317,0.09255976679808248,-0.00870254390349931
bidir_seed3,16,32,512,2,0.08415173880100153,0.09357931645298719,-0.009427577651985652
bidir_seed4,16,32,512,2,0.08338324496215735,0.09212245739356438,-0.008739212431407031
bidir_seed0,32,32,1024,2,0.08578934868309337,0.08852378859881133,-0.002734439915717951
bidir_seed1,32,32,1024,2,0.08883028963675367,0.09139386858769387,-0.0025635789509401985
bidir_seed2,32,32,1024,2,0.08554018104211676,0.08815827118460912,-0.0026180901424923547
bidir_seed3,32,32,1024,2,0.08537828316578241,0.08811942765793149,-0.0027411444921490724
bidir_seed4,32,32,1024,2,0.08513650189170739,0.08773175903834711,-0.002595257146639718
bidir_seed0,64,32,2048,2,0.08793911219641676,0.08606220456904624,0.0018769076273705138
bidir_seed1,64,32,2048,2,0.09110006832916695,0.08889471167863064,0.002205356650536311
bidir_seed2,64,32,2048,2,0.0878248320880869,0.08601845437757337,0.0018063777105135348
bidir_seed3,64,32,2048,2,0.08816470137881122,0.0865502101432856,0.0016144912355256225
bidir_seed4,64,32,2048,2,0.08715693159018394,0.08536095832382512,0.0017959732663588163
bidir_seed0,128,32,4096,2,0.08525844787342549,0.08804321046293469,-0.0027847625895092015
bidir_seed1,128,32,4096,2,0.08786356824598061,0.09074105885602228,-0.0028774906100416664
bidir_seed2,128,32,4096,2,0.08507742642300402,0.08796645626239247,-0.002889029839388449
bidir_seed3,128,32,4096,2,0.08541153775170811,0.08834326005394762,-0.002931722302239509
bidir_seed4,128,32,4096,2,0.08435021986722367,0.08711874052689295,-0.002768520659669274
bidir_seed0,16,32,512,3,0.11319502744809778,0.09299630234517299,0.020198725102924794
bidir_seed1,16,32,512,3,0.11552054720434508,0.0950429130130158,0.02047763419132928
bidir_seed2,16,32,512,3,0.11283696433804939,0.09255976679808248,0.020277197539966915
bidir_seed3,16,32,512,3,0.11462585670411889,0.09357931645298719,0.0210465402511317
bidir_seed4,16,32,512,3,0.11220172087238667,0.09212245739356438,0.020079263478822287
bidir_seed0,32,32,1024,3,0.10797726173259653,0.08852378859881133,0.019453473133785204
bidir_seed1,32,32,1024,3,0.1107720709567469,0.09139386858769387,0.019378202369053035
bidir_seed2,32,32,1024,3,0.1074836290372303,0.08815827118460912,0.019325357852621183
bidir_seed3,32,32,1024,3,0.10790015334852769,0.08811942765793149,0.019780725690596204
bidir_seed4,32,32,1024,3,0.1073094176965914,0.08773175903834711,0.01957765865824429
bidir_seed0,64,32,2048,3,0.10025034587651127,0.08606220456904624,0.014188141307465027
bidir_seed1,64,32,2048,3,0.10298022924623045,0.08889471167863064,0.014085517567599806
bidir_seed2,64,32,2048,3,0.10016151203988578,0.08601845437757337,0.014143057662312414
bidir_seed3,64,32,2048,3,0.10069000474035093,0.0865502101432856,0.014139794597065339
bidir_seed4,64,32,2048,3,0.0995794465343221,0.08536095832382512,0.014218488210496982
bidir_seed0,128,32,4096,3,0.09229884664009147,0.08804321046293469,0.0042556361771567824
bidir_seed1,128,32,4096,3,0.09505738618027532,0.09074105885602228,0.004316327324253036
bidir_seed2,128,32,4096,3,0.09226370264281132,0.08796645626239247,0.004297246380418854
bidir_seed3,128,32,4096,3,0.09268499318523651,0.08834326005394762,0.004341733131288897
bidir_seed4,128,32,4096,3,0.09154480698573741,0.08711874052689295,0.004426066458844469
bidir_seed0,16,32,512,4,0.09118431916398215,0.09299630234517299,-0.0018119831811908432
bidir_seed1,16,32,512,4,0.09298946445099342,0.0950429130130158,-0.0020534485620223863
bidir_seed2,16,32,512,4,0.09069346347396126,0.09255976679808248,-0.0018663033241212157
bidir_seed3,16,32,512,4,0.09113461599515736,0.09357931645298719,-0.0024447004578298237
bidir_seed4,16,32,512,4,0.09025337112946694,0.09212245739356438,-0.0018690862640974443
bidir_seed0,32,32,1024,4,0.094540007477124,0.08852378859881133,0.006016218878312676
bidir_seed1,32,32,1024,4,0.09793307318748139,0.09139386858769387,0.006539204599787518
bidir_seed2,32,32,1024,4,0.09415759479297003,0.08815827118460912,0.005999323608360918
bidir_seed3,32,32,1024,4,0.09367398289205187,0.08811942765793149,0.0055545552341203785
bidir_seed4,32,32,1024,4,0.09375705136421666,0.08773175903834711,0.006025292325869555
bidir_seed0,64,32,2048,4,0.08480708492770445,0.08606220456904624,-0.001255119641341798
bidir_seed1,64,32,2048,4,0.0877491739829645,0.08889471167863064,-0.0011455376956661378
bidir_seed2,64,32,2048,4,0.08471607576490668,0.08601845437757337,-0.001302378612666688
bidir_seed3,64,32,2048,4,0.08511500736298429,0.0865502101432856,-0.0014352027803013062
bidir_seed4,64,32,2048,4,0.08405704621585862,0.08536095832382512,-0.0013039121079665011
bidir_seed0,128,32,4096,4,0.08568996864444807,0.08804321046293469,-0.0023532418184866177
bidir_seed1,128,32,4096,4,0.08847829552966842,0.09074105885602228,-0.0022627633263538616
bidir_seed2,128,32,4096,4,0.08564710813972606,0.08796645626239247,-0.0023193481226664037
bidir_seed3,128,32,4096,4,0.08581885309668467,0.08834326005394762,-0.0025244069572629424
bidir_seed4,128,32,4096,4,0.08470238218788771,0.08711874052689295,-0.002416358339005234
bidir_seed0,16,64,1024,0,0.08900681667043238,0.09299630234517299,-0.0039894856747406116
bidir_seed1,16,64,1024,0,0.09114560356478808,0.0950429130130158,-0.0038973094482277204
bidir_seed2,16,64,1024,0,0.08877062085149617,0.09255976679808248,-0.003789145946586303
bidir_seed3,16,64,1024,0,0.09010992741391156,0.09357931645298719,-0.003469389039075621
bidir_seed4,16,64,1024,0,0.0881759777389994,0.09212245739356438,-0.003946479654564974
bidir_seed0,32,64,2048,0,0.08599019300633357,0.08852378859881133,-0.002533595592477761
bidir_seed1,32,64,2048,0,0.08818953742365197,0.09139386858769387,-0.003204331164041896
bidir_seed2,32,64,2048,0,0.08567299746001815,0.08815827118460912,-0.0024852737245909667
bidir_seed3,32,64,2048,0,0.08552152719487961,0.08811942765793149,-0.002597900463051875
bidir_seed4,32,64,2048,0,0.08532337118874693,0.08773175903834711,-0.00240838784960018
bidir_seed0,64,64,4096,0,0.08367544781843841,0.08606220456904624,-0.0023867567506078297
bidir_seed1,64,64,4096,0,0.08603146505729511,0.08889471167863064,-0.0028632466213355245
bidir_seed2,64,64,4096,0,0.08365871894641562,0.08601845437757337,-0.00235973543115775
bidir_seed3,64,64,4096,0,0.08403245133244716,0.0865502101432856,-0.002517758810838433
bidir_seed4,64,64,4096,0,0.08306444424177556,0.08536095832382512,-0.002296514082049561
bidir_seed0,128,64,8192,0,0.08627595426493599,0.08804321046293469,-0.0017672561979986956
bidir_seed1,128,64,8192,0,0.08884679878075054,0.09074105885602228,-0.001894260075271742
bidir_seed2,128,64,8192,0,0.08628068592165919,0.08796645626239247,-0.001685770340733278
bidir_seed3,128,64,8192,0,0.08656963592723746,0.08834326005394762,-0.0017736241267101577
bidir_seed4,128,64,8192,0,0.0852674709567376,0.08711874052689295,-0.0018512695701553422
bidir_seed0,16,64,1024,1,0.0851966503363919,0.09299630234517299,-0.007799652008781091
bidir_seed1,16,64,1024,1,0.08676757203416692,0.0950429130130158,-0.008275340978848883
bidir_seed2,16,64,1024,1,0.08487206803902107,0.09255976679808248,-0.007687698759061404
bidir_seed3,16,64,1024,1,0.08476887220466806,0.09357931645298719,-0.00881044424831913
bidir_seed4,16,64,1024,1,0.08432947395876735,0.09212245739356438,-0.007792983434797035
bidir_seed0,32,64,2048,1,0.08422682272862687,0.08852378859881133,-0.004296965870184452
bidir_seed1,32,64,2048,1,0.08663620346474012,0.09139386858769387,-0.0047576651229537525
bidir_seed2,32,64,2048,1,0.084066469528776,0.08815827118460912,-0.004091801655833116
bidir_seed3,32,64,2048,1,0.08406503784915562,0.08811942765793149,-0.004054389808775871
bidir_seed4,32,64,2048,1,0.08359786213442616,0.08773175903834711,-0.00413389690392095
bidir_seed0,64,64,4096,1,0.08537171980530961,0.08606220456904624,-0.0006904847637366346
bidir_seed1,64,64,4096,1,0.08810422501309081,0.08889471167863064,-0.0007904866655398246
bidir_seed2,64,64,4096,1,0.08544906471335552,0.08601845437757337,-0.0005693896642178509
bidir_seed3,64,64,4096,1,0.08600786190725075,0.0865502101432856,-0.0005423482360348425
bidir_seed4,64,64,4096,1,0.08465903136641659,0.08536095832382512,-0.000701926957408533
bidir_seed0,128,64,8192,1,0.08864152176212287,0.08804321046293469,0.0005983112991881784
bidir_seed1,128,64,8192,1,0.09137858294706928,0.09074105885602228,0.0006375240910470037
bidir_seed2,128,64,8192,1,0.08861055238073225,0.08796645626239247,0.0006440961183397792
bidir_seed3,128,64,8192,1,0.08914153801347836,0.08834326005394762,0.0007982779595307465
bidir_seed4,128,64,8192,1,0.08774101808921736,0.08711874052689295,0.0006222775623244137
bidir_seed0,16,64,1024,2,0.09309557204729099,0.09299630234517299,9.926970211800168e-05
bidir_seed1,16,64,1024,2,0.09502141030348067,0.0950429130130158,-2.150270953513167e-05
bidir_seed2,16,64,1024,2,0.09258628018752471,0.09255976679808248,2.6513389442234248e-05
bidir_seed3,16,64,1024,2,0.09369868983352854,0.09357931645298719,0.00011937338054135438
bidir_seed4,16,64,1024,2,0.09231339320873912,0.09212245739356438,0.00019093581517473646
bidir_seed0,32,64,2048,2,0.09214351412048247,0.08852378859881133,0.003619725521671141
bidir_seed1,32,64,2048,2,0.09506137503865025,0.09139386858769387,0.0036675064509563843
bidir_seed2,32,64,2048,2,0.09175975933462352,0.08815827118460912,0.0036014881500144036
bidir_seed3,32,64,2048,2,0.09176709732704781,0.08811942765793149,0.003647669669116324
bidir_seed4,32,64,2048,2,0.09142947231293161,0.08773175903834711,0.0036977132745844993
bidir_seed0,64,64,4096,2,0.09008214947396888,0.08606220456904624,0.004019944904922634
bidir_seed1,64,64,4096,2,0.09285273611952806,0.08889471167863064,0.00395802444089742
bidir_seed2,64,64,4096,2,0.08988465184134083,0.08601845437757337,0.0038661974637674568
bidir_seed3,64,64,4096,2,0.09051317872296788,0.0865502101432856,0.0039629685796822856
bidir_seed4,64,64,4096,2,0.089410081045374,0.08536095832382512,0.004049122721548878
bidir_seed0,128,64,8192,2,0.08876544544192226,0.08804321046293469,0.0007222349789875737
bidir_seed1,128,64,8192,2,0.09150590457798947,0.09074105885602228,0.0007648457219671945
bidir_seed2,128,64,8192,2,0.08869237605542217,0.08796645626239247,0.0007259197930297029
bidir_seed3,128,64,8192,2,0.08898939430702126,0.08834326005394762,0.000646134253073638
bidir_seed4,128,64,8192,2,0.08781673808183778,0.08711874052689295,0.000697997554944832
bidir_seed0,16,64,1024,3,0.08413977031241004,0.09299630234517299,-0.008856532032762945
bidir_seed1,16,64,1024,3,0.08667177913873553,0.0950429130130158,-0.008371133874280276
bidir_seed2,16,64,1024,3,0.08411660820094104,0.09255976679808248,-0.00844315859714144
bidir_seed3,16,64,1024,3,0.08456773644123472,0.09357931645298719,-0.009011580011752465
bidir_seed4,16,64,1024,3,0.08358214868005415,0.09212245739356438,-0.008540308713510233
bidir_seed0,32,64,2048,3,0.08479561374812485,0.08852378859881133,-0.0037281748506864804
bidir_seed1,32,64,2048,3,0.08778772293123448,0.09139386858769387,-0.003606145656459392
bidir_seed2,32,64,2048,3,0.08482347286255489,0.08815827118460912,-0.0033347983220542304
bidir_seed3,32,64,2048,3,0.08489892002024173,0.08811942765793149,-0.0032205076376897596
bidir_seed4,32,64,2048,3,0.08427847933985942,0.08773175903834711,-0.003453279698487688
bidir_seed0,64,64,4096,3,0.08796704660812042,0.08606220456904624,0.0019048420390741783
bidir_seed1,64,64,4096,3,0.09086398521147143,0.08889471167863064,0.001969273532840793
bidir_seed2,64,64,4096,3,0.08805216975794841,0.08601845437757337,0.0020337153803750424
bidir_seed3,64,64,4096,3,0.08861611657217996,0.0865502101432856,0.0020659064288943707
bidir_seed4,64,64,4096,3,0.08737350786588251,0.08536095832382512,0.0020125495420573875
bidir_seed0,128,64,8192,3,0.0904325907190784,0.08804321046293469,0.002389380256143714
bidir_seed1,128,64,8192,3,0.09305907610545816,0.09074105885602228,0.0023180172494358803
bidir_seed2,128,64,8192,3,0.09042162795267075,0.08796645626239247,0.002455171690278285
bidir_seed3,128,64,8192,3,0.09072416574253735,0.08834326005394762,0.0023809056885897295
bidir_seed4,128,64,8192,3,0.08950883852271554,0.08711874052689295,0.0023900979958225987
bidir_seed0,16,64,1024,4,0.08451008572766334,0.09299630234517299,-0.008486216617509645
bidir_seed1,16,64,1024,4,0.08658078053109142,0.0950429130130158,-0.008462132481924386
bidir_seed2,16,64,1024,4,0.08436632791439717,0.09255976679808248,-0.008193438883685303
bidir_seed3,16,64,1024,4,0.0848842365295646,0.09357931645298719,-0.008695079923422583
bidir_seed4,16,64,1024,4,0.08392697759677159,0.09212245739356438,-0.00819547979679279
bidir_seed0,32,64,2048,4,0.0865656237590381,0.08852378859881133,-0.0019581648397732215
bidir_seed1,32,64,2048,4,0.08937691955953987,0.09139386858769387,-0.002016949028153997
bidir_seed2,32,64,2048,4,0.08634516118672961,0.08815827118460912,-0.0018131099978795084
bidir_seed3,32,64,2048,4,0.08636922596235044,0.08811942765793149,-0.001750201695581044
bidir_seed4,32,64,2048,4,0.08589477301529755,0.08773175903834711,-0.001836986023049561
bidir_seed0,64,64,4096,4,0.08565814345727203,0.08606220456904624,-0.0004040611117742121
bidir_seed1,64,64,4096,4,0.08835519778979016,0.08889471167863064,-0.0005395138888404788
bidir_seed2,64,64,4096,4,0.085716043334594,0.08601845437757337,-0.0003024110429793725
bidir_seed3,64,64,4096,4,0.08619464262125334,0.0865502101432856,-0.00035556752203225184
bidir_seed4,64,64,4096,4,0.08502734308957174,0.08536095832382512,-0.000333615234253376
bidir_seed0,128,64,8192,4,0.09081444448133716,0.08804321046293469,0.0027712340184024714
bidir_seed1,128,64,8192,4,0.09345350121339717,0.09074105885602228,0.002712442357374889
bidir_seed2,128,64,8192,4,0.09072882046461778,0.08796645626239247,0.002762364202225309
bidir_seed3,128,64,8192,4,0.09094068603221676,0.08834326005394762,0.0025974259782691467
bidir_seed4,128,64,8192,4,0.0899273785864279,0.08711874052689295,0.0028086380595349486
bidir_seed0,16,128,2048,0,0.09104645815901459,0.09299630234517299,-0.0019498441861584004
bidir_seed1,16,128,2048,0,0.09276934151707517,0.0950429130130158,-0.002273571495940638
bidir_seed2,16,128,2048,0,0.09048935883617154,0.09255976679808248,-0.002070407961910936
bidir_seed3,16,128,2048,0,0.09148559942256912,0.09357931645298719,-0.0020937170304180658
bidir_seed4,16,128,2048,0,0.09005190633717851,0.09212245739356438,-0.002070551056385872
bidir_seed0,32,128,4096,0,0.0916342765597266,0.08852378859881133,0.003110487960915273
bidir_seed1,32,128,4096,0,0.09413580560347133,0.09139386858769387,0.0027419370157774625
bidir_seed2,32,128,4096,0,0.09107551002449256,0.08815827118460912,0.002917238839883443
bidir_seed3,32,128,4096,0,0.09081481899156464,0.08811942765793149,0.002695391333633154
bidir_seed4,32,128,4096,0,0.09077510469729064,0.08773175903834711,0.0030433456589435276
bidir_seed0,64,128,8192,0,0.08413258517087172,0.08606220456904624,-0.0019296193981745285
bidir_seed1,64,128,8192,0,0.08673291950012922,0.08889471167863064,-0.0021617921785014177
bidir_seed2,64,128,8192,0,0.08400298390996003,0.08601845437757337,-0.0020154704676133423
bidir_seed3,64,128,8192,0,0.08438292838909801,0.0865502101432856,-0.0021672817541875805
bidir_seed4,64,128,8192,0,0.0834091883420856,0.08536095832382512,-0.001951769981739515
bidir_seed0,128,128,16384,0,0.08597994164591281,0.08804321046293469,-0.002063268817021874
bidir_seed1,128,128,16384,0,0.08863872540934399,0.09074105885602228,-0.0021023334466782895
bidir_seed2,128,128,16384,0,0.08585308768864706,0.08796645626239247,-0.0021133685737454028
bidir_seed3,128,128,16384,0,0.08615648772617993,0.08834326005394762,-0.0021867723277676915
bidir_seed4,128,128,16384,0,0.08505950901583924,0.08711874052689295,-0.002059231511053708
bidir_seed0,16,128,2048,1,0.10205291989937204,0.09299630234517299,0.00905661755419905
bidir_seed1,16,128,2048,1,0.10296906088493644,0.0950429130130158,0.007926147871920641
bidir_seed2,16,128,2048,1,0.10119265538103003,0.09255976679808248,0.008632888582947557
bidir_seed3,16,128,2048,1,0.1012409085224831,0.09357931645298719,0.007661592069495918
bidir_seed4,16,128,2048,1,0.10075369715142571,0.09212245739356438,0.008631239757861328
bidir_seed0,32,128,4096,1,0.08978646722139665,0.08852378859881133,0.0012626786225853198
bidir_seed1,32,128,4096,1,0.09243373600971982,0.09139386858769387,0.0010398674220259557
bidir_seed2,32,128,4096,1,0.08928317896395623,0.08815827118460912,0.001124907779347109
bidir_seed3,32,128,4096,1,0.08906410976887205,0.08811942765793149,0.0009446821109405645
bidir_seed4,32,128,4096,1,0.0889395176723614,0.08773175903834711,0.0012077586340142887
bidir_seed0,64,128,8192,1,0.08502946822995372,0.08606220456904624,-0.0010327363390925243
bidir_seed1,64,128,8192,1,0.08781886890498104,0.08889471167863064,-0.0010758427736495962
bidir_seed2,64,128,8192,1,0.08492866183802102,0.08601845437757337,-0.0010897925395523533
bidir_seed3,64,128,8192,1,0.08532869132586672,0.0865502101432856,-0.0012215188174188735
bidir_seed4,64,128,8192,1,0.08431344442632241,0.08536095832382512,-0.001047513897502711
bidir_seed0,128,128,16384,1,0.08618613656207792,0.08804321046293469,-0.001857073900856765
bidir_seed1,128,128,16384,1,0.08883019910793129,0.09074105885602228,-0.0019108597480909928
bidir_seed2,128,128,16384,1,0.08610121612182983,0.08796645626239247,-0.001865240140562635
bidir_seed3,128,128,16384,1,0.08636383194268162,0.08834326005394762,-0.0019794281112660017
bidir_seed4,128,128,16384,1,0.08527001501042755,0.08711874052689295,-0.0018487255164653937
bidir_seed0,16,128,2048,2,0.08823808224024685,0.09299630234517299,-0.004758220104926145
bidir_seed1,16,128,2048,2,0.09078614874360644,0.0950429130130158,-0.004256764269409366
bidir_seed2,16,128,2048,2,0.08813347564257787,0.09255976679808248,-0.004426291155504608
bidir_seed3,16,128,2048,2,0.08886027637331018,0.09357931645298719,-0.004719040079677009
bidir_seed4,16,128,2048,2,0.08767085998591286,0.09212245739356438,-0.004451597407651525
bidir_seed0,32,128,4096,2,0.08756217218656372,0.08852378859881133,-0.0009616164122476095
bidir_seed1,32,128,4096,2,0.09038436238590226,0.09139386858769387,-0.0010095062017916046
bidir_seed2,32,128,4096,2,0.08724714187804478,0.08815827118460912,-0.00091112930656434
bidir_seed3,32,128,4096,2,0.0871260070251597,0.08811942765793149,-0.0009934206327717882
bidir_seed4,32,128,4096,2,0.08683759474324987,0.08773175903834711,-0.0008941642950972412
bidir_seed0,64,128,8192,2,0.08507772223238892,0.08606220456904624,-0.0009844823366573219
bidir_seed1,64,128,8192,2,0.08787112759317774,0.08889471167863064,-0.0010235840854529027
bidir_seed2,64,128,8192,2,0.08510623737062192,0.08601845437757337,-0.0009122170069514463
bidir_seed3,64,128,8192,2,0.08552876899027748,0.0865502101432856,-0.001021441153008118
bidir_seed4,64,128,8192,2,0.08443999066004194,0.08536095832382512,-0.000920967663783176
bidir_seed0,128,128,16384,2,0.08486958876792905,0.08804321046293469,-0.003173621695005638
bidir_seed1,128,128,16384,2,0.08751850774962985,0.09074105885602228,-0.0032225511063924267
bidir_seed2,128,128,16384,2,0.0848488835580103,0.08796645626239247,-0.0031175727043821627
bidir_seed3,128,128,16384,2,0.08511720309434415,0.08834326005394762,-0.003226056959603471
bidir_seed4,128,128,16384,2,0.08405610353483052,0.08711874052689295,-0.003062636992062426
bidir_seed0,16,128,2048,3,0.09499653420908338,0.09299630234517299,0.0020002318639103928
bidir_seed1,16,128,2048,3,0.09660254774831474,0.0950429130130158,0.001559634735298937
bidir_seed2,16,128,2048,3,0.09440191994880844,0.09255976679808248,0.0018421531507259586
bidir_seed3,16,128,2048,3,0.09530943031083441,0.09357931645298719,0.0017301138578472292
bidir_seed4,16,128,2048,3,0.09398866033792719,0.09212245739356438,0.0018662029443628075
bidir_seed0,32,128,4096,3,0.08837910471919833,0.08852378859881133,-0.0001446838796130001
bidir_seed1,32,128,4096,3,0.09105483108808196,0.09139386858769387,-0.00033903749961190777
bidir_seed2,32,128,4096,3,0.0879907689178103,0.08815827118460912,-0.00016750226679881908
bidir_seed3,32,128,4096,3,0.08789184742081314,0.08811942765793149,-0.00022758023711834385
bidir_seed4,32,128,4096,3,0.08758346732605442,0.08773175903834711,-0.0001482917122926919
bidir_seed0,64,128,8192,3,0.08498903883477492,0.08606220456904624,-0.0010731657342713252
bidir_seed1,64,128,8192,3,0.08773965327924094,0.08889471167863064,-0.0011550583993897023
bidir_seed2,64,128,8192,3,0.08497922505090794,0.08601845437757337,-0.0010392293266654334
bidir_seed3,64,128,8192,3,0.08546321196852112,0.0865502101432856,-0.0010869981747644725
bidir_seed4,64,128,8192,3,0.08428582314212874,0.08536095832382512,-0.001075135181696385
bidir_seed0,128,128,16384,3,0.08702305026551249,0.08804321046293469,-0.0010201601974221958
bidir_seed1,128,128,16384,3,0.08969256242749248,0.09074105885602228,-0.0010484964285298048
bidir_seed2,128,128,16384,3,0.08691601966314044,0.08796645626239247,-0.0010504365992520248
bidir_seed3,128,128,16384,3,0.08727731220908896,0.08834326005394762,-0.001065947844858653
bidir_seed4,128,128,16384,3,0.08606847342831238,0.08711874052689295,-0.0010502670985805679
bidir_seed0,16,128,2048,4,0.09145315695689235,0.09299630234517299,-0.0015431453882806395
bidir_seed1,16,128,2048,4,0.09355407104330242,0.0950429130130158,-0.0014888419697133837
bidir_seed2,16,128,2048,4,0.09098835371406783,0.09255976679808248,-0.00157141308401465
bidir_seed3,16,128,2048,4,0.09184337936187693,0.09357931645298719,-0.0017359370911102512
bidir_seed4,16,128,2048,4,0.09052539243417264,0.09212245739356438,-0.0015970649593917419
bidir_seed0,32,128,4096,4,0.08706864323424592,0.08852378859881133,-0.0014551453645654105
bidir_seed1,32,128,4096,4,0.08988622483598784,0.09139386858769387,-0.0015076437517060337
bidir_seed2,32,128,4096,4,0.08677984565706356,0.08815827118460912,-0.0013784255275455515
bidir_seed3,32,128,4096,4,0.086685806807801,0.08811942765793149,-0.0014336208501304903
bidir_seed4,32,128,4096,4,0.08635181870900328,0.08773175903834711,-0.0013799403293438262
bidir_seed0,64,128,8192,4,0.0854061624271109,0.08606220456904624,-0.0006560421419353479
bidir_seed1,64,128,8192,4,0.08831761614095325,0.08889471167863064,-0.0005770955376773884
bidir_seed2,64,128,8192,4,0.08541263882846216,0.08601845437757337,-0.0006058155491112105
bidir_seed3,64,128,8192,4,0.0858177802178417,0.0865502101432856,-0.0007324299254438948
bidir_seed4,64,128,8192,4,0.08473013426931425,0.08536095832382512,-0.0006308240545108701
bidir_seed0,128,128,16384,4,0.08606317150065511,0.08804321046293469,-0.001980038962279579
bidir_seed1,128,128,16384,4,0.08880123890788161,0.09074105885602228,-0.0019398199481406725
bidir_seed2,128,128,16384,4,0.08608508808591073,0.08796645626239247,-0.0018813681764817403
bidir_seed3,128,128,16384,4,0.08643028801584912,0.08834326005394762,-0.0019129720380984955
bidir_seed4,128,128,16384,4,0.08525717690281562,0.08711874052689295,-0.0018615636240773281
bidir_seed0,16,512,8192,0,0.09239776061894617,0.09299630234517299,-0.0005985417262268228
bidir_seed1,16,512,8192,0,0.09430913694708372,0.0950429130130158,-0.0007337760659320847
bidir_seed2,16,512,8192,0,0.0919444792141065,0.09255976679808248,-0.0006152875839759708
bidir_seed3,16,512,8192,0,0.09284860650545702,0.09357931645298719,-0.0007307099475301615
bidir_seed4,16,512,8192,0,0.09150741269094387,0.09212245739356438,-0.0006150447026205125
bidir_seed0,32,512,16384,0,0.0884606871345812,0.08852378859881133,-6.310146423012253e-05
bidir_seed1,32,512,16384,0,0.09112742137486719,0.09139386858769387,-0.00026644721282667594
bidir_seed2,32,512,16384,0,0.08805934803412303,0.08815827118460912,-9.892315048608269e-05
bidir_seed3,32,512,16384,0,0.08794449660026062,0.08811942765793149,-0.00017493105767087125
bidir_seed4,32,512,16384,0,0.08766444685563823,0.08773175903834711,-6.731218270887573e-05
bidir_seed0,64,512,32768,0,0.08487137594303573,0.08606220456904624,-0.0011908286260105122
bidir_seed1,64,512,32768,0,0.08759492737700221,0.08889471167863064,-0.0012997843016284288
bidir_seed2,64,512,32768,0,0.08483967915246184,0.08601845437757337,-0.0011787752251115335
bidir_seed3,64,512,32768,0,0.08531536245002562,0.0865502101432856,-0.0012348476932599745
bidir_seed4,64,512,32768,0,0.08418854629261958,0.08536095832382512,-0.0011724120312055358
bidir_seed0,128,512,65536,0,0.08767846256170728,0.08804321046293469,-0.00036474790122741074
bidir_seed1,128,512,65536,0,0.09037453892741255,0.09074105885602228,-0.0003665199286097265
bidir_seed2,128,512,65536,0,0.08756818362806963,0.08796645626239247,-0.00039827263432283544
bidir_seed3,128,512,65536,0,0.087906927869062,0.08834326005394762,-0.0004363321848856183
bidir_seed4,128,512,65536,0,0.08674627829398714,0.08711874052689295,-0.0003724622329058097
bidir_seed0,16,512,8192,1,0.0952026183556664,0.09299630234517299,0.0022063160104934115
bidir_seed1,16,512,8192,1,0.09660430536737073,0.0950429130130158,0.001561392354354929
bidir_seed2,16,512,8192,1,0.09451592801873866,0.09255976679808248,0.0019561612206561857
bidir_seed3,16,512,8192,1,0.09520950668500451,0.09357931645298719,0.0016301902320173256
bidir_seed4,16,512,8192,1,0.09408156662834624,0.09212245739356438,0.001959109234781861
bidir_seed0,32,512,16384,1,0.08876973763877787,0.08852378859881133,0.0002459490399665393
bidir_seed1,32,512,16384,1,0.09145779996339631,0.09139386858769387,6.393137570244456e-05
bidir_seed2,32,512,16384,1,0.08837056964726579,0.08815827118460912,0.0002122984626566765
bidir_seed3,32,512,16384,1,0.08831709105689857,0.08811942765793149,0.0001976633989670823
bidir_seed4,32,512,16384,1,0.08796054006852445,0.08773175903834711,0.00022878103017734408
bidir_seed0,64,512,32768,1,0.0854076625425168,0.08606220456904624,-0.0006545420265294394
bidir_seed1,64,512,32768,1,0.08814593125656393,0.08889471167863064,-0.0007487804220667055
bidir_seed2,64,512,32768,1,0.08537391172915257,0.08601845437757337,-0.0006445426484208011
bidir_seed3,64,512,32768,1,0.08593131208863389,0.0865502101432856,-0.0006188980546517064
bidir_seed4,64,512,32768,1,0.08474115476460227,0.08536095832382512,-0.0006198035592228507
bidir_seed0,128,512,65536,1,0.08810580520099655,0.08804321046293469,6.259473806186078e-05
bidir_seed1,128,512,65536,1,0.09078877482273912,0.09074105885602228,4.771596671683531e-05
bidir_seed2,128,512,65536,1,0.08803964518713665,0.08796645626239247,7.318892474418581e-05
bidir_seed3,128,512,65536,1,0.08845708225542846,0.08834326005394762,0.00011382220148084543
bidir_seed4,128,512,65536,1,0.0871888944459015,0.08711874052689295,7.015391900855317e-05
bidir_seed0,16,512,8192,2,0.09459527820448872,0.09299630234517299,0.0015989758593157322
bidir_seed1,16,512,8192,2,0.09664318994345943,0.0950429130130158,0.0016002769304436226
bidir_seed2,16,512,8192,2,0.09415183696473833,0.09255976679808248,0.0015920701666558568
bidir_seed3,16,512,8192,2,0.09540183881034073,0.09357931645298719,0.0018225223573535426
bidir_seed4,16,512,8192,2,0.09375782154815027,0.09212245739356438,0.001635364154585886
bidir_seed0,32,512,16384,2,0.08820143748648072,0.08852378859881133,-0.00032235111233060165
bidir_seed1,32,512,16384,2,0.0911474713978054,0.09139386858769387,-0.00024639718988847537
bidir_seed2,32,512,16384,2,0.0879134993178865,0.08815827118460912,-0.0002447718667226151
bidir_seed3,32,512,16384,2,0.08803645660806309,0.08811942765793149,-8.29710498684022e-05
bidir_seed4,32,512,16384,2,0.08746724610288963,0.08773175903834711,-0.0002645129354574838
bidir_seed0,64,512,32768,2,0.08826406259657459,0.08606220456904624,0.0022018580275283417
bidir_seed1,64,512,32768,2,0.09106114891025381,0.08889471167863064,0.0021664372316231723
bidir_seed2,64,512,32768,2,0.08815678545671,0.08601845437757337,0.002138331079136635
bidir_seed3,64,512,32768,2,0.08886421517138768,0.0865502101432856,0.002314005028102084
bidir_seed4,64,512,32768,2,0.0875439651689035,0.08536095832382512,0.0021830068450783835
bidir_seed0,128,512,65536,2,0.08918406732923159,0.08804321046293469,0.0011408568662969049
bidir_seed1,128,512,65536,2,0.0918126477338146,0.09074105885602228,0.0010715888777923233
bidir_seed2,128,512,65536,2,0.08907566929685601,0.08796645626239247,0.001109213034463541
bidir_seed3,128,512,65536,2,0.08951150031715807,0.08834326005394762,0.0011682402632104544
bidir_seed4,128,512,65536,2,0.0882757231137474,0.08711874052689295,0.0011569825868544548
bidir_seed0,16,512,8192,3,0.09191841005142376,0.09299630234517299,-0.0010778922937492302
bidir_seed1,16,512,8192,3,0.09384849105715029,0.0950429130130158,-0.0011944219558655128
bidir_seed2,16,512,8192,3,0.09150196275027009,0.09255976679808248,-0.0010578040478123885
bidir_seed3,16,512,8192,3,0.09258141342598507,0.09357931645298719,-0.0009979030270021172
bidir_seed4,16,512,8192,3,0.09105444470738784,0.09212245739356438,-0.0010680126861765393
bidir_seed0,32,512,16384,3,0.08697701929872485,0.08852378859881133,-0.001546769300086473
bidir_seed1,32,512,16384,3,0.08979454825280662,0.09139386858769387,-0.0015993203348872442
bidir_seed2,32,512,16384,3,0.08668808507650737,0.08815827118460912,-0.001470186108101748
bidir_seed3,32,512,16384,3,0.08670046605879161,0.08811942765793149,-0.001418961599139873
bidir_seed4,32,512,16384,3,0.08624057583875178,0.08773175903834711,-0.0014911831995953334
bidir_seed0,64,512,32768,3,0.08591532775223142,0.08606220456904624,-0.00014687681681482823
bidir_seed1,64,512,32768,3,0.08870660176246517,0.08889471167863064,-0.00018810991616546868
bidir_seed2,64,512,32768,3,0.08584821901003217,0.08601845437757337,-0.00017023536754119661
bidir_seed3,64,512,32768,3,0.0864373491876224,0.0865502101432856,-0.00011286095566319376
bidir_seed4,64,512,32768,3,0.08520566631395841,0.08536095832382512,-0.000155292009866706
bidir_seed0,128,512,65536,3,0.08777097124407846,0.08804321046293469,-0.00027223921885623226
bidir_seed1,128,512,65536,3,0.09046374738436413,0.09074105885602228,-0.0002773114716581454
bidir_seed2,128,512,65536,3,0.08767734428223431,0.08796645626239247,-0.00028911198015815764
bidir_seed3,128,512,65536,3,0.08807362522058249,0.08834326005394762,-0.0002696348333651316
bidir_seed4,128,512,65536,3,0.08685945539496166,0.08711874052689295,-0.00025928513193128333
bidir_seed0,16,512,8192,4,0.08904661927472474,0.09299630234517299,-0.003949683070448254
bidir_seed1,16,512,8192,4,0.09105318441275863,0.0950429130130158,-0.003989728600257175
bidir_seed2,16,512,8192,4,0.0886929036955127,0.09255976679808248,-0.0038668631025697703
bidir_seed3,16,512,8192,4,0.0894638338738048,0.09357931645298719,-0.004115482579182386
bidir_seed4,16,512,8192,4,0.0882248385511357,0.09212245739356438,-0.003897618842428674
bidir_seed0,32,512,16384,4,0.08687221079363973,0.08852378859881133,-0.0016515778051715974
bidir_seed1,32,512,16384,4,0.08938856475431757,0.09139386858769387,-0.0020053038333762985
bidir_seed2,32,512,16384,4,0.08653253434875652,0.08815827118460912,-0.001625736835852598
bidir_seed3,32,512,16384,4,0.0864379883351059,0.08811942765793149,-0.0016814393228255925
bidir_seed4,32,512,16384,4,0.08611739738130925,0.08773175903834711,-0.0016143616570378633
bidir_seed0,64,512,32768,4,0.08496427817197513,0.08606220456904624,-0.0010979263970711112
bidir_seed1,64,512,32768,4,0.08761177250414884,0.08889471167863064,-0.0012829391744818008
bidir_seed2,64,512,32768,4,0.08499433428076013,0.08601845437757337,-0.0010241200968132413
bidir_seed3,64,512,32768,4,0.08549681872724584,0.0865502101432856,-0.001053391416039759
bidir_seed4,64,512,32768,4,0.08427705356432928,0.08536095832382512,-0.0010839047594958379
bidir_seed0,128,512,65536,4,0.08760703600533701,0.08804321046293469,-0.0004361744575976795
bidir_seed1,128,512,65536,4,0.09029713822760717,0.09074105885602228,-0.00044392062841511204
bidir_seed2,128,512,65536,4,0.08754517481745244,0.08796645626239247,-0.00042128144494002484
bidir_seed3,128,512,65536,4,0.08790205619152777,0.08834326005394762,-0.000441203862419845
bidir_seed4,128,512,65536,4,0.08668772548593179,0.08711874052689295,-0.00043101504096115795
