model,n_calib,shots_per_label,total_calibration_shots,mae_noisy_mean,mae_noisy_std,mae_exact,penalty_mean
bidir_seed0,16,16,256,0.12324073498499533,0.018984803961541247,0.09299630234517299,0.030244432639822332
bidir_seed0,16,32,512,0.09585765205365729,0.011696337906192063,0.09299630234517299,0.002861349708484287
bidir_seed0,16,64,1024,0.08718977901883773,0.003828703707231652,0.09299630234517299,-0.005806523326335258
bidir_seed0,16,128,2048,0.09355743029292184,0.005321484162578509,0.09299630234517299,0.0005611279477488518
bidir_seed0,16,512,8192,0.09263213730104995,0.0024434388467880906,0.09299630234517299,-0.00036416504412303265
bidir_seed0,32,16,512,0.10452958602222169,0.0042432152317723355,0.08852378859881133,0.016005797423410354
bidir_seed0,32,32,1024,0.09306917841063723,0.008962172450539112,0.08852378859881133,0.004545389811825904
bidir_seed0,32,64,2048,0.08674435347252117,0.0031578151300238073,0.08852378859881133,-0.0017794351262901548
bidir_seed0,32,128,4096,0.08888613278422623,0.0018490614982169206,0.08852378859881133,0.00036234418541491455
bidir_seed0,32,512,16384,0.08785621847044087,0.0008746911022515248,0.08852378859881133,-0.000667570128370451
bidir_seed0,64,16,1024,0.09157869817098813,0.0071807128905657745,0.08606220456904624,0.005516493601941885
bidir_seed0,64,32,2048,0.09045116514751779,0.005830385953505291,0.08606220456904624,0.004388960578471543
bidir_seed0,64,64,4096,0.08655090143262187,0.0024965425836377753,0.08606220456904624,0.0004886968635756273
bidir_seed0,64,128,8192,0.08492699537902003,0.0004737502767000112,0.08606220456904624,-0.0011352091900262095
bidir_seed0,64,512,32768,0.08588454140126674,0.0013931861883095793,0.08606220456904624,-0.00017766316777950985
bidir_seed0,128,16,2048,0.09156033460510152,0.006650454935553358,0.08804321046293469,0.003517124142166836
bidir_seed0,128,32,4096,0.08807663981905925,0.004238023745942511,0.08804321046293469,3.3429356124559104e-05
bidir_seed0,128,64,8192,0.08898599133387933,0.0017991311364849798,0.08804321046293469,0.0009427808709446484
bidir_seed0,128,128,16384,0.08602437774841748,0.0007682007911467072,0.08804321046293469,-0.00201883271451721
bidir_seed0,128,512,65536,0.08806926846827018,0.0006518206757984489,0.08804321046293469,2.6058005335488633e-05
bidir_seed1,16,16,256,0.12430524284583806,0.018959077018397483,0.0950429130130158,0.029262329832822252
bidir_seed1,16,32,512,0.09774844874708709,0.011922358646107425,0.0950429130130158,0.0027055357340712905
bidir_seed1,16,64,1024,0.08923742911445252,0.0037694861592249183,0.0950429130130158,-0.0058054838985632795
bidir_seed1,16,128,2048,0.09533623398744703,0.004752155153931494,0.0950429130130158,0.0002933209744312382
bidir_seed1,16,512,8192,0.09449166154556457,0.0023109763555589848,0.0950429130130158,-0.0005512514674512442
bidir_seed1,32,16,512,0.10691927263145704,0.004658260987510482,0.09139386858769387,0.015525404043763163
bidir_seed1,32,32,1024,0.09569285010598808,0.009149785844725521,0.09139386858769387,0.004298981518294195
bidir_seed1,32,64,2048,0.08941035168356334,0.0033073551567582584,0.09139386858769387,-0.0019835169041305307
bidir_seed1,32,128,4096,0.09157899198463264,0.0017201183369951543,0.09139386858769387,0.00018512339693877445
bidir_seed1,32,512,16384,0.09058316114863862,0.0009258278933267166,0.09139386858769387,-0.0008107074390552499
bidir_seed1,64,16,1024,0.09422521144257374,0.007062293464407825,0.08889471167863064,0.005330499763943106
bidir_seed1,64,32,2048,0.0928318776531256,0.00594605643761094,0.08889471167863064,0.0039371659744949685
bidir_seed1,64,64,4096,0.08924152183823511,0.002648430427021894,0.08889471167863064,0.000346810159604477
bidir_seed1,64,128,8192,0.08769603708369644,0.0005834386684864403,0.08889471167863064,-0.0011986745949342016
bidir_seed1,64,512,32768,0.08862407636208679,0.0014368944396657226,0.08889471167863064,-0.00027063531654384634
bidir_seed1,128,16,2048,0.09416956350274046,0.006305173222552202,0.09074105885602228,0.0034285046467181805
bidir_seed1,128,32,4096,0.09058159914959757,0.004368645098188278,0.09074105885602228,-0.00015945970642471108
bidir_seed1,128,64,8192,0.09164877272493292,0.001815934494244316,0.09074105885602228,0.0009077138689106451
bidir_seed1,128,128,16384,0.08869624672045584,0.0007765290358790545,0.09074105885602228,-0.0020448121355664374
bidir_seed1,128,512,65536,0.09074736941918751,0.0006242364245949598,0.09074105885602228,6.310563165234928e-06
bidir_seed2,16,16,256,0.12244664532447418,0.018867801097441197,0.09255976679808248,0.029886878526391714
bidir_seed2,16,32,512,0.09546541328785992,0.011604351067431608,0.09255976679808248,0.0029056464897774387
bidir_seed2,16,64,1024,0.08694238103867603,0.003677747141990718,0.09255976679808248,-0.005617385759406443
bidir_seed2,16,128,2048,0.09304115270453114,0.005077145191058008,0.09255976679808248,0.0004813859064486642
bidir_seed2,16,512,8192,0.09216142212867326,0.0023461681646410114,0.09255976679808248,-0.0003983446694092174
bidir_seed2,32,16,512,0.10387899198152398,0.0042222572870644496,0.08815827118460912,0.01572072079691486
bidir_seed2,32,32,1024,0.0927137922016352,0.008866793061888327,0.08815827118460912,0.004555521017026077
bidir_seed2,32,64,2048,0.08653357207454043,0.0030454948240561637,0.08815827118460912,-0.0016246991100686836
bidir_seed2,32,128,4096,0.08847528908827348,0.0017343203829161566,0.08815827118460912,0.00031701790366436833
bidir_seed2,32,512,16384,0.08751280728490785,0.0008420390306427117,0.08815827118460912,-0.0006454638997012735
bidir_seed2,64,16,1024,0.09148871569248236,0.007237569745819571,0.08601845437757337,0.005470261314908992
bidir_seed2,64,32,2048,0.09030414787235046,0.0058473979913731015,0.08601845437757337,0.004285693494777096
bidir_seed2,64,64,4096,0.08655212971873087,0.0024312261598889388,0.08601845437757337,0.0005336753411575052
bidir_seed2,64,128,8192,0.08488594939959462,0.000528223745223096,0.08601845437757337,-0.0011325049779787571
bidir_seed2,64,512,32768,0.08584258592582335,0.0013509773825295494,0.08601845437757337,-0.00017586845175002753
bidir_seed2,128,16,2048,0.09142419194282948,0.006557909393140945,0.08796645626239247,0.003457735680437013
bidir_seed2,128,32,4096,0.08796950153692537,0.004209092647338396,0.08796645626239247,3.045274532897935e-06
bidir_seed2,128,64,8192,0.08894681255502043,0.0017774048996551284,0.08796645626239247,0.0009803562926279596
bidir_seed2,128,128,16384,0.08596085902350767,0.0007408726137104092,0.08796645626239247,-0.002005597238884793
bidir_seed2,128,512,65536,0.0879812034423498,0.0006430994600599757,0.08796645626239247,1.4747179957341761e-05
bidir_seed3,16,16,256,0.12281597525253041,0.018520680889132477,0.09357931645298719,0.0292366587995432
bidir_seed3,16,32,512,0.09621494179691695,0.012383044492932226,0.09357931645298719,0.002635625343929751
bidir_seed3,16,64,1024,0.08760589248458149,0.00412549566150798,0.09357931645298719,-0.005973423968405689
bidir_seed3,16,128,2048,0.09374791879821474,0.004775395824111062,0.09357931645298719,0.00016860234522756424
bidir_seed3,16,512,8192,0.09310103986011843,0.002413623302084479,0.09357931645298719,-0.0004782765928687593
bidir_seed3,32,16,512,0.10364102760637428,0.004105436073229532,0.08811942765793149,0.015521599948442797
bidir_seed3,32,32,1024,0.09278324193596448,0.008974505367050072,0.08811942765793149,0.004663814278032985
bidir_seed3,32,64,2048,0.08652436167073504,0.0030498506297235253,0.08811942765793149,-0.0015950659871964451
bidir_seed3,32,128,4096,0.0883165180028421,0.0016626245646374407,0.08811942765793149,0.00019709034491061927
bidir_seed3,32,512,16384,0.08748729973182395,0.0008543005224594711,0.08811942765793149,-0.0006321279261075313
bidir_seed3,64,16,1024,0.09198091067695982,0.007554281991335483,0.0865502101432856,0.005430700533674229
bidir_seed3,64,32,2048,0.09070191496400802,0.005949546274310937,0.0865502101432856,0.004151704820722427
bidir_seed3,64,64,4096,0.08707285023121983,0.00251828340990075,0.0865502101432856,0.0005226400879342258
bidir_seed3,64,128,8192,0.08530427617832101,0.0005451655378796664,0.0865502101432856,-0.001245933964964588
bidir_seed3,64,512,32768,0.08640901152498308,0.001439200187545992,0.0865502101432856,-0.0001411986183025099
bidir_seed3,128,16,2048,0.09174685644635194,0.006852134789496109,0.08834326005394762,0.003403596392404326
bidir_seed3,128,32,4096,0.08829108651068274,0.004401154189833276,0.08834326005394762,-5.217354326487456e-05
bidir_seed3,128,64,8192,0.08927308400449824,0.0017530652035773226,0.08834326005394762,0.0009298239505506206
bidir_seed3,128,128,16384,0.08626902459762875,0.0007731422173540448,0.08834326005394762,-0.0020742354563188627
bidir_seed3,128,512,65536,0.08837023837075175,0.0006767294927430651,0.08834326005394762,2.6978316804140977e-05
bidir_seed4,16,16,256,0.12205357714032657,0.0189507733198811,0.09212245739356438,0.029931119746762193
bidir_seed4,16,32,512,0.09500128845868086,0.011609226528608746,0.09212245739356438,0.0028788310651164774
bidir_seed4,16,64,1024,0.08646559423666632,0.0037564613370423806,0.09212245739356438,-0.0056568631568980595
bidir_seed4,16,128,2048,0.09259810324932338,0.005086854035849619,0.09212245739356438,0.0004756458557589993
bidir_seed4,16,512,8192,0.09172521682519279,0.0023682212888063107,0.09212245739356438,-0.0003972405683715957
bidir_seed4,32,16,512,0.1035453131390428,0.00423045497665205,0.08773175903834711,0.01581355410069569
bidir_seed4,32,32,1024,0.09235267438411149,0.008968871689481937,0.08773175903834711,0.004620915345764379
bidir_seed4,32,64,2048,0.08610479159825232,0.003107533675465614,0.08773175903834711,-0.001626967440094776
bidir_seed4,32,128,4096,0.08809750062959192,0.0017872852801893418,0.08773175903834711,0.0003657415912448114
bidir_seed4,32,512,16384,0.08709004124942267,0.0008511200082969206,0.08773175903834711,-0.0006417177889244425
bidir_seed4,64,16,1024,0.09089997499109032,0.007199274519016758,0.08536095832382512,0.005539016667265198
bidir_seed4,64,32,2048,0.08973708255440956,0.005860491377221586,0.08536095832382512,0.00437612423058443
bidir_seed4,64,64,4096,0.08590688152180408,0.002491664468284986,0.08536095832382512,0.0005459231979789592
bidir_seed4,64,128,8192,0.08423571616797859,0.0004944385616573426,0.08536095832382512,-0.0011252421558465315
bidir_seed4,64,512,32768,0.08519127722088261,0.0013765202560357705,0.08536095832382512,-0.00016968110294250937
bidir_seed4,128,16,2048,0.0905950202656702,0.0066280624477587785,0.08711874052689295,0.0034762797387772717
bidir_seed4,128,32,4096,0.08728308939176695,0.004192766172468745,0.08711874052689295,0.00016434886487400323
bidir_seed4,128,64,8192,0.08805228884738724,0.001840182247650993,0.08711874052689295,0.0009335483204942902
bidir_seed4,128,128,16384,0.08514225557844506,0.0007200663414122931,0.08711874052689295,-0.0019764849484478846
bidir_seed4,128,512,65536,0.0871516153469059,0.0006576202114060268,0.08711874052689295,3.287482001295139e-05
