method,checkpoint,repeat,per_query_shots,readout_error,mitigation,offline_quantum_shots,fusion_weight,mean_oracle_sigma,mae_F_e,rmse_F_e,bias_F_e,pearson
stratified_dfe,none,0,32,0.0,none,0,1.0,0.11340915758250834,0.09116069857393289,0.11374205147330768,-0.003618186938443354,0.8686581091771832
stratified_dfe,none,0,32,0.0,calibrated_symmetric,0,1.0,0.11340915758250834,0.09116069857393289,0.11374205147330768,-0.003618186938443354,0.8686581091771832
measurement_conditioned_hybrid,bidir_seed0,0,32,0.0,none,6144,0.37095696601307243,,0.06539404902037911,0.08423810503524648,0.013851477888736264,0.9079810469095514
measurement_conditioned_hybrid,bidir_seed0,0,32,0.0,calibrated_symmetric,6144,0.37095696601307243,,0.06539404902037911,0.08423810503524648,0.013851477888736264,0.9079810469095514
measurement_conditioned_hybrid,bidir_seed1,0,32,0.0,none,6144,0.3796192465961444,,0.06637471347009594,0.08554951186308128,0.015149009925765034,0.9054590464676807
measurement_conditioned_hybrid,bidir_seed1,0,32,0.0,calibrated_symmetric,6144,0.3796192465961444,,0.06637471347009594,0.08554951186308128,0.015149009925765034,0.9054590464676807
measurement_conditioned_hybrid,bidir_seed2,0,32,0.0,none,6144,0.3686671884387631,,0.06534916165826096,0.08427234866393284,0.014023328420926047,0.9079209306535992
measurement_conditioned_hybrid,bidir_seed2,0,32,0.0,calibrated_symmetric,6144,0.3686671884387631,,0.06534916165826096,0.08427234866393284,0.014023328420926047,0.9079209306535992
measurement_conditioned_hybrid,bidir_seed3,0,32,0.0,none,6144,0.38410258389856305,,0.06533419417812142,0.08368424617739464,0.013094916532738025,0.9090146944465243
measurement_conditioned_hybrid,bidir_seed3,0,32,0.0,calibrated_symmetric,6144,0.38410258389856305,,0.06533419417812142,0.08368424617739464,0.013094916532738025,0.9090146944465243
measurement_conditioned_hybrid,bidir_seed4,0,32,0.0,none,6144,0.37002689757306784,,0.06520554861076501,0.0840145037165488,0.013867064747813813,0.9085205469640328
measurement_conditioned_hybrid,bidir_seed4,0,32,0.0,calibrated_symmetric,6144,0.37002689757306784,,0.06520554861076501,0.0840145037165488,0.013867064747813813,0.9085205469640328
stratified_dfe,none,0,32,0.01,none,0,1.0,0.11663906062234776,0.09457985245223556,0.11811149930109298,-0.014422378406697323,0.8581475537510332
stratified_dfe,none,0,32,0.01,calibrated_symmetric,0,1.0,0.11901944961464057,0.09583497482335666,0.11963218577200227,-0.005657990955288177,0.8582292555034006
measurement_conditioned_hybrid,bidir_seed0,0,32,0.01,none,6144,0.4050230633218127,,0.06548646888047828,0.08407460474187657,0.008498062619915606,0.9065459306534388
measurement_conditioned_hybrid,bidir_seed0,0,32,0.01,calibrated_symmetric,6144,0.4010968546107573,,0.06562131027941508,0.08447078456113855,0.012190950396962568,0.9066003873394498
measurement_conditioned_hybrid,bidir_seed1,0,32,0.01,none,6144,0.41276149179817795,,0.06635932654851531,0.08526221030695673,0.009654875479484418,0.9040620605201183
measurement_conditioned_hybrid,bidir_seed1,0,32,0.01,calibrated_symmetric,6144,0.4087229408855801,,0.06652083577842895,0.08570518404850148,0.01342944609600949,0.9041148477009524
measurement_conditioned_hybrid,bidir_seed2,0,32,0.01,none,6144,0.40394023383989525,,0.065417824241951,0.08398756051700648,0.008642128511018757,0.9067604371544374
measurement_conditioned_hybrid,bidir_seed2,0,32,0.01,calibrated_symmetric,6144,0.4000325862964571,,0.06556103418869288,0.08439502630924917,0.012325572901293401,0.9068162314469035
measurement_conditioned_hybrid,bidir_seed3,0,32,0.01,none,6144,0.4152607101031432,,0.06566180046737581,0.08386653805070342,0.007730663009024062,0.9068661704685834
measurement_conditioned_hybrid,bidir_seed3,0,32,0.01,calibrated_symmetric,6144,0.4111453321054504,,0.06578157442445548,0.08424748289865158,0.011516961026411998,0.906906085125686
measurement_conditioned_hybrid,bidir_seed4,0,32,0.01,none,6144,0.40445531492170395,,0.06527951570111919,0.08377519433166065,0.008510325037506159,0.9072630479610829
measurement_conditioned_hybrid,bidir_seed4,0,32,0.01,calibrated_symmetric,6144,0.4005159096000657,,0.06541900985663558,0.08417189536073083,0.012198529923953049,0.9073150323807124
stratified_dfe,none,0,32,0.03,none,0,1.0,0.1226239465587487,0.10006153002743506,0.12580243092978766,-0.022544898247967165,0.8298338631090332
stratified_dfe,none,0,32,0.03,calibrated_symmetric,0,1.0,0.1304510069773922,0.1036527285490192,0.1305381794385724,0.004427817367534358,0.8300076289650105
measurement_conditioned_hybrid,bidir_seed0,0,32,0.03,none,6144,0.40913264729697557,,0.06861796179454997,0.0870632495818554,0.0049145533453578355,0.8989419629909491
measurement_conditioned_hybrid,bidir_seed0,0,32,0.03,calibrated_symmetric,6144,0.41321780067042296,,0.06880317091291036,0.08803100325077608,0.015911805877402256,0.8993874900424144
measurement_conditioned_hybrid,bidir_seed1,0,32,0.03,none,6144,0.41761031854790315,,0.0696870873647075,0.08837154210799385,0.005959807615955873,0.8959199384571935
measurement_conditioned_hybrid,bidir_seed1,0,32,0.03,calibrated_symmetric,6144,0.4213521183035377,,0.069865424056114,0.08945111052455669,0.017184194848351656,0.8964082753050353
measurement_conditioned_hybrid,bidir_seed2,0,32,0.03,none,6144,0.40886236548142885,,0.06853652392866885,0.0869681008755789,0.005028629788093877,0.8991296393958662
measurement_conditioned_hybrid,bidir_seed2,0,32,0.03,calibrated_symmetric,6144,0.41296216408381975,,0.06879888624064273,0.08797612395436245,0.016017568342952898,0.899576069841295
measurement_conditioned_hybrid,bidir_seed3,0,32,0.03,none,6144,0.4223430393230857,,0.06883313088183693,0.08701148135925374,0.003926170393827539,0.8989321733069284
measurement_conditioned_hybrid,bidir_seed3,0,32,0.03,calibrated_symmetric,6144,0.4258915268189025,,0.06902236683177475,0.08800414280462636,0.015294101215059737,0.8991835257771685
measurement_conditioned_hybrid,bidir_seed4,0,32,0.03,none,6144,0.40926629461887887,,0.06840411321151586,0.08681946496180569,0.004898663880310447,0.8995421086077898
measurement_conditioned_hybrid,bidir_seed4,0,32,0.03,calibrated_symmetric,6144,0.41334715140350586,,0.0686433606633235,0.08780497752562999,0.01589968744129977,0.8999451237307108
stratified_dfe,none,0,32,0.05,none,0,1.0,0.12806756113651066,0.1098388665529441,0.13761557180796558,-0.04150261154161796,0.8066895218107214
stratified_dfe,none,0,32,0.05,calibrated_symmetric,0,1.0,0.14229729015167847,0.11418997524803048,0.1430506679489297,0.003105798952209206,0.8072789762922317
measurement_conditioned_hybrid,bidir_seed0,0,32,0.05,none,6144,0.3038616920625701,,0.07168857993876715,0.0922791825354752,0.004005383232192036,0.8858876392262566
measurement_conditioned_hybrid,bidir_seed0,0,32,0.05,calibrated_symmetric,6144,0.3078083886959111,,0.07064708088041796,0.09273340791391238,0.017593284713378867,0.8880968012277056
measurement_conditioned_hybrid,bidir_seed1,0,32,0.05,none,6144,0.31057852676509307,,0.07291095557196191,0.09389630947881258,0.005269278930885967,0.8818657656999954
measurement_conditioned_hybrid,bidir_seed1,0,32,0.05,calibrated_symmetric,6144,0.314212185068872,,0.0719091627584867,0.09449076175293705,0.019157062043310576,0.8842171898174508
measurement_conditioned_hybrid,bidir_seed2,0,32,0.05,none,6144,0.302426171945558,,0.07161382962359791,0.09219421070389996,0.0042201867561392735,0.8860316915412151
measurement_conditioned_hybrid,bidir_seed2,0,32,0.05,calibrated_symmetric,6144,0.30642058891547824,,0.07062159541907131,0.09269474333638826,0.01774179612089611,0.8882591052750107
measurement_conditioned_hybrid,bidir_seed3,0,32,0.05,none,6144,0.3151136364901307,,0.07184461495417338,0.09198800536588715,0.0028239621540433724,0.8866546127696673
measurement_conditioned_hybrid,bidir_seed3,0,32,0.05,calibrated_symmetric,6144,0.3185949597335853,,0.07075663643627755,0.09242276844226682,0.016930267390783304,0.8886011692580286
measurement_conditioned_hybrid,bidir_seed4,0,32,0.05,none,6144,0.3031226338215548,,0.07146412808702585,0.09198223182938194,0.004043057539456166,0.8866984522594634
measurement_conditioned_hybrid,bidir_seed4,0,32,0.05,calibrated_symmetric,6144,0.30707796532120063,,0.07042723354120943,0.09245107298144861,0.01759758595161126,0.8888528966693364
stratified_dfe,none,0,64,0.0,none,0,1.0,0.08019238437524542,0.06464439701466333,0.08094188580246821,-0.0004327330693957352,0.9257096880310207
stratified_dfe,none,0,64,0.0,calibrated_symmetric,0,1.0,0.08019238437524542,0.06464439701466333,0.08094188580246821,-0.0004327330693957352,0.9257096880310207
measurement_conditioned_hybrid,bidir_seed0,0,64,0.0,none,8192,0.658504167256992,,0.052910668667313816,0.06642166157619044,0.00796340574608801,0.9429550444217885
measurement_conditioned_hybrid,bidir_seed0,0,64,0.0,calibrated_symmetric,8192,0.658504167256992,,0.052910668667313816,0.06642166157619044,0.00796340574608801,0.9429550444217885
measurement_conditioned_hybrid,bidir_seed1,0,64,0.0,none,8192,0.6687410312276795,,0.05336908986929046,0.06702442957696339,0.008533003170954949,0.9419923864816588
measurement_conditioned_hybrid,bidir_seed1,0,64,0.0,calibrated_symmetric,8192,0.6687410312276795,,0.05336908986929046,0.06702442957696339,0.008533003170954949,0.9419923864816588
measurement_conditioned_hybrid,bidir_seed2,0,64,0.0,none,8192,0.6570680759201483,,0.05294785396834466,0.06644726633028587,0.008057519049988787,0.9429346999287885
measurement_conditioned_hybrid,bidir_seed2,0,64,0.0,calibrated_symmetric,8192,0.6570680759201483,,0.05294785396834466,0.06644726633028587,0.008057519049988787,0.9429346999287885
measurement_conditioned_hybrid,bidir_seed3,0,64,0.0,none,8192,0.6703686122965642,,0.05300900738128641,0.06641918544014416,0.007462178196301997,0.9428693816113801
measurement_conditioned_hybrid,bidir_seed3,0,64,0.0,calibrated_symmetric,8192,0.6703686122965642,,0.05300900738128641,0.06641918544014416,0.007462178196301997,0.9428693816113801
measurement_conditioned_hybrid,bidir_seed4,0,64,0.0,none,8192,0.6579958482967444,,0.05285677312717017,0.06636719068989912,0.007970342761493835,0.9430554115392237
measurement_conditioned_hybrid,bidir_seed4,0,64,0.0,calibrated_symmetric,8192,0.6579958482967444,,0.05285677312717017,0.06636719068989912,0.007970342761493835,0.9430554115392237
stratified_dfe,none,0,64,0.01,none,0,1.0,0.08247627071729091,0.06735029013916141,0.08459011869158592,-0.007997217196379863,0.9189451145442452
stratified_dfe,none,0,64,0.01,calibrated_symmetric,0,1.0,0.08415945991560297,0.06844248128831652,0.08593968167008717,0.000964096123590997,0.9189451145442444
measurement_conditioned_hybrid,bidir_seed0,0,64,0.01,none,8192,0.5972707535945634,,0.054601399682759816,0.06874594482181319,0.004950867243773575,0.938248930336306
measurement_conditioned_hybrid,bidir_seed0,0,64,0.01,calibrated_symmetric,8192,0.6041995615555866,,0.05500429975832287,0.06912707964443483,0.010142521811451357,0.9385127841302097
measurement_conditioned_hybrid,bidir_seed1,0,64,0.01,none,8192,0.6041612509755366,,0.05515157768458883,0.06940994855553315,0.0057107281091172395,0.9371499181259244
measurement_conditioned_hybrid,bidir_seed1,0,64,0.01,calibrated_symmetric,8192,0.6108039019743554,,0.055558313508099665,0.0698230028540419,0.01095429741824021,0.9374297782446426
measurement_conditioned_hybrid,bidir_seed2,0,64,0.01,none,8192,0.5964470439722799,,0.05455263272431992,0.06868326068505892,0.005046550382180716,0.9383627060835064
measurement_conditioned_hybrid,bidir_seed2,0,64,0.01,calibrated_symmetric,8192,0.6034352483067001,,0.05495684821845744,0.06907831064450334,0.010228247737366204,0.9386311652401014
measurement_conditioned_hybrid,bidir_seed3,0,64,0.01,none,8192,0.6084388390577664,,0.05462723496345174,0.0686440705575075,0.004342915327015247,0.9383435351187376
measurement_conditioned_hybrid,bidir_seed3,0,64,0.01,calibrated_symmetric,8192,0.6150604781835469,,0.05501349984427964,0.06904380421022378,0.009645982629939652,0.9385406582132458
measurement_conditioned_hybrid,bidir_seed4,0,64,0.01,none,8192,0.5971044428121322,,0.054510473720561496,0.06861206910895797,0.004949663536487389,0.9384962078109704
measurement_conditioned_hybrid,bidir_seed4,0,64,0.01,calibrated_symmetric,8192,0.6040302965392667,,0.05490999936188983,0.0690024789804436,0.01014000885691688,0.9387461835516525
stratified_dfe,none,0,64,0.03,none,0,1.0,0.08670822414754802,0.072388950836963,0.09126358803127965,-0.02892355648209415,0.9088354666463162
stratified_dfe,none,0,64,0.03,calibrated_symmetric,0,1.0,0.09224279164632768,0.07278081347820045,0.09136888174840947,-0.0022313428612734726,0.9088354666463166
measurement_conditioned_hybrid,bidir_seed0,0,64,0.03,none,8192,0.6128731980679417,,0.05764056694766506,0.07195995333904237,-0.008437707894678374,0.9330277103842735
measurement_conditioned_hybrid,bidir_seed0,0,64,0.03,calibrated_symmetric,8192,0.5943016725251147,,0.05713800084787986,0.07178694373114339,0.008409292625596062,0.9329883991898722
measurement_conditioned_hybrid,bidir_seed1,0,64,0.03,none,8192,0.61932288995722,,0.05812897257077483,0.07257449712573598,-0.007836883039457504,0.9317524696435627
measurement_conditioned_hybrid,bidir_seed1,0,64,0.03,calibrated_symmetric,8192,0.6003730407817425,,0.05765829544444554,0.07253562887362158,0.009239237196446076,0.9316985141187045
measurement_conditioned_hybrid,bidir_seed2,0,64,0.03,none,8192,0.6135681315715823,,0.057580488045122426,0.07186823300131373,-0.008408398723299794,0.9331557942385272
measurement_conditioned_hybrid,bidir_seed2,0,64,0.03,calibrated_symmetric,8192,0.5947352723603763,,0.05710270013713252,0.07173554449882937,0.00846729934166996,0.9331150568042839
measurement_conditioned_hybrid,bidir_seed3,0,64,0.03,none,8192,0.6274069833530774,,0.057890848033574104,0.07215677203266026,-0.009447416441929129,0.9328163131324902
measurement_conditioned_hybrid,bidir_seed3,0,64,0.03,calibrated_symmetric,8192,0.6073061313674515,,0.05728471569508484,0.07183097351870886,0.00781516793089627,0.9327936906176172
measurement_conditioned_hybrid,bidir_seed4,0,64,0.03,none,8192,0.6132366802119112,,0.05756331157107722,0.07181748338610171,-0.0084633255681093,0.9333063816691229
measurement_conditioned_hybrid,bidir_seed4,0,64,0.03,calibrated_symmetric,8192,0.5945851793002582,,0.05702960556539736,0.07164152195327217,0.008395190219923904,0.9332718141173679
stratified_dfe,none,0,64,0.05,none,0,1.0,0.09055744092964942,0.08269673862331917,0.10340208111193382,-0.04426953862495129,0.8898853454084266
stratified_dfe,none,0,64,0.05,calibrated_symmetric,0,1.0,0.10061937881072158,0.08111392343835659,0.1013544767780766,0.00043962831728856794,0.8899161620814087
measurement_conditioned_hybrid,bidir_seed0,0,64,0.05,none,8192,0.5972894332873694,,0.06328662557246968,0.07863359269140316,-0.016839798447497868,0.9225869704638866
measurement_conditioned_hybrid,bidir_seed0,0,64,0.05,calibrated_symmetric,8192,0.5849052158907165,,0.061299534670478086,0.07722750048059747,0.010176400110654842,0.922520596445789
measurement_conditioned_hybrid,bidir_seed1,0,64,0.05,none,8192,0.6060058839074431,,0.06391223696283775,0.0793796156159739,-0.016461206815700704,0.9208522276724187
measurement_conditioned_hybrid,bidir_seed1,0,64,0.05,calibrated_symmetric,8192,0.5924444286681361,,0.06196906526512429,0.07812244410191556,0.011006684304649518,0.9208136809108084
measurement_conditioned_hybrid,bidir_seed2,0,64,0.05,none,8192,0.5970414638371642,,0.06317403300648376,0.07850184692796923,-0.016753681451492638,0.9227767960153491
measurement_conditioned_hybrid,bidir_seed2,0,64,0.05,calibrated_symmetric,8192,0.5846779030494519,,0.06124030620126648,0.07716383618483266,0.010253050427607501,0.9227100597079726
measurement_conditioned_hybrid,bidir_seed3,0,64,0.05,none,8192,0.6106319685423957,,0.06361618438327561,0.07893505877171826,-0.018003023566033012,0.9224317411594996
measurement_conditioned_hybrid,bidir_seed3,0,64,0.05,calibrated_symmetric,8192,0.5964253522709494,,0.06143242025603459,0.0772853741360203,0.009644583722597064,0.922306458668564
measurement_conditioned_hybrid,bidir_seed4,0,64,0.05,none,8192,0.5983096340884937,,0.06320386403287363,0.07852530113017848,-0.016916348448121163,0.9228376024553911
measurement_conditioned_hybrid,bidir_seed4,0,64,0.05,calibrated_symmetric,8192,0.5857755819048821,,0.061220063419267064,0.07712289324870848,0.010148866416935975,0.9227494658963826
stratified_dfe,none,1,32,0.0,none,0,1.0,0.11340915758250834,0.09078463592884382,0.11475685489333705,0.0013731325060010902,0.8653185407935409
stratified_dfe,none,1,32,0.0,calibrated_symmetric,0,1.0,0.11340915758250834,0.09078463592884382,0.11475685489333705,0.0013731325060010902,0.8653185407935409
measurement_conditioned_hybrid,bidir_seed0,1,32,0.0,none,6144,0.427264500315116,,0.06381010735226805,0.08200013301279167,0.006727118817921314,0.9111240446877058
measurement_conditioned_hybrid,bidir_seed0,1,32,0.0,calibrated_symmetric,6144,0.427264500315116,,0.06381010735226805,0.08200013301279167,0.006727118817921314,0.9111240446877058
measurement_conditioned_hybrid,bidir_seed1,1,32,0.0,none,6144,0.4385753687400795,,0.06458506796240657,0.08300128157692672,0.007968521938305675,0.9091262245445986
measurement_conditioned_hybrid,bidir_seed1,1,32,0.0,calibrated_symmetric,6144,0.4385753687400795,,0.06458506796240657,0.08300128157692672,0.007968521938305675,0.9091262245445986
measurement_conditioned_hybrid,bidir_seed2,1,32,0.0,none,6144,0.4222655584731639,,0.06377398654733593,0.08202240369392855,0.006887907225773334,0.9110611696572859
measurement_conditioned_hybrid,bidir_seed2,1,32,0.0,calibrated_symmetric,6144,0.4222655584731639,,0.06377398654733593,0.08202240369392855,0.006887907225773334,0.9110611696572859
measurement_conditioned_hybrid,bidir_seed3,1,32,0.0,none,6144,0.43529415645473035,,0.06398102393909226,0.08196177815030217,0.006327123824948993,0.9110971747210619
measurement_conditioned_hybrid,bidir_seed3,1,32,0.0,calibrated_symmetric,6144,0.43529415645473035,,0.06398102393909226,0.08196177815030217,0.006327123824948993,0.9110971747210619
measurement_conditioned_hybrid,bidir_seed4,1,32,0.0,none,6144,0.42578541722533775,,0.0636080784590769,0.08175281195792641,0.00673754908840352,0.9116977678297977
measurement_conditioned_hybrid,bidir_seed4,1,32,0.0,calibrated_symmetric,6144,0.42578541722533775,,0.0636080784590769,0.08175281195792641,0.00673754908840352,0.9116977678297977
stratified_dfe,none,1,32,0.01,none,0,1.0,0.11663906062234776,0.09337772365053376,0.11648636540523266,-0.01087265122415764,0.8581644775200342
stratified_dfe,none,1,32,0.01,calibrated_symmetric,0,1.0,0.11901944961464057,0.09481317047793013,0.11818748012751919,-0.0020256972640021378,0.8582248584428473
measurement_conditioned_hybrid,bidir_seed0,1,32,0.01,none,6144,0.4009670640414149,,0.06562297834677558,0.08393970173306754,0.0019882091746749033,0.9062762186536544
measurement_conditioned_hybrid,bidir_seed0,1,32,0.01,calibrated_symmetric,6144,0.3933742321968668,,0.06535558315075314,0.08409862702714561,0.005654152547145788,0.9061100725026829
measurement_conditioned_hybrid,bidir_seed1,1,32,0.01,none,6144,0.4125410598115551,,0.06645125682180952,0.08499215719481078,0.003145736320298729,0.9039442254430325
measurement_conditioned_hybrid,bidir_seed1,1,32,0.01,calibrated_symmetric,6144,0.40473358558642797,,0.06622469426108196,0.08520536549304573,0.00693617362173024,0.9037658582048964
measurement_conditioned_hybrid,bidir_seed2,1,32,0.01,none,6144,0.39599050122618745,,0.06554108275787782,0.08394975459439823,0.002215843282564865,0.9061931182140117
measurement_conditioned_hybrid,bidir_seed2,1,32,0.01,calibrated_symmetric,6144,0.3885175604682772,,0.06527552574463462,0.08412432139154358,0.005837432047844134,0.9060229219249227
measurement_conditioned_hybrid,bidir_seed3,1,32,0.01,none,6144,0.4092694751158198,,0.06570446865087137,0.08380087861606202,0.0014674759051722314,0.9065377112414496
measurement_conditioned_hybrid,bidir_seed3,1,32,0.01,calibrated_symmetric,6144,0.40163320014105075,,0.06541735438319955,0.08393837836260852,0.005203466726313741,0.906385471433038
measurement_conditioned_hybrid,bidir_seed4,1,32,0.01,none,6144,0.4005721781539665,,0.06540769032869152,0.08368145701139147,0.0019932642763182194,0.9068793866767955
measurement_conditioned_hybrid,bidir_seed4,1,32,0.01,calibrated_symmetric,6144,0.3930650631155354,,0.0651425133971392,0.08383702191848959,0.005654545098705179,0.9067230230215847
stratified_dfe,none,1,32,0.03,none,0,1.0,0.1226239465587487,0.10004071149575923,0.1250359096890901,-0.027644724636856053,0.8388691374968635
stratified_dfe,none,1,32,0.03,calibrated_symmetric,0,1.0,0.1304510069773922,0.10305891482081492,0.1290440884883372,-0.0009658682538773282,0.8389850859308335
measurement_conditioned_hybrid,bidir_seed0,1,32,0.03,none,6144,0.4183440281361642,,0.06851344159954335,0.08582286404641498,-0.005504027180121892,0.9021602685940361
measurement_conditioned_hybrid,bidir_seed0,1,32,0.03,calibrated_symmetric,6144,0.38968681827605434,,0.06767356374230862,0.08586768269038622,0.006030430499954717,0.9017183395544778
measurement_conditioned_hybrid,bidir_seed1,1,32,0.03,none,6144,0.43005171248369684,,0.06941468654802722,0.08692672478682904,-0.004590512914222335,0.8993936243705755
measurement_conditioned_hybrid,bidir_seed1,1,32,0.03,calibrated_symmetric,6144,0.4003867434911868,,0.06866864387077307,0.08712155783334247,0.0073404035174822364,0.8989214578601467
measurement_conditioned_hybrid,bidir_seed2,1,32,0.03,none,6144,0.41350478146102304,,0.06839376275835796,0.08573731329283511,-0.005200552119781403,0.9022542546250577
measurement_conditioned_hybrid,bidir_seed2,1,32,0.03,calibrated_symmetric,6144,0.3854240206035649,,0.06761650727698344,0.08584414069491568,0.006203074472255909,0.9017790977847796
measurement_conditioned_hybrid,bidir_seed3,1,32,0.03,none,6144,0.4253034626714635,,0.06866148759841613,0.08580289033290968,-0.006104626893351584,0.902277709740347
measurement_conditioned_hybrid,bidir_seed3,1,32,0.03,calibrated_symmetric,6144,0.3960297365382027,,0.06778349008379017,0.0857671365859822,0.005606552720963164,0.9018801935920416
measurement_conditioned_hybrid,bidir_seed4,1,32,0.03,none,6144,0.4167464348523418,,0.06833503271024373,0.08560777963083013,-0.005445515159117015,0.9026731324771936
measurement_conditioned_hybrid,bidir_seed4,1,32,0.03,calibrated_symmetric,6144,0.3881790321045445,,0.0674901625893976,0.08565206600494922,0.006044961481798075,0.9022443626903293
stratified_dfe,none,1,32,0.05,none,0,1.0,0.12806756113651066,0.10892228248329568,0.13685787851093673,-0.0453313565813005,0.8098698639947151
stratified_dfe,none,1,32,0.05,calibrated_symmetric,0,1.0,0.14229729015167847,0.11282796996035425,0.14082299262755196,-0.0009761289578437042,0.8101656354118306
measurement_conditioned_hybrid,bidir_seed0,1,32,0.05,none,6144,0.32201019380192647,,0.07266512061897566,0.09156462563294147,-0.007552891910806916,0.8892215640678803
measurement_conditioned_hybrid,bidir_seed0,1,32,0.05,calibrated_symmetric,6144,0.2882243799992544,,0.07014326733332456,0.09145480453161094,0.007208781982410048,0.888226054857845
measurement_conditioned_hybrid,bidir_seed1,1,32,0.05,none,6144,0.33601422700882977,,0.07375024774849595,0.09273945951519275,-0.006754388984314241,0.8861678508264149
measurement_conditioned_hybrid,bidir_seed1,1,32,0.05,calibrated_symmetric,6144,0.3008167362359366,,0.07127035099582542,0.09280072456738302,0.00873301522858946,0.8851090609400187
measurement_conditioned_hybrid,bidir_seed2,1,32,0.05,none,6144,0.3143126417147657,,0.07256052210023663,0.09157368758386009,-0.006980684669490578,0.8888852403198176
measurement_conditioned_hybrid,bidir_seed2,1,32,0.05,calibrated_symmetric,6144,0.2811162624539984,,0.07015536426695443,0.0915869548275156,0.0074373289325627735,0.8878360560207685
measurement_conditioned_hybrid,bidir_seed3,1,32,0.05,none,6144,0.32395704034750955,,0.07286772734804045,0.09170462246234934,-0.008052372326872132,0.888980567215958
measurement_conditioned_hybrid,bidir_seed3,1,32,0.05,calibrated_symmetric,6144,0.28884539544223753,,0.07034799302528873,0.09155966749863843,0.00679201403690402,0.8878783692237847
measurement_conditioned_hybrid,bidir_seed4,1,32,0.05,none,6144,0.32003359529413383,,0.0724960256581863,0.09132362700006483,-0.0074447415257691135,0.889825388227426
measurement_conditioned_hybrid,bidir_seed4,1,32,0.05,calibrated_symmetric,6144,0.2864126242205716,,0.06998321835795587,0.09121993792149752,0.007226640247435393,0.8888469116648117
stratified_dfe,none,1,64,0.0,none,0,1.0,0.08019238437524542,0.06502421079979588,0.08220355510216995,0.0006135838948899792,0.9237557854219576
stratified_dfe,none,1,64,0.0,calibrated_symmetric,0,1.0,0.08019238437524542,0.06502421079979588,0.08220355510216995,0.0006135838948899792,0.9237557854219576
measurement_conditioned_hybrid,bidir_seed0,1,64,0.0,none,8192,0.6014240933238048,,0.05329981245921681,0.06746005270075214,0.004642247425402089,0.9406365214686018
measurement_conditioned_hybrid,bidir_seed0,1,64,0.0,calibrated_symmetric,8192,0.6014240933238048,,0.05329981245921681,0.06746005270075214,0.004642247425402089,0.9406365214686018
measurement_conditioned_hybrid,bidir_seed1,1,64,0.0,none,8192,0.6098248571491189,,0.05382271662111327,0.06810317624688558,0.005493560607666201,0.939610830760161
measurement_conditioned_hybrid,bidir_seed1,1,64,0.0,calibrated_symmetric,8192,0.6098248571491189,,0.05382271662111327,0.06810317624688558,0.005493560607666201,0.939610830760161
measurement_conditioned_hybrid,bidir_seed2,1,64,0.0,none,8192,0.5962045625349767,,0.05329921529029061,0.06748142238552665,0.004774722921276529,0.9406019411308391
measurement_conditioned_hybrid,bidir_seed2,1,64,0.0,calibrated_symmetric,8192,0.5962045625349767,,0.05329921529029061,0.06748142238552665,0.004774722921276529,0.9406019411308391
measurement_conditioned_hybrid,bidir_seed3,1,64,0.0,none,8192,0.6049222865495131,,0.05332819448161181,0.06737531881010352,0.004379560337296866,0.9407534983209525
measurement_conditioned_hybrid,bidir_seed3,1,64,0.0,calibrated_symmetric,8192,0.6049222865495131,,0.05332819448161181,0.06737531881010352,0.004379560337296866,0.9407534983209525
measurement_conditioned_hybrid,bidir_seed4,1,64,0.0,none,8192,0.5996466043388986,,0.053199575669880976,0.06732228302884995,0.004657845658797971,0.9408929667165135
measurement_conditioned_hybrid,bidir_seed4,1,64,0.0,calibrated_symmetric,8192,0.5996466043388986,,0.053199575669880976,0.06732228302884995,0.004657845658797971,0.9408929667165135
stratified_dfe,none,1,64,0.01,none,0,1.0,0.08247627071729091,0.0648810998167074,0.08166157925952641,-0.010167356085268751,0.9241022746673696
stratified_dfe,none,1,64,0.01,calibrated_symmetric,0,1.0,0.08415945991560297,0.06585630010267413,0.08267869971694713,-0.0012503313140507255,0.9241022746673702
measurement_conditioned_hybrid,bidir_seed0,1,64,0.01,none,8192,0.6387699789138944,,0.053469638930887214,0.06698190263499286,-0.0026217723096893693,0.9412529442566456
measurement_conditioned_hybrid,bidir_seed0,1,64,0.01,calibrated_symmetric,8192,0.6234444072704322,,0.05348100303842127,0.06705108251649515,0.003257626409844802,0.9411028560935054
measurement_conditioned_hybrid,bidir_seed1,1,64,0.01,none,8192,0.6505586640609479,,0.05381721042513051,0.06741296520505746,-0.002029536893523557,0.9404415246457176
measurement_conditioned_hybrid,bidir_seed1,1,64,0.01,calibrated_symmetric,8192,0.6349299125031932,,0.0538628855267489,0.06753648214555466,0.003996112543674408,0.94029468659655
measurement_conditioned_hybrid,bidir_seed2,1,64,0.01,none,8192,0.6325117194624051,,0.05345213233638342,0.06697738364303946,-0.0024184956467236235,0.9412449358715516
measurement_conditioned_hybrid,bidir_seed2,1,64,0.01,calibrated_symmetric,8192,0.6174307889548531,,0.053476113037569904,0.06707665615954277,0.0034051465984387508,0.9410685558493744
measurement_conditioned_hybrid,bidir_seed3,1,64,0.01,none,8192,0.6440145175019786,,0.053578023356180456,0.06710629854454625,-0.002936158134828097,0.9410304592971689
measurement_conditioned_hybrid,bidir_seed3,1,64,0.01,calibrated_symmetric,8192,0.6287424121824718,,0.0535833638252567,0.06714822697912019,0.0029805785865605486,0.9408970297208894
measurement_conditioned_hybrid,bidir_seed4,1,64,0.01,none,8192,0.6368689920683867,,0.053350258921686405,0.06685082649426609,-0.0025842112173589987,0.9414910615308443
measurement_conditioned_hybrid,bidir_seed4,1,64,0.01,calibrated_symmetric,8192,0.6216361668221775,,0.053346580935935126,0.06691859793298725,0.00327703593789598,0.9413459302374225
stratified_dfe,none,1,64,0.03,none,0,1.0,0.08670822414754802,0.07553041593859061,0.09451476237902696,-0.02640464527177669,0.8999039559735938
stratified_dfe,none,1,64,0.03,calibrated_symmetric,0,1.0,0.09224279164632768,0.0761295651206061,0.09561372150456432,0.0004483499156599958,0.8999039559735938
measurement_conditioned_hybrid,bidir_seed0,1,64,0.03,none,8192,0.6890012560889064,,0.06139950432269677,0.07603651620826096,-0.014885245733898562,0.9264338983143049
measurement_conditioned_hybrid,bidir_seed0,1,64,0.03,calibrated_symmetric,8192,0.670141780833599,,0.060013175156617166,0.07484944892760803,0.0038093159893806175,0.9266242148661048
measurement_conditioned_hybrid,bidir_seed1,1,64,0.03,none,8192,0.6997063987986754,,0.06185645051748872,0.07664812746026695,-0.014562350230968074,0.9250156001964946
measurement_conditioned_hybrid,bidir_seed1,1,64,0.03,calibrated_symmetric,8192,0.67977779956646,,0.060536962851078804,0.07555389141889726,0.0044783021413536345,0.9252508012620403
measurement_conditioned_hybrid,bidir_seed2,1,64,0.03,none,8192,0.6826196750043388,,0.0612476079179166,0.07582222865586583,-0.014585418618536268,0.9267625113577123
measurement_conditioned_hybrid,bidir_seed2,1,64,0.03,calibrated_symmetric,8192,0.6644239743236159,,0.05991074464610536,0.07470733485780814,0.003934540325625534,0.9269127039302703
measurement_conditioned_hybrid,bidir_seed3,1,64,0.03,none,8192,0.6908415235153129,,0.061521812145288825,0.07617796785721109,-0.01513152905953879,0.9262375127073352
measurement_conditioned_hybrid,bidir_seed3,1,64,0.03,calibrated_symmetric,8192,0.6719137742339677,,0.060122666402632675,0.07493980183749124,0.003602257920472062,0.9264332077457453
measurement_conditioned_hybrid,bidir_seed4,1,64,0.03,none,8192,0.6868060845329647,,0.06127144008965072,0.07587639281533545,-0.014805515469927134,0.9267383617792689
measurement_conditioned_hybrid,bidir_seed4,1,64,0.03,calibrated_symmetric,8192,0.6681848687215757,,0.05988542686543194,0.07469861358640434,0.0038275371792622585,0.9269195639733687
stratified_dfe,none,1,64,0.05,none,0,1.0,0.09055744092964942,0.07987361481147152,0.10051357782218959,-0.04369600191860208,0.8970283834371662
stratified_dfe,none,1,64,0.05,calibrated_symmetric,0,1.0,0.10061937881072158,0.07854261798283162,0.0985039323073898,0.001085502986600737,0.8971133072963461
measurement_conditioned_hybrid,bidir_seed0,1,64,0.05,none,8192,0.6836831543924892,,0.06419827570360086,0.08018249030921998,-0.02660009640688983,0.9244444745833523
measurement_conditioned_hybrid,bidir_seed0,1,64,0.05,calibrated_symmetric,8192,0.6629678916735502,,0.06070196575502776,0.07622629825629916,0.004234524053329331,0.9243588617550933
measurement_conditioned_hybrid,bidir_seed1,1,64,0.05,none,8192,0.6939637272134566,,0.06474391844728676,0.08085113302101017,-0.026424363801644143,0.9228264956820749
measurement_conditioned_hybrid,bidir_seed1,1,64,0.05,calibrated_symmetric,8192,0.6715339014094156,,0.061346716088539664,0.07700403534402013,0.004941381506600202,0.9228134247537998
measurement_conditioned_hybrid,bidir_seed2,1,64,0.05,none,8192,0.6779786509513566,,0.06396980743127362,0.07989021141955782,-0.02622544186454724,0.9248210487979919
measurement_conditioned_hybrid,bidir_seed2,1,64,0.05,calibrated_symmetric,8192,0.6581746389422992,,0.06056437954716916,0.07606049783260833,0.004348705824590159,0.9247046499365074
measurement_conditioned_hybrid,bidir_seed3,1,64,0.05,none,8192,0.6866680457231007,,0.06424868443711851,0.08030781982741765,-0.02694491104887994,0.924414417223983
measurement_conditioned_hybrid,bidir_seed3,1,64,0.05,calibrated_symmetric,8192,0.6653801334630276,,0.060707936443652924,0.07622706595002673,0.004016604038049141,0.9243502273278441
measurement_conditioned_hybrid,bidir_seed4,1,64,0.05,none,8192,0.6813077312574128,,0.064056157672493,0.07998046952275163,-0.026471505998856157,0.9248096975025837
measurement_conditioned_hybrid,bidir_seed4,1,64,0.05,calibrated_symmetric,8192,0.6609559226727829,,0.06057331049296195,0.07604617393553854,0.004253116829601438,0.9247078885407625
stratified_dfe,none,2,32,0.0,none,0,1.0,0.11340915758250834,0.09102113676139169,0.11446124817252819,0.002504704926636011,0.8682538422377823
stratified_dfe,none,2,32,0.0,calibrated_symmetric,0,1.0,0.11340915758250834,0.09102113676139169,0.11446124817252819,0.002504704926636011,0.8682538422377823
measurement_conditioned_hybrid,bidir_seed0,2,32,0.0,none,6144,0.45081279315016415,,0.06605814629594962,0.08300456989503725,0.010633503666940684,0.9147663638882754
measurement_conditioned_hybrid,bidir_seed0,2,32,0.0,calibrated_symmetric,6144,0.45081279315016415,,0.06605814629594962,0.08300456989503725,0.010633503666940684,0.9147663638882754
measurement_conditioned_hybrid,bidir_seed1,2,32,0.0,none,6144,0.4608035922210599,,0.0668086651156371,0.08398305309858634,0.01149331387183966,0.9127306455503142
measurement_conditioned_hybrid,bidir_seed1,2,32,0.0,calibrated_symmetric,6144,0.4608035922210599,,0.0668086651156371,0.08398305309858634,0.01149331387183966,0.9127306455503142
measurement_conditioned_hybrid,bidir_seed2,2,32,0.0,none,6144,0.44664096716365137,,0.06595284498872665,0.08292237693094222,0.010781615324870198,0.9149806433427856
measurement_conditioned_hybrid,bidir_seed2,2,32,0.0,calibrated_symmetric,6144,0.44664096716365137,,0.06595284498872665,0.08292237693094222,0.010781615324870198,0.9149806433427856
measurement_conditioned_hybrid,bidir_seed3,2,32,0.0,none,6144,0.45705513550504706,,0.0660810788208485,0.08293984358335091,0.010282113523688841,0.9146042024068476
measurement_conditioned_hybrid,bidir_seed3,2,32,0.0,calibrated_symmetric,6144,0.45705513550504706,,0.0660810788208485,0.08293984358335091,0.010282113523688841,0.9146042024068476
measurement_conditioned_hybrid,bidir_seed4,2,32,0.0,none,6144,0.44834672334566744,,0.06589313149887054,0.08286912269314761,0.01067389869182162,0.9151417711235996
measurement_conditioned_hybrid,bidir_seed4,2,32,0.0,calibrated_symmetric,6144,0.44834672334566744,,0.06589313149887054,0.08286912269314761,0.01067389869182162,0.9151417711235996
stratified_dfe,none,2,32,0.01,none,0,1.0,0.11663906062234776,0.09266985033727473,0.11553001977355326,-0.01087265122415764,0.8618426716698329
stratified_dfe,none,2,32,0.01,calibrated_symmetric,0,1.0,0.11901944961464057,0.09423635342969325,0.11725501785127632,-0.0020307588124310327,0.861910747075238
measurement_conditioned_hybrid,bidir_seed0,2,32,0.01,none,6144,0.4824616756799606,,0.06703139691867688,0.0839958155503351,0.0036287258391397713,0.9096380092839653
measurement_conditioned_hybrid,bidir_seed0,2,32,0.01,calibrated_symmetric,6144,0.4729932429385132,,0.0668280185653984,0.08405610210636634,0.008106388363783785,0.9097418695225227
measurement_conditioned_hybrid,bidir_seed1,2,32,0.01,none,6144,0.49313115800413376,,0.06776184531996353,0.08490717284100086,0.004273525696278254,0.9074459291110399
measurement_conditioned_hybrid,bidir_seed1,2,32,0.01,calibrated_symmetric,6144,0.48342133034451706,,0.06760642075733876,0.08501555653715157,0.008868979167796573,0.9075548575157062
measurement_conditioned_hybrid,bidir_seed2,2,32,0.01,none,6144,0.47879656231326617,,0.06692023125764915,0.0838800869491761,0.0038139733545112524,0.9099032886648812
measurement_conditioned_hybrid,bidir_seed2,2,32,0.01,calibrated_symmetric,6144,0.4694057774831654,,0.06671639084037052,0.08395169555843121,0.008258974824950778,0.9099957906588307
measurement_conditioned_hybrid,bidir_seed3,2,32,0.01,none,6144,0.4900042081975468,,0.06714741429971102,0.08405225090221739,0.003171622969065098,0.9091773104784879
measurement_conditioned_hybrid,bidir_seed3,2,32,0.01,calibrated_symmetric,6144,0.4805172288521712,,0.06695607012424869,0.08409162068408736,0.007712242913685161,0.9092975548159953
measurement_conditioned_hybrid,bidir_seed4,2,32,0.01,none,6144,0.4801659618116098,,0.06692965046908274,0.08387048137775452,0.0036974767909236698,0.9099705997509109
measurement_conditioned_hybrid,bidir_seed4,2,32,0.01,calibrated_symmetric,6144,0.4707855965309194,,0.06672088049671851,0.08393165514274586,0.008153062683972633,0.9100720111019805
stratified_dfe,none,2,32,0.03,none,0,1.0,0.1226239465587487,0.10149051807820797,0.12760867545549887,-0.02845077622415764,0.8343186128656055
stratified_dfe,none,2,32,0.03,calibrated_symmetric,0,1.0,0.1304510069773922,0.10503426232429933,0.13153269907343237,-0.0019183547449276486,0.8345891405878174
measurement_conditioned_hybrid,bidir_seed0,2,32,0.03,none,6144,0.30799353206317787,,0.07466491463956669,0.0931299086224977,0.003117871995399061,0.8974589502359921
measurement_conditioned_hybrid,bidir_seed0,2,32,0.03,calibrated_symmetric,6144,0.2959561142511918,,0.0730725100671694,0.09283949715694781,0.011575198328926619,0.8975309398236491
measurement_conditioned_hybrid,bidir_seed1,2,32,0.03,none,6144,0.3157968805142809,,0.07574637027577429,0.09447572222877837,0.004037083159485317,0.8943719065813425
measurement_conditioned_hybrid,bidir_seed1,2,32,0.03,calibrated_symmetric,6144,0.3033848836350745,,0.07420119646759246,0.09428307911413332,0.012733229140791114,0.8944323082918314
measurement_conditioned_hybrid,bidir_seed2,2,32,0.03,none,6144,0.30529591407326956,,0.07442433919003355,0.09295209365840573,0.003350565149996421,0.8975752661288017
measurement_conditioned_hybrid,bidir_seed2,2,32,0.03,calibrated_symmetric,6144,0.29338392730236756,,0.07280952647159433,0.09268722774285518,0.01173528825991947,0.8976546454145099
measurement_conditioned_hybrid,bidir_seed3,2,32,0.03,none,6144,0.3145156285155903,,0.07462036267038623,0.0929272035248108,0.0024904306534990505,0.8979188581399459
measurement_conditioned_hybrid,bidir_seed3,2,32,0.03,calibrated_symmetric,6144,0.30224761482544477,,0.07298420796372823,0.09258611777066722,0.011120527234762673,0.8979799512194258
measurement_conditioned_hybrid,bidir_seed4,2,32,0.03,none,6144,0.3051857817451111,,0.07453886363611714,0.09298229653340503,0.003252120532584154,0.8978806824639805
measurement_conditioned_hybrid,bidir_seed4,2,32,0.03,calibrated_symmetric,6144,0.29320881809976457,,0.07292083404215745,0.09270158566221305,0.011633386497509977,0.8979526595203593
stratified_dfe,none,2,32,0.05,none,0,1.0,0.12806756113651066,0.1083544764819274,0.13636551856895046,-0.04499033475590367,0.8136733307387994
stratified_dfe,none,2,32,0.05,calibrated_symmetric,0,1.0,0.14229729015167847,0.11297165424250087,0.14083054270237852,-0.0005731031641929108,0.8139404515668226
measurement_conditioned_hybrid,bidir_seed0,2,32,0.05,none,6144,0.5088857795210396,,0.07584987989740286,0.09365543672531175,-0.014774249640177522,0.8874895578081308
measurement_conditioned_hybrid,bidir_seed0,2,32,0.05,calibrated_symmetric,6144,0.44181000978295154,,0.07255982516983085,0.09116595540512402,0.009157362473433218,0.8910137053292987
measurement_conditioned_hybrid,bidir_seed1,2,32,0.05,none,6144,0.5165621627520909,,0.0766264807030068,0.09467792926555435,-0.014354689945924821,0.8844780042031042
measurement_conditioned_hybrid,bidir_seed1,2,32,0.05,calibrated_symmetric,6144,0.44886229348200346,,0.07352878588445518,0.09240612755873702,0.010057294308543702,0.8879808360379567
measurement_conditioned_hybrid,bidir_seed2,2,32,0.05,none,6144,0.5062073622453767,,0.07562783859543493,0.09338619388282056,-0.014528334762259664,0.8880842775533437
measurement_conditioned_hybrid,bidir_seed2,2,32,0.05,calibrated_symmetric,6144,0.4398312238746965,,0.0723743075861325,0.09097331755874295,0.009281284812172315,0.8914859077863813
measurement_conditioned_hybrid,bidir_seed3,2,32,0.05,none,6144,0.5141275828297489,,0.07611634972592021,0.09395251332925292,-0.015336465562683945,0.8867531580873624
measurement_conditioned_hybrid,bidir_seed3,2,32,0.05,calibrated_symmetric,6144,0.44690426366384567,,0.07283575410819153,0.09131057189816774,0.008799566622373885,0.890396139187394
measurement_conditioned_hybrid,bidir_seed4,2,32,0.05,none,6144,0.507160730635964,,0.07569297052992584,0.09346047660570818,-0.014662023157554584,0.8879887552641722
measurement_conditioned_hybrid,bidir_seed4,2,32,0.05,calibrated_symmetric,6144,0.4403765359521491,,0.0724096650694451,0.09098575184595974,0.009187751535753083,0.8914978859077979
stratified_dfe,none,2,64,0.0,none,0,1.0,0.08019238437524542,0.06351842935795762,0.07974984786636286,0.001559144410762995,0.9280757456437261
stratified_dfe,none,2,64,0.0,calibrated_symmetric,0,1.0,0.08019238437524542,0.06351842935795762,0.07974984786636286,0.001559144410762995,0.9280757456437261
measurement_conditioned_hybrid,bidir_seed0,2,64,0.0,none,8192,0.5872967985835678,,0.05446569072317359,0.06804314144093526,0.008058009928510933,0.9441142352257216
measurement_conditioned_hybrid,bidir_seed0,2,64,0.0,calibrated_symmetric,8192,0.5872967985835678,,0.05446569072317359,0.06804314144093526,0.008058009928510933,0.9441142352257216
measurement_conditioned_hybrid,bidir_seed1,2,64,0.0,none,8192,0.594054697459142,,0.054975184675345914,0.06871732006878123,0.008710252662498471,0.9431321218371971
measurement_conditioned_hybrid,bidir_seed1,2,64,0.0,calibrated_symmetric,8192,0.594054697459142,,0.054975184675345914,0.06871732006878123,0.008710252662498471,0.9431321218371971
measurement_conditioned_hybrid,bidir_seed2,2,64,0.0,none,8192,0.5847755341378879,,0.05436993298893021,0.06797865314847211,0.008162516233298037,0.9442001476789086
measurement_conditioned_hybrid,bidir_seed2,2,64,0.0,calibrated_symmetric,8192,0.5847755341378879,,0.05436993298893021,0.06797865314847211,0.008162516233298037,0.9442001476789086
measurement_conditioned_hybrid,bidir_seed3,2,64,0.0,none,8192,0.5918938237670905,,0.05444783538076619,0.06791945443494779,0.007790946574482734,0.9441932828383927
measurement_conditioned_hybrid,bidir_seed3,2,64,0.0,calibrated_symmetric,8192,0.5918938237670905,,0.05444783538076619,0.06791945443494779,0.007790946574482734,0.9441932828383927
measurement_conditioned_hybrid,bidir_seed4,2,64,0.0,none,8192,0.5857042548328545,,0.05434883725779955,0.06794202706368548,0.008086011851471658,0.9443111856748521
measurement_conditioned_hybrid,bidir_seed4,2,64,0.0,calibrated_symmetric,8192,0.5857042548328545,,0.05434883725779955,0.06794202706368548,0.008086011851471658,0.9443111856748521
stratified_dfe,none,2,64,0.01,none,0,1.0,0.08247627071729091,0.06624721794108314,0.0831819697038564,-0.009903839220189385,0.9192882479894715
stratified_dfe,none,2,64,0.01,calibrated_symmetric,0,1.0,0.08415945991560297,0.06688201033254132,0.08410441643346213,-0.0009814365537656597,0.9192882479894717
measurement_conditioned_hybrid,bidir_seed0,2,64,0.01,none,8192,0.5871622980194808,,0.05725572849936843,0.07101710885485168,0.0013158437099936135,0.9385439385658574
measurement_conditioned_hybrid,bidir_seed0,2,64,0.01,calibrated_symmetric,8192,0.562649839468722,,0.05717905296499996,0.07140364759042943,0.007003320371531427,0.938365506788626
measurement_conditioned_hybrid,bidir_seed1,2,64,0.01,none,8192,0.5957280321379697,,0.0577017432583217,0.0715894766860717,0.0018381030543970752,0.9375101726979445
measurement_conditioned_hybrid,bidir_seed1,2,64,0.01,calibrated_symmetric,8192,0.5712072563498596,,0.057685653167179766,0.07204338477457392,0.007647981072810318,0.937319192733972
measurement_conditioned_hybrid,bidir_seed2,2,64,0.01,none,8192,0.5840989048877258,,0.05720294064879254,0.0709671172011666,0.0014641794070603777,0.9385941266022652
measurement_conditioned_hybrid,bidir_seed2,2,64,0.01,calibrated_symmetric,8192,0.5596242155018981,,0.05713073995536367,0.07137164843962958,0.007127452836861116,0.9383868554811745
measurement_conditioned_hybrid,bidir_seed3,2,64,0.01,none,8192,0.5923882641913438,,0.05736117346056761,0.07103766327176482,0.0009790855596741254,0.9383187680763299
measurement_conditioned_hybrid,bidir_seed3,2,64,0.01,calibrated_symmetric,8192,0.5680779542692947,,0.05725543190950502,0.07137865798400952,0.006697889859392142,0.9381761104531606
measurement_conditioned_hybrid,bidir_seed4,2,64,0.01,none,8192,0.5850516182562149,,0.05719690808996113,0.07094415553515593,0.0013762531263724713,0.938704539540597
measurement_conditioned_hybrid,bidir_seed4,2,64,0.01,calibrated_symmetric,8192,0.5606021476012414,,0.05711805236750396,0.07133114147621016,0.007043917619855823,0.9385260432006429
stratified_dfe,none,2,64,0.03,none,0,1.0,0.08670822414754802,0.07336462317921576,0.09204865858527662,-0.026799920569395737,0.9050527470739023
stratified_dfe,none,2,64,0.03,calibrated_symmetric,0,1.0,0.09224279164632768,0.07408770155049962,0.0927235121099788,2.7844279895051993e-05,0.9050527470739019
measurement_conditioned_hybrid,bidir_seed0,2,64,0.03,none,8192,0.4050364663774208,,0.06752725555166281,0.08315737686253168,-0.0006086073699044971,0.9233737284201796
measurement_conditioned_hybrid,bidir_seed0,2,64,0.03,calibrated_symmetric,8192,0.38584744649191705,,0.06556882282913533,0.08268366516706359,0.010588496115478808,0.9229816949100483
measurement_conditioned_hybrid,bidir_seed1,2,64,0.03,none,8192,0.42003594307768616,,0.06794949873324327,0.08364989793878323,-0.00018815772763173494,0.9224571087351046
measurement_conditioned_hybrid,bidir_seed1,2,64,0.03,calibrated_symmetric,8192,0.39991669592331475,,0.06612879122443242,0.08329070810947622,0.011465025291526326,0.9220076702870875
measurement_conditioned_hybrid,bidir_seed2,2,64,0.03,none,8192,0.4001431056416207,,0.06750416853370673,0.08316703815160334,-0.0002985541028635176,0.9231055862455029
measurement_conditioned_hybrid,bidir_seed2,2,64,0.03,calibrated_symmetric,8192,0.3813049819082575,,0.06553548646247488,0.08272780109290073,0.010764141032190878,0.9227254756142766
measurement_conditioned_hybrid,bidir_seed3,2,64,0.03,none,8192,0.4162561933687711,,0.06721035525995366,0.08265706089967538,-0.0013833133426698675,0.9242344454083584
measurement_conditioned_hybrid,bidir_seed3,2,64,0.03,calibrated_symmetric,8192,0.39657214607637836,,0.06518317784655753,0.08209544738098788,0.010113930473058091,0.9238442970892157
measurement_conditioned_hybrid,bidir_seed4,2,64,0.03,none,8192,0.4021128193114412,,0.06745316290826772,0.08306624860330335,-0.00047507426292126855,0.9235853411056195
measurement_conditioned_hybrid,bidir_seed4,2,64,0.03,calibrated_symmetric,8192,0.3831874210053182,,0.06548059905861067,0.08259389871563197,0.010639161291872194,0.9232126912400793
stratified_dfe,none,2,64,0.05,none,0,1.0,0.09055744092964942,0.08264070604410437,0.10442816965320734,-0.0465094319781259,0.8891720771304377
stratified_dfe,none,2,64,0.05,calibrated_symmetric,0,1.0,0.10061937881072158,0.0804053246937988,0.10121018989023231,-0.0020319187506126664,0.8891987024887945
measurement_conditioned_hybrid,bidir_seed0,2,64,0.05,none,8192,0.42374326236919124,,0.07064188629033219,0.08560653955425497,-0.00982719490884099,0.9198433220135531
measurement_conditioned_hybrid,bidir_seed0,2,64,0.05,calibrated_symmetric,8192,0.438082687792356,,0.06462915490280027,0.08116467364935091,0.00874321471940808,0.9217654888352205
measurement_conditioned_hybrid,bidir_seed1,2,64,0.05,none,8192,0.43396708352289376,,0.07133019807181522,0.08642110440070225,-0.009424010262025004,0.9182364387048982
measurement_conditioned_hybrid,bidir_seed1,2,64,0.05,calibrated_symmetric,8192,0.44757614784817845,,0.06538425274464345,0.08204898836007206,0.009590059978819728,0.9201543123887401
measurement_conditioned_hybrid,bidir_seed2,2,64,0.05,none,8192,0.41967133312964267,,0.0704945981189126,0.08547535396005819,-0.009475886979755864,0.9198035493735526
measurement_conditioned_hybrid,bidir_seed2,2,64,0.05,calibrated_symmetric,8192,0.4343389168750071,,0.06455215719142815,0.08109784857622128,0.0089046747789289,0.9218493613430353
measurement_conditioned_hybrid,bidir_seed3,2,64,0.05,none,8192,0.430389249730648,,0.07064794287650543,0.08556092580918134,-0.010524469300177551,0.9200297639986479
measurement_conditioned_hybrid,bidir_seed3,2,64,0.05,calibrated_symmetric,8192,0.44430219386853825,,0.0646376376843627,0.08102824443874392,0.008356567496974505,0.9217811040893621
measurement_conditioned_hybrid,bidir_seed4,2,64,0.05,none,8192,0.4208846333152549,,0.07053286457882886,0.0854633200791672,-0.009640061994460323,0.9201482937618365
measurement_conditioned_hybrid,bidir_seed4,2,64,0.05,calibrated_symmetric,8192,0.43547196683597966,,0.06450129992515996,0.08104754480626784,0.00879822960581509,0.9220909594669774
stratified_dfe,none,3,32,0.0,none,0,1.0,0.11340915758250834,0.09121480153407902,0.11384103794718742,-0.0005644915019354177,0.8687980860812482
stratified_dfe,none,3,32,0.0,calibrated_symmetric,0,1.0,0.11340915758250834,0.09121480153407902,0.11384103794718742,-0.0005644915019354177,0.8687980860812482
measurement_conditioned_hybrid,bidir_seed0,3,32,0.0,none,6144,0.4488454005047861,,0.06440821498050141,0.08208906609637245,0.014762032060549652,0.9137982131802723
measurement_conditioned_hybrid,bidir_seed0,3,32,0.0,calibrated_symmetric,6144,0.4488454005047861,,0.06440821498050141,0.08208906609637245,0.014762032060549652,0.9137982131802723
measurement_conditioned_hybrid,bidir_seed1,3,32,0.0,none,6144,0.4544028504281202,,0.06533563251530893,0.08326932257643405,0.015875271458659156,0.9116102424522123
measurement_conditioned_hybrid,bidir_seed1,3,32,0.0,calibrated_symmetric,6144,0.4544028504281202,,0.06533563251530893,0.08326932257643405,0.015875271458659156,0.9116102424522123
measurement_conditioned_hybrid,bidir_seed2,3,32,0.0,none,6144,0.445905966378284,,0.06437753003830135,0.08205803220321185,0.014939057275023742,0.9138895439879673
measurement_conditioned_hybrid,bidir_seed2,3,32,0.0,calibrated_symmetric,6144,0.445905966378284,,0.06437753003830135,0.08205803220321185,0.014939057275023742,0.9138895439879673
measurement_conditioned_hybrid,bidir_seed3,3,32,0.0,none,6144,0.46329244728383073,,0.0644905628689192,0.08188185200247289,0.014031986282248034,0.9138965640084094
measurement_conditioned_hybrid,bidir_seed3,3,32,0.0,calibrated_symmetric,6144,0.46329244728383073,,0.0644905628689192,0.08188185200247289,0.014031986282248034,0.9138965640084094
measurement_conditioned_hybrid,bidir_seed4,3,32,0.0,none,6144,0.4486667646302479,,0.0642795186095874,0.08189866130709425,0.014758338226585885,0.9142329203504085
measurement_conditioned_hybrid,bidir_seed4,3,32,0.0,calibrated_symmetric,6144,0.4486667646302479,,0.0642795186095874,0.08189866130709425,0.014758338226585885,0.9142329203504085
stratified_dfe,none,3,32,0.01,none,0,1.0,0.11663906062234776,0.09352657275222656,0.11763076710251395,-0.008718013327332243,0.8574680090774174
stratified_dfe,none,3,32,0.01,calibrated_symmetric,0,1.0,0.11901944961464057,0.09507359679886249,0.11959424222025809,0.0001729128347992876,0.8575061927694334
measurement_conditioned_hybrid,bidir_seed0,3,32,0.01,none,6144,0.4908844567409939,,0.06552674011348222,0.0831388921847774,0.009476433656469437,0.9091020083698302
measurement_conditioned_hybrid,bidir_seed0,3,32,0.01,calibrated_symmetric,6144,0.48947344262289716,,0.06578011373708542,0.0837086897294281,0.013904306010766981,0.9090550687005453
measurement_conditioned_hybrid,bidir_seed1,3,32,0.01,none,6144,0.49461171394033476,,0.0663413766223997,0.08424883707254155,0.01051587854911859,0.9068212298750662
measurement_conditioned_hybrid,bidir_seed1,3,32,0.01,calibrated_symmetric,6144,0.49312569382621635,,0.06662293593742888,0.08485655157792837,0.014982576589435515,0.9067932650406236
measurement_conditioned_hybrid,bidir_seed2,3,32,0.01,none,6144,0.48876712204569367,,0.06539947022854074,0.08300682533941363,0.009640983289776037,0.9094306125404871
measurement_conditioned_hybrid,bidir_seed2,3,32,0.01,calibrated_symmetric,6144,0.4873974247178593,,0.06566597328100247,0.08358664319597764,0.014049032305508453,0.9093878209839995
measurement_conditioned_hybrid,bidir_seed3,3,32,0.01,none,6144,0.5017098916030615,,0.06569922785616804,0.08316067599317536,0.008779815073906705,0.9088429119062718
measurement_conditioned_hybrid,bidir_seed3,3,32,0.01,calibrated_symmetric,6144,0.5000809235301459,,0.06597671067683515,0.0837246346702515,0.013309430222817288,0.9087755391469838
measurement_conditioned_hybrid,bidir_seed4,3,32,0.01,none,6144,0.49086342804010236,,0.0653928494838347,0.08294838402436265,0.009469196326943895,0.9095445572319141
measurement_conditioned_hybrid,bidir_seed4,3,32,0.01,calibrated_symmetric,6144,0.4894515749023851,,0.0656613782982418,0.08352137413039444,0.013896881330763791,0.90949165478397
stratified_dfe,none,3,32,0.03,none,0,1.0,0.1226239465587487,0.10111531900751981,0.12692059339565262,-0.023986490509871925,0.8297786062291288
stratified_dfe,none,3,32,0.03,calibrated_symmetric,0,1.0,0.1304510069773922,0.10525325350116621,0.1317125853204282,0.0029575317798950463,0.8298178700599659
measurement_conditioned_hybrid,bidir_seed0,3,32,0.03,none,6144,0.445857487152888,,0.0689563714430268,0.08669232401068501,0.004215643121509783,0.9006503736851412
measurement_conditioned_hybrid,bidir_seed0,3,32,0.03,calibrated_symmetric,6144,0.4074065248018253,,0.06904996937232517,0.08798565399312391,0.017193664909660157,0.9007455803622249
measurement_conditioned_hybrid,bidir_seed1,3,32,0.03,none,6144,0.4505553397463099,,0.06994769729797597,0.08792828067354082,0.005249727250536707,0.8977930792436413
measurement_conditioned_hybrid,bidir_seed1,3,32,0.03,calibrated_symmetric,6144,0.41169310328914344,,0.07016236114711145,0.08944491821108497,0.01845494788782487,0.8977637681568205
measurement_conditioned_hybrid,bidir_seed2,3,32,0.03,none,6144,0.4422762456048128,,0.06884449707684702,0.08655571070739643,0.004496518606044511,0.9009652596342349
measurement_conditioned_hybrid,bidir_seed2,3,32,0.03,calibrated_symmetric,6144,0.40357305200583404,,0.06895213804432396,0.08790975179550231,0.017390793892767396,0.9009928869385121
measurement_conditioned_hybrid,bidir_seed3,3,32,0.03,none,6144,0.4587887260918752,,0.06921382172758976,0.08680695409235202,0.0032167065291280397,0.9001801538656656
measurement_conditioned_hybrid,bidir_seed3,3,32,0.03,calibrated_symmetric,6144,0.41856013185401064,,0.06921513802351605,0.08794106726206286,0.0165628641223972,0.9005178246612205
measurement_conditioned_hybrid,bidir_seed4,3,32,0.03,none,6144,0.44536240275939565,,0.06881247168536908,0.08648900150065326,0.00423250025873552,0.9011633358908657
measurement_conditioned_hybrid,bidir_seed4,3,32,0.03,calibrated_symmetric,6144,0.4066447403220094,,0.0688776519893309,0.0877724656685558,0.017203135047680465,0.9012951751264714
stratified_dfe,none,3,32,0.05,none,0,1.0,0.12806756113651066,0.10767342550273512,0.13516571782834896,-0.04382776035114177,0.8142883343111627
stratified_dfe,none,3,32,0.05,calibrated_symmetric,0,1.0,0.14229729015167847,0.11082387334938988,0.13960751595148144,0.000697978185013438,0.8146573233335569
measurement_conditioned_hybrid,bidir_seed0,3,32,0.05,none,6144,0.29133251102390767,,0.07276108097168929,0.09302892818487314,0.006249138098030977,0.8874814526942651
measurement_conditioned_hybrid,bidir_seed0,3,32,0.05,calibrated_symmetric,6144,0.30952031715996997,,0.07094310982604089,0.09248675073353874,0.01877339403888428,0.8908225516982253
measurement_conditioned_hybrid,bidir_seed1,3,32,0.05,none,6144,0.2967772326225653,,0.07405387937328109,0.0946274909985779,0.0074908222983267264,0.8835751312219342
measurement_conditioned_hybrid,bidir_seed1,3,32,0.05,calibrated_symmetric,6144,0.3148641930398873,,0.07223820080395761,0.09416336287399803,0.020219178025402483,0.8872178627920861
measurement_conditioned_hybrid,bidir_seed2,3,32,0.05,none,6144,0.28995310137662994,,0.07254993147099689,0.09289515348116958,0.0064706469301837625,0.8875929012424337
measurement_conditioned_hybrid,bidir_seed2,3,32,0.05,calibrated_symmetric,6144,0.30814180722279544,,0.0708270479435048,0.09240554375477576,0.01893009359738053,0.8909700884776623
measurement_conditioned_hybrid,bidir_seed3,3,32,0.05,none,6144,0.30193208931846116,,0.07280025012948727,0.09277371298773567,0.005058291490557095,0.8882668771373508
measurement_conditioned_hybrid,bidir_seed3,3,32,0.05,calibrated_symmetric,6144,0.31998218133957945,,0.07098072462083327,0.09222351799288313,0.018071136852755954,0.8912090710839412
measurement_conditioned_hybrid,bidir_seed4,3,32,0.05,none,6144,0.29200130363958765,,0.07247403979394341,0.09266564603458181,0.0061898201216907985,0.8884895874699611
measurement_conditioned_hybrid,bidir_seed4,3,32,0.05,calibrated_symmetric,6144,0.31016853841938086,,0.07072537499499058,0.0921546700498307,0.018744818083185195,0.8917002207358149
stratified_dfe,none,3,64,0.0,none,0,1.0,0.08019238437524542,0.06409956340766734,0.08045734604395156,-2.195677971319547e-05,0.9265192429615783
stratified_dfe,none,3,64,0.0,calibrated_symmetric,0,1.0,0.08019238437524542,0.06409956340766734,0.08045734604395156,-2.195677971319547e-05,0.9265192429615783
measurement_conditioned_hybrid,bidir_seed0,3,64,0.0,none,8192,0.6168845246735938,,0.052654847843933546,0.06674548605001224,0.010423876351567484,0.9435028844318972
measurement_conditioned_hybrid,bidir_seed0,3,64,0.0,calibrated_symmetric,8192,0.6168845246735938,,0.052654847843933546,0.06674548605001224,0.010423876351567484,0.9435028844318972
measurement_conditioned_hybrid,bidir_seed1,3,64,0.0,none,8192,0.6213741459258822,,0.05320341627921704,0.06749507644863394,0.011181261565367319,0.9424178610865502
measurement_conditioned_hybrid,bidir_seed1,3,64,0.0,calibrated_symmetric,8192,0.6213741459258822,,0.05320341627921704,0.06749507644863394,0.011181261565367319,0.9424178610865502
measurement_conditioned_hybrid,bidir_seed2,3,64,0.0,none,8192,0.6129118090721672,,0.05268233640018808,0.06678711862976533,0.01059876042286865,0.9434636152132565
measurement_conditioned_hybrid,bidir_seed2,3,64,0.0,calibrated_symmetric,8192,0.6129118090721672,,0.05268233640018808,0.06678711862976533,0.01059876042286865,0.9434636152132565
measurement_conditioned_hybrid,bidir_seed3,3,64,0.0,none,8192,0.6368348617338007,,0.052619046765498126,0.06647378222582787,0.009657773866318038,0.9436249042791592
measurement_conditioned_hybrid,bidir_seed3,3,64,0.0,calibrated_symmetric,8192,0.6368348617338007,,0.052619046765498126,0.06647378222582787,0.009657773866318038,0.9436249042791592
measurement_conditioned_hybrid,bidir_seed4,3,64,0.0,none,8192,0.6170574599400097,,0.052583223047723414,0.0666311611147595,0.010413145227658389,0.9436959731421386
measurement_conditioned_hybrid,bidir_seed4,3,64,0.0,calibrated_symmetric,8192,0.6170574599400097,,0.052583223047723414,0.0666311611147595,0.010413145227658389,0.9436959731421386
stratified_dfe,none,3,64,0.01,none,0,1.0,0.08247627071729091,0.06482968225313854,0.08208194615588446,-0.007253169577332243,0.921659179169633
stratified_dfe,none,3,64,0.01,calibrated_symmetric,0,1.0,0.08415945991560297,0.06586700603704547,0.08334322146003435,0.0017233283879253033,0.9216591791696328
measurement_conditioned_hybrid,bidir_seed0,3,64,0.01,none,8192,0.5524716889388864,,0.05456613415599211,0.06957516004357575,0.008180801934355232,0.9391154750356374
measurement_conditioned_hybrid,bidir_seed0,3,64,0.01,calibrated_symmetric,8192,0.5486780657112803,,0.05453514926961148,0.07000844435854942,0.013236819603502079,0.9391653953297753
measurement_conditioned_hybrid,bidir_seed1,3,64,0.01,none,8192,0.5562124751216654,,0.05519117048629273,0.07047895643758276,0.009082938524944082,0.9377670726786463
measurement_conditioned_hybrid,bidir_seed1,3,64,0.01,calibrated_symmetric,8192,0.5523558506559734,,0.05517165376501877,0.07096481963107674,0.014183104540977286,0.9378190102892995
measurement_conditioned_hybrid,bidir_seed2,3,64,0.01,none,8192,0.5501881461908515,,0.05456818500210678,0.0695744114359156,0.00833694669186805,0.9390591030570526
measurement_conditioned_hybrid,bidir_seed2,3,64,0.01,calibrated_symmetric,8192,0.5464408632654671,,0.05454136249260265,0.07002186932488517,0.013371927929955259,0.939112748087815
measurement_conditioned_hybrid,bidir_seed3,3,64,0.01,none,8192,0.5648900079877825,,0.054467154229418425,0.06926363023718095,0.007486159513661662,0.9394875240024049
measurement_conditioned_hybrid,bidir_seed3,3,64,0.01,calibrated_symmetric,8192,0.5607916615084683,,0.05442866770491234,0.06968165360536266,0.012658920303357963,0.9395180124307351
measurement_conditioned_hybrid,bidir_seed4,3,64,0.01,none,8192,0.5525826631067281,,0.054442785255059585,0.06943257577533674,0.008169943985120177,0.9393645397212824
measurement_conditioned_hybrid,bidir_seed4,3,64,0.01,calibrated_symmetric,8192,0.5487794469332886,,0.05440525373999975,0.06986867102744211,0.013227142938124875,0.9394123729413031
stratified_dfe,none,3,64,0.03,none,0,1.0,0.08670822414754802,0.07286167356909977,0.0917286255053855,-0.026737916601141765,0.90441591793242
stratified_dfe,none,3,64,0.03,calibrated_symmetric,0,1.0,0.09224279164632768,0.07318799262985899,0.09207933136860462,9.38059482503372e-05,0.90441591793242
measurement_conditioned_hybrid,bidir_seed0,3,64,0.03,none,8192,0.5915082329617763,,0.05865110671905047,0.0733758366167549,-0.004732781498019907,0.9313762403948423
measurement_conditioned_hybrid,bidir_seed0,3,64,0.03,calibrated_symmetric,8192,0.5948793094328069,,0.057845640354584234,0.07310380686813148,0.011043675252829297,0.931411200721051
measurement_conditioned_hybrid,bidir_seed1,3,64,0.03,none,8192,0.5947290166290301,,0.0591767423251152,0.0741054944432569,-0.003965182587549768,0.929963593666014
measurement_conditioned_hybrid,bidir_seed1,3,64,0.03,calibrated_symmetric,8192,0.5976893674015114,,0.05845713478320938,0.07393380040429982,0.011901983518947617,0.9300715876526658
measurement_conditioned_hybrid,bidir_seed2,3,64,0.03,none,8192,0.5893010310222885,,0.05857850936449569,0.07326886386678179,-0.004542836192063933,0.9314911198006122
measurement_conditioned_hybrid,bidir_seed2,3,64,0.03,calibrated_symmetric,8192,0.5928922239323617,,0.05778483359248193,0.07304178326028754,0.01116779663342801,0.9315464069074256
measurement_conditioned_hybrid,bidir_seed3,3,64,0.03,none,8192,0.6044286173465093,,0.0588515836845176,0.07343330452638767,-0.0056732134772084246,0.9312797226768388
measurement_conditioned_hybrid,bidir_seed3,3,64,0.03,calibrated_symmetric,8192,0.6067252712571216,,0.058008201082353536,0.07309170316357047,0.010480519251360596,0.9312083316910834
measurement_conditioned_hybrid,bidir_seed4,3,64,0.03,none,8192,0.5916279441867616,,0.05855591748485896,0.07324721304362873,-0.004745668413682973,0.9316205513868012
measurement_conditioned_hybrid,bidir_seed4,3,64,0.03,calibrated_symmetric,8192,0.5950061753834799,,0.05776001859981895,0.07298813401883854,0.011033858035907559,0.9316322433162985
stratified_dfe,none,3,64,0.05,none,0,1.0,0.09055744092964942,0.08201084161982945,0.10306695955856164,-0.04592039427971319,0.8934235083456349
stratified_dfe,none,3,64,0.05,calibrated_symmetric,0,1.0,0.10061937881072158,0.08029881747652214,0.10046860357364291,-0.0013946557435579924,0.8934901574296944
measurement_conditioned_hybrid,bidir_seed0,3,64,0.05,none,8192,0.3984184828458667,,0.0656019041678058,0.08223005051268693,-0.0019341161478971323,0.9155685321954636
measurement_conditioned_hybrid,bidir_seed0,3,64,0.05,calibrated_symmetric,8192,0.41457563086847626,,0.061861755502595615,0.08023557634106492,0.015359416380833695,0.9194916322633224
measurement_conditioned_hybrid,bidir_seed1,3,64,0.05,none,8192,0.4050897303987998,,0.06645881425708337,0.08328789506871556,-0.0010403082508937298,0.9134022988942673
measurement_conditioned_hybrid,bidir_seed1,3,64,0.05,calibrated_symmetric,8192,0.4207578935441598,,0.0627379929592098,0.08141080925916254,0.016528157677424573,0.9175190075202833
measurement_conditioned_hybrid,bidir_seed2,3,64,0.05,none,8192,0.3951775668823477,,0.06550239483548799,0.08216613717307057,-0.0015927630191142803,0.9154444071131748
measurement_conditioned_hybrid,bidir_seed2,3,64,0.05,calibrated_symmetric,8192,0.41153183636224894,,0.06180875251490647,0.08023469742538977,0.015547865562171968,0.9194628144433494
measurement_conditioned_hybrid,bidir_seed3,3,64,0.05,none,8192,0.4122524566212802,,0.06555355114768896,0.08179886819075696,-0.003306751883602925,0.9169050580581446
measurement_conditioned_hybrid,bidir_seed3,3,64,0.05,calibrated_symmetric,8192,0.427705627180386,,0.06169650730043876,0.07969214572125162,0.014632964984359424,0.9204029615578326
measurement_conditioned_hybrid,bidir_seed4,3,64,0.05,none,8192,0.39865902736565356,,0.06536679955776258,0.08189375482163878,-0.0019611790682258945,0.9163944780330604
measurement_conditioned_hybrid,bidir_seed4,3,64,0.05,calibrated_symmetric,8192,0.4147847751625561,,0.06163384850698988,0.07991489081739464,0.015344227476845801,0.9202210253437924
stratified_dfe,none,4,32,0.0,none,0,1.0,0.11340915758250834,0.08983547433042928,0.11239204655751393,-0.00017696670034811612,0.8717288324771628
stratified_dfe,none,4,32,0.0,calibrated_symmetric,0,1.0,0.11340915758250834,0.08983547433042928,0.11239204655751393,-0.00017696670034811612,0.8717288324771628
measurement_conditioned_hybrid,bidir_seed0,4,32,0.0,none,6144,0.5417464098738719,,0.06429033391734225,0.08147326551165139,0.009994383098851024,0.9129171307934145
measurement_conditioned_hybrid,bidir_seed0,4,32,0.0,calibrated_symmetric,6144,0.5417464098738719,,0.06429033391734225,0.08147326551165139,0.009994383098851024,0.9129171307934145
measurement_conditioned_hybrid,bidir_seed1,4,32,0.0,none,6144,0.5491702165378919,,0.06502382551792112,0.08246499373016981,0.010883772750148086,0.9109014273226834
measurement_conditioned_hybrid,bidir_seed1,4,32,0.0,calibrated_symmetric,6144,0.5491702165378919,,0.06502382551792112,0.08246499373016981,0.010883772750148086,0.9109014273226834
measurement_conditioned_hybrid,bidir_seed2,4,32,0.0,none,6144,0.5442463464794371,,0.06432258143934834,0.08144338046831308,0.010001388553127405,0.9130096091047899
measurement_conditioned_hybrid,bidir_seed2,4,32,0.0,calibrated_symmetric,6144,0.5442463464794371,,0.06432258143934834,0.08144338046831308,0.010001388553127405,0.9130096091047899
measurement_conditioned_hybrid,bidir_seed3,4,32,0.0,none,6144,0.5666602289700272,,0.06481184525135612,0.08179675468800085,0.009147789021649639,0.9120531474096882
measurement_conditioned_hybrid,bidir_seed3,4,32,0.0,calibrated_symmetric,6144,0.5666602289700272,,0.06481184525135612,0.08179675468800085,0.009147789021649639,0.9120531474096882
measurement_conditioned_hybrid,bidir_seed4,4,32,0.0,none,6144,0.5452517792233016,,0.06419984602880903,0.08131825445230714,0.009897424088255034,0.9132496027836525
measurement_conditioned_hybrid,bidir_seed4,4,32,0.0,calibrated_symmetric,6144,0.5452517792233016,,0.06419984602880903,0.08131825445230714,0.009897424088255034,0.9132496027836525
stratified_dfe,none,4,32,0.01,none,0,1.0,0.11663906062234776,0.09302903045641465,0.11677486553426845,-0.008764516303522719,0.8613623868751487
stratified_dfe,none,4,32,0.01,calibrated_symmetric,0,1.0,0.11901944961464057,0.09464932416075014,0.11876764578267873,0.0001254608182783944,0.8614407220204292
measurement_conditioned_hybrid,bidir_seed0,4,32,0.01,none,6144,0.525664675597149,,0.06486478430798316,0.08221272375071023,0.0057638252354109696,0.9102444632557751
measurement_conditioned_hybrid,bidir_seed0,4,32,0.01,calibrated_symmetric,6144,0.5125869280523647,,0.06507552338502143,0.08264699716523556,0.01075219383560381,0.9104278039900392
measurement_conditioned_hybrid,bidir_seed1,4,32,0.01,none,6144,0.5305890784169023,,0.0656090397513121,0.08323147826594549,0.006709163809989328,0.9080449705184386
measurement_conditioned_hybrid,bidir_seed1,4,32,0.01,calibrated_symmetric,6144,0.517396331543106,,0.06587825780887982,0.08373641684102479,0.011774946475012975,0.9081990582663697
measurement_conditioned_hybrid,bidir_seed2,4,32,0.01,none,6144,0.5269473279915934,,0.06480116727724575,0.08215010037371163,0.00578902769666029,0.9103965440379537
measurement_conditioned_hybrid,bidir_seed2,4,32,0.01,calibrated_symmetric,6144,0.5137901380264197,,0.06502164332869823,0.08258767240389459,0.010792417104397949,0.9105902629218254
measurement_conditioned_hybrid,bidir_seed3,4,32,0.01,none,6144,0.5414435290343336,,0.0651287658722974,0.08242651365030984,0.004965201360857974,0.909639249324148
measurement_conditioned_hybrid,bidir_seed3,4,32,0.01,calibrated_symmetric,6144,0.5278440889944049,,0.06531197884946466,0.08279424140419406,0.010096929776559054,0.9099166163130895
measurement_conditioned_hybrid,bidir_seed4,4,32,0.01,none,6144,0.528029989854485,,0.0648131089573531,0.08213142723039994,0.0056708031458267,0.9104177917825241
measurement_conditioned_hybrid,bidir_seed4,4,32,0.01,calibrated_symmetric,6144,0.5148472709805558,,0.0650162226419655,0.08255321083782804,0.010682076318666677,0.9106276472394427
stratified_dfe,none,4,32,0.03,none,0,1.0,0.1226239465587487,0.10077458773074406,0.1263996453930731,-0.02516456590669732,0.8303405097818054
stratified_dfe,none,4,32,0.03,calibrated_symmetric,0,1.0,0.1304510069773922,0.1044965697938689,0.13063667747368263,0.0016409368795235507,0.8305447042148049
measurement_conditioned_hybrid,bidir_seed0,4,32,0.03,none,6144,0.3635643081327149,,0.06995603128035283,0.08922879665598828,0.004701262964450706,0.8950723918772036
measurement_conditioned_hybrid,bidir_seed0,4,32,0.03,calibrated_symmetric,6144,0.35686602245395765,,0.06924133551926627,0.08970005079168297,0.014621251862412319,0.8954582354776438
measurement_conditioned_hybrid,bidir_seed1,4,32,0.03,none,6144,0.370413679133086,,0.07097152520371995,0.09056418566568417,0.0058471578108691335,0.8919702812078798
measurement_conditioned_hybrid,bidir_seed1,4,32,0.03,calibrated_symmetric,6144,0.3634668436978711,,0.07032701080542413,0.0911538684361842,0.015972814457282686,0.8923857612296483
measurement_conditioned_hybrid,bidir_seed2,4,32,0.03,none,6144,0.3653944229161364,,0.0698082619443473,0.08903405419641613,0.004701107360888861,0.8954723861410638
measurement_conditioned_hybrid,bidir_seed2,4,32,0.03,calibrated_symmetric,6144,0.3586424536589567,,0.06912593189464789,0.08953212145154407,0.014672371351260972,0.8958409402937664
measurement_conditioned_hybrid,bidir_seed3,4,32,0.03,none,6144,0.3816176845049979,,0.07020898271655004,0.0890283720688936,0.0034223408928340457,0.8955734160234815
measurement_conditioned_hybrid,bidir_seed3,4,32,0.03,calibrated_symmetric,6144,0.3740100628926936,,0.06945607522304849,0.08945261799828143,0.013841723601513022,0.8958193594410665
measurement_conditioned_hybrid,bidir_seed4,4,32,0.03,none,6144,0.3663924482160817,,0.06967142961863496,0.08887101846174816,0.004539862271959197,0.8960290562145511
measurement_conditioned_hybrid,bidir_seed4,4,32,0.03,calibrated_symmetric,6144,0.3595703792050638,,0.06897244336152725,0.08934190381217288,0.014538216538566863,0.8963738322850086
stratified_dfe,none,4,32,0.05,none,0,1.0,0.12806756113651066,0.1095335952187371,0.1383627924534091,-0.04764100439876082,0.8099005701577697
stratified_dfe,none,4,32,0.05,calibrated_symmetric,0,1.0,0.14229729015167847,0.1129749578473485,0.142019801394195,-0.0035389596456743924,0.8100882879303647
measurement_conditioned_hybrid,bidir_seed0,4,32,0.05,none,6144,0.2842900651501139,,0.07330984763218493,0.09271950664414712,0.002012591624542367,0.8872907733825158
measurement_conditioned_hybrid,bidir_seed0,4,32,0.05,calibrated_symmetric,6144,0.3025512599060267,,0.07074139794680098,0.09153582148499419,0.014132115191806533,0.8909216303957984
measurement_conditioned_hybrid,bidir_seed1,4,32,0.05,none,6144,0.2914364020601178,,0.0745494047303018,0.09421853323325469,0.0031665049432748663,0.8835874723077928
measurement_conditioned_hybrid,bidir_seed1,4,32,0.05,calibrated_symmetric,6144,0.3096094220116948,,0.07201333830776702,0.09311469201211331,0.015562453815550539,0.8874539681793131
measurement_conditioned_hybrid,bidir_seed2,4,32,0.05,none,6144,0.284044852609471,,0.07324444687542267,0.0926081184476545,0.0021280210677607665,0.8874658389554386
measurement_conditioned_hybrid,bidir_seed2,4,32,0.05,calibrated_symmetric,6144,0.3023388140493917,,0.07075360060840587,0.09146931636690374,0.01423331777050564,0.891061485411012
measurement_conditioned_hybrid,bidir_seed3,4,32,0.05,none,6144,0.29769077586259673,,0.07373450174468603,0.0925529102762683,0.0005936938290749825,0.8882159436445328
measurement_conditioned_hybrid,bidir_seed3,4,32,0.05,calibrated_symmetric,6144,0.3159180142015376,,0.07106607226369299,0.09133798796461387,0.013320174673192514,0.891284673085012
measurement_conditioned_hybrid,bidir_seed4,4,32,0.05,none,6144,0.28602483071426027,,0.07312482625850618,0.09236539922937861,0.00186043805838703,0.8883770445747001
measurement_conditioned_hybrid,bidir_seed4,4,32,0.05,calibrated_symmetric,6144,0.3042910644217657,,0.07057781520065567,0.09120656438454422,0.014057458927432183,0.8918145653659005
stratified_dfe,none,4,64,0.0,none,0,1.0,0.08019238437524542,0.06383286349822782,0.08009022336872844,0.0021791840933026775,0.9276076239188852
stratified_dfe,none,4,64,0.0,calibrated_symmetric,0,1.0,0.08019238437524542,0.06383286349822782,0.08009022336872844,0.0021791840933026775,0.9276076239188852
measurement_conditioned_hybrid,bidir_seed0,4,64,0.0,none,8192,0.6719470232253374,,0.052722529693061876,0.06624768198542261,0.008687672118732358,0.9434308175782503
measurement_conditioned_hybrid,bidir_seed0,4,64,0.0,calibrated_symmetric,8192,0.6719470232253374,,0.052722529693061876,0.06624768198542261,0.008687672118732358,0.9434308175782503
measurement_conditioned_hybrid,bidir_seed1,4,64,0.0,none,8192,0.6769744863583387,,0.053127939439532125,0.06682617157783258,0.009343253651317336,0.9425576781969645
measurement_conditioned_hybrid,bidir_seed1,4,64,0.0,calibrated_symmetric,8192,0.6769744863583387,,0.053127939439532125,0.06682617157783258,0.009343253651317336,0.9425576781969645
measurement_conditioned_hybrid,bidir_seed2,4,64,0.0,none,8192,0.6758948155295463,,0.05268645832851033,0.06619460615850803,0.008653790826306584,0.9435101233360612
measurement_conditioned_hybrid,bidir_seed2,4,64,0.0,calibrated_symmetric,8192,0.6758948155295463,,0.05268645832851033,0.06619460615850803,0.008653790826306584,0.9435101233360612
measurement_conditioned_hybrid,bidir_seed3,4,64,0.0,none,8192,0.6965352700393092,,0.052865517818335546,0.06626494233022386,0.007994234902615065,0.9432352595161562
measurement_conditioned_hybrid,bidir_seed3,4,64,0.0,calibrated_symmetric,8192,0.6965352700393092,,0.052865517818335546,0.06626494233022386,0.007994234902615065,0.9432352595161562
measurement_conditioned_hybrid,bidir_seed4,4,64,0.0,none,8192,0.6778332364849191,,0.052649415377395044,0.06613879317358048,0.008557321334508657,0.9435881401061703
measurement_conditioned_hybrid,bidir_seed4,4,64,0.0,calibrated_symmetric,8192,0.6778332364849191,,0.052649415377395044,0.06613879317358048,0.008557321334508657,0.9435881401061703
stratified_dfe,none,4,64,0.01,none,0,1.0,0.08247627071729091,0.0667269492174484,0.08408707880106327,-0.006741636839237005,0.9182570830086663
stratified_dfe,none,4,64,0.01,calibrated_symmetric,0,1.0,0.08415945991560297,0.06784207432860871,0.0854636129294238,0.0022453005696551373,0.9182570830086658
measurement_conditioned_hybrid,bidir_seed0,4,64,0.01,none,8192,0.7042499356142654,,0.0545546487794828,0.06890689590963714,0.001753386373124667,0.9375702896926479
measurement_conditioned_hybrid,bidir_seed0,4,64,0.01,calibrated_symmetric,8192,0.7107015803769504,,0.055188896188365144,0.06960734034070358,0.007954539190566146,0.9372843445000418
measurement_conditioned_hybrid,bidir_seed1,4,64,0.01,none,8192,0.7062917840780972,,0.0549741960145972,0.06944189871228255,0.002381402985412506,0.9365964326533073
measurement_conditioned_hybrid,bidir_seed1,4,64,0.01,calibrated_symmetric,8192,0.7122330006016434,,0.055620469123890626,0.07014771372326027,0.008597113967506191,0.9363591059467058
measurement_conditioned_hybrid,bidir_seed2,4,64,0.01,none,8192,0.7072501656841618,,0.054574136395801706,0.06891070568527685,0.001707193949715979,0.9375667626210644
measurement_conditioned_hybrid,bidir_seed2,4,64,0.01,calibrated_symmetric,8192,0.7136776742890033,,0.055227916730516226,0.06963542322782332,0.007934904987156008,0.9372688463223413
measurement_conditioned_hybrid,bidir_seed3,4,64,0.01,none,8192,0.7330518725173297,,0.05503930037366934,0.06948525495015227,0.0007437090674048376,0.936518368067059
measurement_conditioned_hybrid,bidir_seed3,4,64,0.01,calibrated_symmetric,8192,0.7387226788663612,,0.05574397663353855,0.07025864963965286,0.007222988595257388,0.9361674518132244
measurement_conditioned_hybrid,bidir_seed4,4,64,0.01,none,8192,0.7072097898431993,,0.054564589479807954,0.06892803858232119,0.0016558809542325445,0.9375292699656227
measurement_conditioned_hybrid,bidir_seed4,4,64,0.01,calibrated_symmetric,8192,0.7135031859088032,,0.05522198666043092,0.06964129846341333,0.007887029594907596,0.9372304554962582
stratified_dfe,none,4,64,0.03,none,0,1.0,0.08670822414754802,0.07168505912543172,0.09001934228323645,-0.026722415609078273,0.9092451573673423
stratified_dfe,none,4,64,0.03,calibrated_symmetric,0,1.0,0.09224279164632768,0.07221214456569587,0.09050544850169168,0.00010271077347830016,0.9092703499657334
measurement_conditioned_hybrid,bidir_seed0,4,64,0.03,none,8192,0.722191077867054,,0.058701846592521374,0.0733750169015273,-0.013248802718184792,0.9313104826878976
measurement_conditioned_hybrid,bidir_seed0,4,64,0.03,calibrated_symmetric,8192,0.705346059313169,,0.05767207846169836,0.07257134106855714,0.006495973186068767,0.9314789794693094
measurement_conditioned_hybrid,bidir_seed1,4,64,0.03,none,8192,0.7269467015029883,,0.05900289015127556,0.07376296604480662,-0.012842564581412717,0.93039578998791
measurement_conditioned_hybrid,bidir_seed1,4,64,0.03,calibrated_symmetric,8192,0.7095440075734716,,0.058049924835016004,0.07305795292070402,0.007082754880645419,0.9305819946337548
measurement_conditioned_hybrid,bidir_seed2,4,64,0.03,none,8192,0.7263350650161559,,0.0587447148953616,0.07346439210047885,-0.013413646201029675,0.9311675273545099
measurement_conditioned_hybrid,bidir_seed2,4,64,0.03,calibrated_symmetric,8192,0.7090621824839405,,0.05774165090473753,0.07266381039338984,0.00645408425521694,0.9313642820717842
measurement_conditioned_hybrid,bidir_seed3,4,64,0.03,none,8192,0.7493147606226099,,0.05946603473905554,0.07438851172744991,-0.01474322206665476,0.9297715027736756
measurement_conditioned_hybrid,bidir_seed3,4,64,0.03,calibrated_symmetric,8192,0.7294598371023271,,0.05827433940944342,0.07333521645002175,0.005781982789578748,0.9301565654736001
measurement_conditioned_hybrid,bidir_seed4,4,64,0.03,none,8192,0.7259472341151963,,0.05874079332950701,0.07342377000340315,-0.013443775397304675,0.9312703931812659
measurement_conditioned_hybrid,bidir_seed4,4,64,0.03,calibrated_symmetric,8192,0.7086920828062702,,0.057692231538976374,0.07258845086304902,0.006410065300897432,0.9314694506090629
stratified_dfe,none,4,64,0.05,none,0,1.0,0.09055744092964942,0.08442240484088423,0.10605156322554063,-0.044905079299554465,0.8835234369318045
stratified_dfe,none,4,64,0.05,calibrated_symmetric,0,1.0,0.10061937881072158,0.08290658452764901,0.1040661866036679,-0.00023035900634458972,0.8835460560613208
measurement_conditioned_hybrid,bidir_seed0,4,64,0.05,none,8192,0.46157715195204396,,0.06564539955353739,0.08158153229536601,-0.008975409185396823,0.9165731763854272
measurement_conditioned_hybrid,bidir_seed0,4,64,0.05,calibrated_symmetric,8192,0.46762529715127027,,0.0622823111624958,0.07968400310606656,0.0115042594872711,0.9181494210928709
measurement_conditioned_hybrid,bidir_seed1,4,64,0.05,none,8192,0.46739277933413276,,0.0664610441615613,0.08260902104673383,-0.008120534926822598,0.9142758133087199
measurement_conditioned_hybrid,bidir_seed1,4,64,0.05,calibrated_symmetric,8192,0.47293501729366305,,0.06320165781654116,0.08086637971793532,0.012617296294252827,0.915979681362784
measurement_conditioned_hybrid,bidir_seed2,4,64,0.05,none,8192,0.46260782472232015,,0.06554230125961355,0.08141371998328631,-0.00897092938117932,0.9168475381097451
measurement_conditioned_hybrid,bidir_seed2,4,64,0.05,calibrated_symmetric,8192,0.46859009967895965,,0.06223465849927471,0.07956203558211884,0.011555433578803766,0.9183844025580122
measurement_conditioned_hybrid,bidir_seed3,4,64,0.05,none,8192,0.47932018804677307,,0.06573712512317248,0.08143228866273956,-0.01051961908778164,0.9175960057051767
measurement_conditioned_hybrid,bidir_seed3,4,64,0.05,calibrated_symmetric,8192,0.48381704261524977,,0.06228302889904718,0.0793267012829886,0.010790444125581212,0.9187411822169613
measurement_conditioned_hybrid,bidir_seed4,4,64,0.05,none,8192,0.46402138447647123,,0.06549114912768852,0.0813440869874205,-0.009162112054847328,0.9172210137753387
measurement_conditioned_hybrid,bidir_seed4,4,64,0.05,calibrated_symmetric,8192,0.469873077054558,,0.062095760703041354,0.07944224054821455,0.01143138842062749,0.9186707995002384
