split,model,seed_index,nominal_level,empirical_coverage
ID,FidelityNO (5M),0,0.1,0.099
ID,FidelityNO (5M),0,0.2,0.1998
ID,FidelityNO (5M),0,0.3,0.296
ID,FidelityNO (5M),0,0.4,0.391
ID,FidelityNO (5M),0,0.5,0.4838
ID,FidelityNO (5M),0,0.6,0.598
ID,FidelityNO (5M),0,0.7,0.6954
ID,FidelityNO (5M),0,0.8,0.7982
ID,FidelityNO (5M),0,0.9,0.905
ID,FidelityNO (5M),1,0.1,0.093
ID,FidelityNO (5M),1,0.2,0.1916
ID,FidelityNO (5M),1,0.3,0.298
ID,FidelityNO (5M),1,0.4,0.4034
ID,FidelityNO (5M),1,0.5,0.4946
ID,FidelityNO (5M),1,0.6,0.5898
ID,FidelityNO (5M),1,0.7,0.6954
ID,FidelityNO (5M),1,0.8,0.8008
ID,FidelityNO (5M),1,0.9,0.9056
ID,FidelityNO (5M),2,0.1,0.0982
ID,FidelityNO (5M),2,0.2,0.2
ID,FidelityNO (5M),2,0.3,0.3052
ID,FidelityNO (5M),2,0.4,0.4088
ID,FidelityNO (5M),2,0.5,0.514
ID,FidelityNO (5M),2,0.6,0.6128
ID,FidelityNO (5M),2,0.7,0.6962
ID,FidelityNO (5M),2,0.8,0.7936
ID,FidelityNO (5M),2,0.9,0.9996
ID,FidelityNO (5M),3,0.1,0.0922
ID,FidelityNO (5M),3,0.2,0.1812
ID,FidelityNO (5M),3,0.3,0.283
ID,FidelityNO (5M),3,0.4,0.3892
ID,FidelityNO (5M),3,0.5,0.5012
ID,FidelityNO (5M),3,0.6,0.604
ID,FidelityNO (5M),3,0.7,0.7074
ID,FidelityNO (5M),3,0.8,0.8076
ID,FidelityNO (5M),3,0.9,0.8976
ID,FidelityNO (5M),4,0.1,0.1046
ID,FidelityNO (5M),4,0.2,0.2072
ID,FidelityNO (5M),4,0.3,0.3082
ID,FidelityNO (5M),4,0.4,0.4122
ID,FidelityNO (5M),4,0.5,0.5156
ID,FidelityNO (5M),4,0.6,0.608
ID,FidelityNO (5M),4,0.7,0.7068
ID,FidelityNO (5M),4,0.8,0.8086
ID,FidelityNO (5M),4,0.9,0.899
Length OOD,FidelityNO (5M),0,0.1,1.0
Length OOD,FidelityNO (5M),0,0.2,1.0
Length OOD,FidelityNO (5M),0,0.3,1.0
Length OOD,FidelityNO (5M),0,0.4,1.0
Length OOD,FidelityNO (5M),0,0.5,1.0
Length OOD,FidelityNO (5M),0,0.6,1.0
Length OOD,FidelityNO (5M),0,0.7,1.0
Length OOD,FidelityNO (5M),0,0.8,1.0
Length OOD,FidelityNO (5M),0,0.9,1.0
Length OOD,FidelityNO (5M),1,0.1,1.0
Length OOD,FidelityNO (5M),1,0.2,1.0
Length OOD,FidelityNO (5M),1,0.3,1.0
Length OOD,FidelityNO (5M),1,0.4,1.0
Length OOD,FidelityNO (5M),1,0.5,1.0
Length OOD,FidelityNO (5M),1,0.6,1.0
Length OOD,FidelityNO (5M),1,0.7,1.0
Length OOD,FidelityNO (5M),1,0.8,1.0
Length OOD,FidelityNO (5M),1,0.9,1.0
Length OOD,FidelityNO (5M),2,0.1,1.0
Length OOD,FidelityNO (5M),2,0.2,1.0
Length OOD,FidelityNO (5M),2,0.3,1.0
Length OOD,FidelityNO (5M),2,0.4,1.0
Length OOD,FidelityNO (5M),2,0.5,1.0
Length OOD,FidelityNO (5M),2,0.6,1.0
Length OOD,FidelityNO (5M),2,0.7,1.0
Length OOD,FidelityNO (5M),2,0.8,1.0
Length OOD,FidelityNO (5M),2,0.9,1.0
Length OOD,FidelityNO (5M),3,0.1,1.0
Length OOD,FidelityNO (5M),3,0.2,1.0
Length OOD,FidelityNO (5M),3,0.3,1.0
Length OOD,FidelityNO (5M),3,0.4,1.0
Length OOD,FidelityNO (5M),3,0.5,1.0
Length OOD,FidelityNO (5M),3,0.6,1.0
Length OOD,FidelityNO (5M),3,0.7,1.0
Length OOD,FidelityNO (5M),3,0.8,1.0
Length OOD,FidelityNO (5M),3,0.9,1.0
Length OOD,FidelityNO (5M),4,0.1,1.0
Length OOD,FidelityNO (5M),4,0.2,1.0
Length OOD,FidelityNO (5M),4,0.3,1.0
Length OOD,FidelityNO (5M),4,0.4,1.0
Length OOD,FidelityNO (5M),4,0.5,1.0
Length OOD,FidelityNO (5M),4,0.6,1.0
Length OOD,FidelityNO (5M),4,0.7,1.0
Length OOD,FidelityNO (5M),4,0.8,1.0
Length OOD,FidelityNO (5M),4,0.9,1.0
ID,FidelityNO (1M),0,0.1,0.1044
ID,FidelityNO (1M),0,0.2,0.198
ID,FidelityNO (1M),0,0.3,0.3058
ID,FidelityNO (1M),0,0.4,0.4094
ID,FidelityNO (1M),0,0.5,0.492
ID,FidelityNO (1M),0,0.6,0.599
ID,FidelityNO (1M),0,0.7,0.6964
ID,FidelityNO (1M),0,0.8,0.7992
ID,FidelityNO (1M),0,0.9,0.8998
ID,FidelityNO (1M),1,0.1,0.1036
ID,FidelityNO (1M),1,0.2,0.1946
ID,FidelityNO (1M),1,0.3,0.287
ID,FidelityNO (1M),1,0.4,0.385
ID,FidelityNO (1M),1,0.5,0.479
ID,FidelityNO (1M),1,0.6,0.5772
ID,FidelityNO (1M),1,0.7,0.6798
ID,FidelityNO (1M),1,0.8,0.7812
ID,FidelityNO (1M),1,0.9,0.891
ID,FidelityNO (1M),2,0.1,0.096
ID,FidelityNO (1M),2,0.2,0.2052
ID,FidelityNO (1M),2,0.3,0.3054
ID,FidelityNO (1M),2,0.4,0.404
ID,FidelityNO (1M),2,0.5,0.501
ID,FidelityNO (1M),2,0.6,0.603
ID,FidelityNO (1M),2,0.7,0.713
ID,FidelityNO (1M),2,0.8,0.8064
ID,FidelityNO (1M),2,0.9,0.9032
ID,FidelityNO (1M),3,0.1,0.0898
ID,FidelityNO (1M),3,0.2,0.188
ID,FidelityNO (1M),3,0.3,0.2842
ID,FidelityNO (1M),3,0.4,0.392
ID,FidelityNO (1M),3,0.5,0.4974
ID,FidelityNO (1M),3,0.6,0.601
ID,FidelityNO (1M),3,0.7,0.7036
ID,FidelityNO (1M),3,0.8,0.993
ID,FidelityNO (1M),3,0.9,0.9976
ID,FidelityNO (1M),4,0.1,0.102
ID,FidelityNO (1M),4,0.2,0.1978
ID,FidelityNO (1M),4,0.3,0.3026
ID,FidelityNO (1M),4,0.4,0.4104
ID,FidelityNO (1M),4,0.5,0.4976
ID,FidelityNO (1M),4,0.6,0.6062
ID,FidelityNO (1M),4,0.7,0.7052
ID,FidelityNO (1M),4,0.8,0.994
ID,FidelityNO (1M),4,0.9,0.9966
Length OOD,FidelityNO (1M),0,0.1,1.0
Length OOD,FidelityNO (1M),0,0.2,1.0
Length OOD,FidelityNO (1M),0,0.3,1.0
Length OOD,FidelityNO (1M),0,0.4,1.0
Length OOD,FidelityNO (1M),0,0.5,1.0
Length OOD,FidelityNO (1M),0,0.6,1.0
Length OOD,FidelityNO (1M),0,0.7,1.0
Length OOD,FidelityNO (1M),0,0.8,1.0
Length OOD,FidelityNO (1M),0,0.9,1.0
Length OOD,FidelityNO (1M),1,0.1,1.0
Length OOD,FidelityNO (1M),1,0.2,1.0
Length OOD,FidelityNO (1M),1,0.3,1.0
Length OOD,FidelityNO (1M),1,0.4,1.0
Length OOD,FidelityNO (1M),1,0.5,1.0
Length OOD,FidelityNO (1M),1,0.6,1.0
Length OOD,FidelityNO (1M),1,0.7,1.0
Length OOD,FidelityNO (1M),1,0.8,1.0
Length OOD,FidelityNO (1M),1,0.9,1.0
Length OOD,FidelityNO (1M),2,0.1,1.0
Length OOD,FidelityNO (1M),2,0.2,1.0
Length OOD,FidelityNO (1M),2,0.3,1.0
Length OOD,FidelityNO (1M),2,0.4,1.0
Length OOD,FidelityNO (1M),2,0.5,1.0
Length OOD,FidelityNO (1M),2,0.6,1.0
Length OOD,FidelityNO (1M),2,0.7,1.0
Length OOD,FidelityNO (1M),2,0.8,1.0
Length OOD,FidelityNO (1M),2,0.9,1.0
Length OOD,FidelityNO (1M),3,0.1,1.0
Length OOD,FidelityNO (1M),3,0.2,1.0
Length OOD,FidelityNO (1M),3,0.3,1.0
Length OOD,FidelityNO (1M),3,0.4,1.0
Length OOD,FidelityNO (1M),3,0.5,1.0
Length OOD,FidelityNO (1M),3,0.6,1.0
Length OOD,FidelityNO (1M),3,0.7,1.0
Length OOD,FidelityNO (1M),3,0.8,1.0
Length OOD,FidelityNO (1M),3,0.9,1.0
Length OOD,FidelityNO (1M),4,0.1,1.0
Length OOD,FidelityNO (1M),4,0.2,1.0
Length OOD,FidelityNO (1M),4,0.3,1.0
Length OOD,FidelityNO (1M),4,0.4,1.0
Length OOD,FidelityNO (1M),4,0.5,1.0
Length OOD,FidelityNO (1M),4,0.6,1.0
Length OOD,FidelityNO (1M),4,0.7,1.0
Length OOD,FidelityNO (1M),4,0.8,1.0
Length OOD,FidelityNO (1M),4,0.9,1.0
ID,Generic-GNN,0,0.1,0.096
ID,Generic-GNN,0,0.2,0.1972
ID,Generic-GNN,0,0.3,0.3068
ID,Generic-GNN,0,0.4,0.4012
ID,Generic-GNN,0,0.5,0.4928
ID,Generic-GNN,0,0.6,0.8074
ID,Generic-GNN,0,0.7,0.8534
ID,Generic-GNN,0,0.8,0.8988
ID,Generic-GNN,0,0.9,0.952
ID,Generic-GNN,1,0.1,0.0986
ID,Generic-GNN,1,0.2,0.219
ID,Generic-GNN,1,0.3,0.3004
ID,Generic-GNN,1,0.4,0.4028
ID,Generic-GNN,1,0.5,0.5086
ID,Generic-GNN,1,0.6,0.6082
ID,Generic-GNN,1,0.7,0.7154
ID,Generic-GNN,1,0.8,0.8094
ID,Generic-GNN,1,0.9,0.9042
ID,Generic-GNN,2,0.1,0.0974
ID,Generic-GNN,2,0.2,0.1898
ID,Generic-GNN,2,0.3,0.2994
ID,Generic-GNN,2,0.4,0.4016
ID,Generic-GNN,2,0.5,0.4984
ID,Generic-GNN,2,0.6,0.5926
ID,Generic-GNN,2,0.7,0.696
ID,Generic-GNN,2,0.8,0.8
ID,Generic-GNN,2,0.9,0.903
ID,Generic-GNN,3,0.1,0.0984
ID,Generic-GNN,3,0.2,0.2094
ID,Generic-GNN,3,0.3,0.3178
ID,Generic-GNN,3,0.4,0.4048
ID,Generic-GNN,3,0.5,0.5002
ID,Generic-GNN,3,0.6,0.5976
ID,Generic-GNN,3,0.7,0.7058
ID,Generic-GNN,3,0.8,0.8044
ID,Generic-GNN,3,0.9,0.9012
ID,Generic-GNN,4,0.1,0.1144
ID,Generic-GNN,4,0.2,0.214
ID,Generic-GNN,4,0.3,0.3126
ID,Generic-GNN,4,0.4,0.4086
ID,Generic-GNN,4,0.5,0.51
ID,Generic-GNN,4,0.6,0.6048
ID,Generic-GNN,4,0.7,0.696
ID,Generic-GNN,4,0.8,0.7942
ID,Generic-GNN,4,0.9,0.902
Length OOD,Generic-GNN,0,0.1,0.7328519855595668
Length OOD,Generic-GNN,0,0.2,0.9942839951865222
Length OOD,Generic-GNN,0,0.3,0.9969915764139591
Length OOD,Generic-GNN,0,0.4,0.9984957882069796
Length OOD,Generic-GNN,0,0.5,0.9984957882069796
Length OOD,Generic-GNN,0,0.6,1.0
Length OOD,Generic-GNN,0,0.7,1.0
Length OOD,Generic-GNN,0,0.8,1.0
Length OOD,Generic-GNN,0,0.9,1.0
Length OOD,Generic-GNN,1,0.1,0.8474729241877257
Length OOD,Generic-GNN,1,0.2,0.8574007220216606
Length OOD,Generic-GNN,1,0.3,0.9963898916967509
Length OOD,Generic-GNN,1,0.4,0.9981949458483754
Length OOD,Generic-GNN,1,0.5,0.9993983152827918
Length OOD,Generic-GNN,1,0.6,0.9996991576413959
Length OOD,Generic-GNN,1,0.7,0.9996991576413959
Length OOD,Generic-GNN,1,0.8,1.0
Length OOD,Generic-GNN,1,0.9,1.0
Length OOD,Generic-GNN,2,0.1,0.8525872442839952
Length OOD,Generic-GNN,2,0.2,0.8892900120336944
Length OOD,Generic-GNN,2,0.3,0.9789410348977136
Length OOD,Generic-GNN,2,0.4,0.9846570397111913
Length OOD,Generic-GNN,2,0.5,0.9924789410348978
Length OOD,Generic-GNN,2,0.6,0.9930806257521059
Length OOD,Generic-GNN,2,0.7,0.9948856799037304
Length OOD,Generic-GNN,2,0.8,0.996690734055355
Length OOD,Generic-GNN,2,0.9,0.9993983152827918
Length OOD,Generic-GNN,3,0.1,0.8820697954271961
Length OOD,Generic-GNN,3,0.2,0.8868832731648616
Length OOD,Generic-GNN,3,0.3,0.9819494584837545
Length OOD,Generic-GNN,3,0.4,0.9846570397111913
Length OOD,Generic-GNN,3,0.5,0.9939831528279182
Length OOD,Generic-GNN,3,0.6,0.9939831528279182
Length OOD,Generic-GNN,3,0.7,0.9975932611311673
Length OOD,Generic-GNN,3,0.8,0.9987966305655837
Length OOD,Generic-GNN,3,0.9,0.9996991576413959
Length OOD,Generic-GNN,4,0.1,0.891395908543923
Length OOD,Generic-GNN,4,0.2,0.9094464500601684
Length OOD,Generic-GNN,4,0.3,0.9280986762936222
Length OOD,Generic-GNN,4,0.4,0.9584837545126353
Length OOD,Generic-GNN,4,0.5,0.9771359807460891
Length OOD,Generic-GNN,4,0.6,0.9789410348977136
Length OOD,Generic-GNN,4,0.7,0.9843561973525873
Length OOD,Generic-GNN,4,0.8,0.9909747292418772
Length OOD,Generic-GNN,4,0.9,0.9951865222623345
ID,Bidir Trans.,0,0.1,0.1
ID,Bidir Trans.,0,0.2,0.1974
ID,Bidir Trans.,0,0.3,0.3002
ID,Bidir Trans.,0,0.4,0.4036
ID,Bidir Trans.,0,0.5,0.503
ID,Bidir Trans.,0,0.6,0.593
ID,Bidir Trans.,0,0.7,0.6944
ID,Bidir Trans.,0,0.8,0.7988
ID,Bidir Trans.,0,0.9,0.9004
ID,Bidir Trans.,1,0.1,0.1032
ID,Bidir Trans.,1,0.2,0.195
ID,Bidir Trans.,1,0.3,0.288
ID,Bidir Trans.,1,0.4,0.3974
ID,Bidir Trans.,1,0.5,0.4916
ID,Bidir Trans.,1,0.6,0.5898
ID,Bidir Trans.,1,0.7,0.6878
ID,Bidir Trans.,1,0.8,0.799
ID,Bidir Trans.,1,0.9,0.8896
ID,Bidir Trans.,2,0.1,0.106
ID,Bidir Trans.,2,0.2,0.1982
ID,Bidir Trans.,2,0.3,0.3048
ID,Bidir Trans.,2,0.4,0.4002
ID,Bidir Trans.,2,0.5,0.5006
ID,Bidir Trans.,2,0.6,0.5964
ID,Bidir Trans.,2,0.7,0.7028
ID,Bidir Trans.,2,0.8,0.7972
ID,Bidir Trans.,2,0.9,0.8986
ID,Bidir Trans.,3,0.1,0.0992
ID,Bidir Trans.,3,0.2,0.1906
ID,Bidir Trans.,3,0.3,0.2884
ID,Bidir Trans.,3,0.4,0.395
ID,Bidir Trans.,3,0.5,0.4904
ID,Bidir Trans.,3,0.6,0.5932
ID,Bidir Trans.,3,0.7,0.7054
ID,Bidir Trans.,3,0.8,0.8038
ID,Bidir Trans.,3,0.9,0.9042
ID,Bidir Trans.,4,0.1,0.0978
ID,Bidir Trans.,4,0.2,0.1976
ID,Bidir Trans.,4,0.3,0.3124
ID,Bidir Trans.,4,0.4,0.4164
ID,Bidir Trans.,4,0.5,0.5222
ID,Bidir Trans.,4,0.6,0.6136
ID,Bidir Trans.,4,0.7,0.7138
ID,Bidir Trans.,4,0.8,0.986
ID,Bidir Trans.,4,0.9,0.9934
Length OOD,Bidir Trans.,0,0.1,1.0
Length OOD,Bidir Trans.,0,0.2,1.0
Length OOD,Bidir Trans.,0,0.3,1.0
Length OOD,Bidir Trans.,0,0.4,1.0
Length OOD,Bidir Trans.,0,0.5,1.0
Length OOD,Bidir Trans.,0,0.6,1.0
Length OOD,Bidir Trans.,0,0.7,1.0
Length OOD,Bidir Trans.,0,0.8,1.0
Length OOD,Bidir Trans.,0,0.9,1.0
Length OOD,Bidir Trans.,1,0.1,1.0
Length OOD,Bidir Trans.,1,0.2,1.0
Length OOD,Bidir Trans.,1,0.3,1.0
Length OOD,Bidir Trans.,1,0.4,1.0
Length OOD,Bidir Trans.,1,0.5,1.0
Length OOD,Bidir Trans.,1,0.6,1.0
Length OOD,Bidir Trans.,1,0.7,1.0
Length OOD,Bidir Trans.,1,0.8,1.0
Length OOD,Bidir Trans.,1,0.9,1.0
Length OOD,Bidir Trans.,2,0.1,1.0
Length OOD,Bidir Trans.,2,0.2,1.0
Length OOD,Bidir Trans.,2,0.3,1.0
Length OOD,Bidir Trans.,2,0.4,1.0
Length OOD,Bidir Trans.,2,0.5,1.0
Length OOD,Bidir Trans.,2,0.6,1.0
Length OOD,Bidir Trans.,2,0.7,1.0
Length OOD,Bidir Trans.,2,0.8,1.0
Length OOD,Bidir Trans.,2,0.9,1.0
Length OOD,Bidir Trans.,3,0.1,1.0
Length OOD,Bidir Trans.,3,0.2,1.0
Length OOD,Bidir Trans.,3,0.3,1.0
Length OOD,Bidir Trans.,3,0.4,1.0
Length OOD,Bidir Trans.,3,0.5,1.0
Length OOD,Bidir Trans.,3,0.6,1.0
Length OOD,Bidir Trans.,3,0.7,1.0
Length OOD,Bidir Trans.,3,0.8,1.0
Length OOD,Bidir Trans.,3,0.9,1.0
Length OOD,Bidir Trans.,4,0.1,1.0
Length OOD,Bidir Trans.,4,0.2,1.0
Length OOD,Bidir Trans.,4,0.3,1.0
Length OOD,Bidir Trans.,4,0.4,1.0
Length OOD,Bidir Trans.,4,0.5,1.0
Length OOD,Bidir Trans.,4,0.6,1.0
Length OOD,Bidir Trans.,4,0.7,1.0
Length OOD,Bidir Trans.,4,0.8,1.0
Length OOD,Bidir Trans.,4,0.9,1.0
ID,Flat MLP,0,0.1,0.1012
ID,Flat MLP,0,0.2,0.2378
ID,Flat MLP,0,0.3,0.3114
ID,Flat MLP,0,0.4,0.4092
ID,Flat MLP,0,0.5,0.5108
ID,Flat MLP,0,0.6,0.6096
ID,Flat MLP,0,0.7,0.7074
ID,Flat MLP,0,0.8,0.7984
ID,Flat MLP,0,0.9,0.9028
ID,Flat MLP,1,0.1,0.0966
ID,Flat MLP,1,0.2,0.2168
ID,Flat MLP,1,0.3,0.289
ID,Flat MLP,1,0.4,0.3964
ID,Flat MLP,1,0.5,0.4896
ID,Flat MLP,1,0.6,0.5998
ID,Flat MLP,1,0.7,0.6988
ID,Flat MLP,1,0.8,0.805
ID,Flat MLP,1,0.9,0.898
ID,Flat MLP,2,0.1,0.0934
ID,Flat MLP,2,0.2,0.2054
ID,Flat MLP,2,0.3,0.2988
ID,Flat MLP,2,0.4,0.3878
ID,Flat MLP,2,0.5,0.4856
ID,Flat MLP,2,0.6,0.5938
ID,Flat MLP,2,0.7,0.6866
ID,Flat MLP,2,0.8,0.787
ID,Flat MLP,2,0.9,0.9002
ID,Flat MLP,3,0.1,0.0962
ID,Flat MLP,3,0.2,0.2222
ID,Flat MLP,3,0.3,0.298
ID,Flat MLP,3,0.4,0.392
ID,Flat MLP,3,0.5,0.4824
ID,Flat MLP,3,0.6,0.5848
ID,Flat MLP,3,0.7,0.682
ID,Flat MLP,3,0.8,0.7814
ID,Flat MLP,3,0.9,0.967
ID,Flat MLP,4,0.1,0.0994
ID,Flat MLP,4,0.2,0.1944
ID,Flat MLP,4,0.3,0.2912
ID,Flat MLP,4,0.4,0.3956
ID,Flat MLP,4,0.5,0.5058
ID,Flat MLP,4,0.6,0.5994
ID,Flat MLP,4,0.7,0.6936
ID,Flat MLP,4,0.8,0.9602
ID,Flat MLP,4,0.9,0.9634
Length OOD,Flat MLP,0,0.1,1.0
Length OOD,Flat MLP,0,0.2,1.0
Length OOD,Flat MLP,0,0.3,1.0
Length OOD,Flat MLP,0,0.4,1.0
Length OOD,Flat MLP,0,0.5,1.0
Length OOD,Flat MLP,0,0.6,1.0
Length OOD,Flat MLP,0,0.7,1.0
Length OOD,Flat MLP,0,0.8,1.0
Length OOD,Flat MLP,0,0.9,1.0
Length OOD,Flat MLP,1,0.1,1.0
Length OOD,Flat MLP,1,0.2,1.0
Length OOD,Flat MLP,1,0.3,1.0
Length OOD,Flat MLP,1,0.4,1.0
Length OOD,Flat MLP,1,0.5,1.0
Length OOD,Flat MLP,1,0.6,1.0
Length OOD,Flat MLP,1,0.7,1.0
Length OOD,Flat MLP,1,0.8,1.0
Length OOD,Flat MLP,1,0.9,1.0
Length OOD,Flat MLP,2,0.1,1.0
Length OOD,Flat MLP,2,0.2,1.0
Length OOD,Flat MLP,2,0.3,1.0
Length OOD,Flat MLP,2,0.4,1.0
Length OOD,Flat MLP,2,0.5,1.0
Length OOD,Flat MLP,2,0.6,1.0
Length OOD,Flat MLP,2,0.7,1.0
Length OOD,Flat MLP,2,0.8,1.0
Length OOD,Flat MLP,2,0.9,1.0
Length OOD,Flat MLP,3,0.1,1.0
Length OOD,Flat MLP,3,0.2,1.0
Length OOD,Flat MLP,3,0.3,1.0
Length OOD,Flat MLP,3,0.4,1.0
Length OOD,Flat MLP,3,0.5,1.0
Length OOD,Flat MLP,3,0.6,1.0
Length OOD,Flat MLP,3,0.7,1.0
Length OOD,Flat MLP,3,0.8,1.0
Length OOD,Flat MLP,3,0.9,1.0
Length OOD,Flat MLP,4,0.1,1.0
Length OOD,Flat MLP,4,0.2,1.0
Length OOD,Flat MLP,4,0.3,1.0
Length OOD,Flat MLP,4,0.4,1.0
Length OOD,Flat MLP,4,0.5,1.0
Length OOD,Flat MLP,4,0.6,1.0
Length OOD,Flat MLP,4,0.7,1.0
Length OOD,Flat MLP,4,0.8,1.0
Length OOD,Flat MLP,4,0.9,1.0
ID,DeepSets,0,0.1,0.1008
ID,DeepSets,0,0.2,0.2058
ID,DeepSets,0,0.3,0.3022
ID,DeepSets,0,0.4,0.403
ID,DeepSets,0,0.5,0.497
ID,DeepSets,0,0.6,0.5946
ID,DeepSets,0,0.7,0.6978
ID,DeepSets,0,0.8,0.8064
ID,DeepSets,0,0.9,0.9096
ID,DeepSets,1,0.1,0.1008
ID,DeepSets,1,0.2,0.198
ID,DeepSets,1,0.3,0.3036
ID,DeepSets,1,0.4,0.4076
ID,DeepSets,1,0.5,0.5098
ID,DeepSets,1,0.6,0.6102
ID,DeepSets,1,0.7,0.7048
ID,DeepSets,1,0.8,0.8064
ID,DeepSets,1,0.9,0.9026
ID,DeepSets,2,0.1,0.101
ID,DeepSets,2,0.2,0.2066
ID,DeepSets,2,0.3,0.313
ID,DeepSets,2,0.4,0.407
ID,DeepSets,2,0.5,0.5
ID,DeepSets,2,0.6,0.5914
ID,DeepSets,2,0.7,0.6866
ID,DeepSets,2,0.8,0.7906
ID,DeepSets,2,0.9,0.9002
ID,DeepSets,3,0.1,0.1074
ID,DeepSets,3,0.2,0.1984
ID,DeepSets,3,0.3,0.2954
ID,DeepSets,3,0.4,0.3974
ID,DeepSets,3,0.5,0.5218
ID,DeepSets,3,0.6,0.6152
ID,DeepSets,3,0.7,0.7062
ID,DeepSets,3,0.8,0.8062
ID,DeepSets,3,0.9,0.9008
ID,DeepSets,4,0.1,0.1
ID,DeepSets,4,0.2,0.194
ID,DeepSets,4,0.3,0.2976
ID,DeepSets,4,0.4,0.4066
ID,DeepSets,4,0.5,0.512
ID,DeepSets,4,0.6,0.6058
ID,DeepSets,4,0.7,0.7054
ID,DeepSets,4,0.8,0.9142
ID,DeepSets,4,0.9,0.9616
Length OOD,DeepSets,0,0.1,1.0
Length OOD,DeepSets,0,0.2,1.0
Length OOD,DeepSets,0,0.3,1.0
Length OOD,DeepSets,0,0.4,1.0
Length OOD,DeepSets,0,0.5,1.0
Length OOD,DeepSets,0,0.6,1.0
Length OOD,DeepSets,0,0.7,1.0
Length OOD,DeepSets,0,0.8,1.0
Length OOD,DeepSets,0,0.9,1.0
Length OOD,DeepSets,1,0.1,1.0
Length OOD,DeepSets,1,0.2,1.0
Length OOD,DeepSets,1,0.3,1.0
Length OOD,DeepSets,1,0.4,1.0
Length OOD,DeepSets,1,0.5,1.0
Length OOD,DeepSets,1,0.6,1.0
Length OOD,DeepSets,1,0.7,1.0
Length OOD,DeepSets,1,0.8,1.0
Length OOD,DeepSets,1,0.9,1.0
Length OOD,DeepSets,2,0.1,1.0
Length OOD,DeepSets,2,0.2,1.0
Length OOD,DeepSets,2,0.3,1.0
Length OOD,DeepSets,2,0.4,1.0
Length OOD,DeepSets,2,0.5,1.0
Length OOD,DeepSets,2,0.6,1.0
Length OOD,DeepSets,2,0.7,1.0
Length OOD,DeepSets,2,0.8,1.0
Length OOD,DeepSets,2,0.9,1.0
Length OOD,DeepSets,3,0.1,1.0
Length OOD,DeepSets,3,0.2,1.0
Length OOD,DeepSets,3,0.3,1.0
Length OOD,DeepSets,3,0.4,1.0
Length OOD,DeepSets,3,0.5,1.0
Length OOD,DeepSets,3,0.6,1.0
Length OOD,DeepSets,3,0.7,1.0
Length OOD,DeepSets,3,0.8,1.0
Length OOD,DeepSets,3,0.9,1.0
Length OOD,DeepSets,4,0.1,0.9978941034897714
Length OOD,DeepSets,4,0.2,1.0
Length OOD,DeepSets,4,0.3,1.0
Length OOD,DeepSets,4,0.4,1.0
Length OOD,DeepSets,4,0.5,1.0
Length OOD,DeepSets,4,0.6,1.0
Length OOD,DeepSets,4,0.7,1.0
Length OOD,DeepSets,4,0.8,1.0
Length OOD,DeepSets,4,0.9,1.0
