base,length,span15,span113,discrete_risk113
0,24,0.22011716157814165,0.22011716157814165,0.0490707971068265
1,8,0.079466531550891,0.079466531550891,0.01999164872888081
2,16,0.14612992717842832,0.14612992717842832,0.03695149766911166
3,24,0.25673754736881516,0.25673754736881516,0.05837169446771489
4,24,0.2724368466391287,0.2724368466391287,0.06264401345113363
5,8,0.09248630284397152,0.09248630284397152,0.0232831011527478
6,24,0.20323401128433916,0.20323401128433916,0.045551089890779425
7,16,0.03153425414524963,0.03153425414524963,0.00722852860342233
8,8,0.08240620207163218,0.08240620207163218,0.02074704490799368
9,16,0.06541066014053493,0.06541066014053493,0.0173636069064054
10,8,0.09085877618177052,0.09085877618177052,0.02285875608174479
11,8,0.10116476940231267,0.10116476940231267,0.025458672710990785
12,24,0.25919100591732364,0.25919100591732364,0.05893766328678607
13,16,0.027603645950068922,0.027614171873163174,0.005372563122222119
14,16,0.08806351828569192,0.08806351828569192,0.022889485200538857
15,16,0.1251619971134308,0.1251619971134308,0.03175963238353056
16,24,0.23373501197785668,0.23373501197785668,0.05237604207932078
17,16,0.06111493001049528,0.06111493001049528,0.016301974274507514
18,8,0.09294354504223323,0.09294354504223323,0.023367163344923274
19,24,0.22321060179134444,0.22321060179134444,0.04966933153032246
20,16,0.033615346008822544,0.033687352786881286,0.00796304200860976
21,8,0.0956970015783436,0.0956970015783436,0.02404630312420436
22,16,0.02898321795143588,0.029062100894266585,0.0065577077398650575
23,8,0.09148583063356797,0.09148583063356797,0.02302242394861998
24,8,0.09963930786076225,0.09963930786076225,0.025064900658500415
25,24,0.23973403961536394,0.23973403961536394,0.05542613832494568
26,16,0.05021228684855572,0.05022419367064701,0.009389698202535261
27,8,0.0967433074921038,0.0967433074921038,0.024356775333969894
28,8,0.09797349221492002,0.09797349221492002,0.024663959092758342
29,8,0.10392694468437991,0.10392694468437991,0.026148206594208023
30,8,0.09112977412599288,0.09112977412599288,0.02292966384428605
31,8,0.08841845162624395,0.08841845162624395,0.02223411147819545
32,16,0.033382491329366326,0.033382491329366326,0.007695638860201063
33,16,0.027586110853762003,0.027588941689320745,0.005412028801399132
34,16,0.06040372761084645,0.06040372761084645,0.016011614457867085
35,24,0.27419915762476244,0.27419915762476244,0.06270256832117718
36,8,0.09919510577517265,0.09919510577517265,0.02497751662296095
37,16,0.0273478151044923,0.02735214108135553,0.0055172271937286715
38,8,0.0708274416752872,0.0708274416752872,0.01779620039455562
39,8,0.09995994176295786,0.09995994176295786,0.02517424995347979
40,16,0.03768570900205137,0.037740547828088,0.009656621790947437
41,8,0.0943637883077384,0.0943637883077384,0.023745341530521685
42,8,0.09598545295238292,0.09598545295238292,0.024124240753861218
43,24,0.2598704757244653,0.2598704757244653,0.060275770938163616
44,16,0.05841581097347881,0.05842509787767097,0.011820248838237539
45,8,0.09355115260655322,0.09355115260655322,0.023544503368956134
46,24,0.28275795252040925,0.28275795252040925,0.06388261058041382
47,8,0.08977321083310219,0.08977321083310219,0.022589358197313322
48,16,0.05302047908427121,0.05307625758894208,0.01025481322943068
49,8,0.10557791799226279,0.10557791799226279,0.02657473261571723
50,24,0.2756846416332963,0.2756846416332963,0.06247040036742336
51,24,0.23524815321447312,0.23524815321447312,0.053033884497428366
52,24,0.22811639133535133,0.22811639133535133,0.050869225416260606
53,16,0.04242864006524749,0.04245018755040941,0.007799863927360815
54,24,0.24342489694650438,0.24342489694650438,0.05419615669170878
55,16,0.054461190855012664,0.05446669724554032,0.014669354687946686
56,8,0.10589074906230855,0.10589074906230855,0.02665659989773393
57,16,0.14021145716592376,0.14021145716592376,0.03553025878963454
58,24,0.22520392083330898,0.22520392083330898,0.05066186356534979
59,8,0.10650072665915677,0.10650072665915677,0.02683887418213672
60,8,0.10474172584942876,0.10474172584942876,0.026361781044907228
61,8,0.09552190712388209,0.09552190712388209,0.024054676500413378
62,24,0.2597637153796136,0.2597637153796136,0.06027659697468483
63,24,0.2452812138169716,0.2452812138169716,0.057599458568654956
64,8,0.08054734095859839,0.08054734095859839,0.02026859447647149
65,24,0.2659959654627899,0.2659959654627899,0.061194264106202906
66,8,0.09780631250014449,0.09780631250014449,0.024613501611000475
67,8,0.08670728750543566,0.08670728750543566,0.02183284753157755
68,24,0.264206838676527,0.264206838676527,0.06005911818839182
69,16,0.10451817994049806,0.10451817994049806,0.024530358442750057
70,24,0.27303494509511544,0.27303494509511544,0.06240994717975378
71,8,0.07913308230872873,0.07913308230872873,0.019920192162570325
72,16,0.04365163105088149,0.04372015275443081,0.011412518940452325
73,16,0.020512249239521996,0.020512249239521996,0.005148338034348634
74,8,0.09609759169487941,0.09609759169487941,0.024178964209763756
75,16,0.0819363559290569,0.0819363559290569,0.021387873763789814
76,8,0.09668988651656818,0.09668988651656818,0.024356014113635163
77,16,0.02626189368349302,0.026289867926790056,0.0050600564154911825
78,24,0.24916948195368827,0.24916948195368827,0.057737232052397475
79,16,0.09613438772387667,0.09613438772387667,0.02499867224014298
80,16,0.029175856116553545,0.02927757089304539,0.006606604329683296
81,8,0.07280750935430513,0.07280750935430513,0.018315692429349138
82,24,0.2067633040244175,0.2067633040244175,0.04693757792116819
83,16,0.048602839323566405,0.04865382542464819,0.013041447781599498
84,16,0.02489999571461926,0.02490655049679774,0.005689080333807185
85,24,0.2847416845990761,0.2847416845990761,0.06656251524360171
86,24,0.2439486967492423,0.2439486967492423,0.057251790740695314
87,24,0.22323822177947167,0.22323822177947167,0.050273250328688755
88,16,0.11477502129736139,0.11477502129736139,0.026827191482724538
89,16,0.11064017749338018,0.11064017749338018,0.025854924028334916
90,16,0.07497015802672974,0.07497015802672974,0.01969770878142925
91,16,0.06990892959311745,0.06990892959311745,0.018412158253552125
92,8,0.08044232456076073,0.08044232456076073,0.020246564999703086
93,24,0.25649814321502384,0.25649814321502384,0.05763928824227771
94,16,0.06358016845104703,0.06358016845104703,0.01696824753514938
95,24,0.24914571075711806,0.24914571075711806,0.0569037984214452
96,8,0.10175819061329561,0.10175819061329561,0.025612648854803587
97,8,0.09554889161454327,0.09554889161454327,0.02404123758959619
98,8,0.07772651821315724,0.07772651821315724,0.01956999575286558
99,8,0.08116607981610902,0.08116607981610902,0.02042434454582226
100,24,0.2305447497073833,0.2305447497073833,0.052455510086033046
101,24,0.2658272574925122,0.2658272574925122,0.061585725723235396
102,8,0.07995637872546757,0.07995637872546757,0.02011110452246579
103,16,0.025352808903439272,0.025426810696216606,0.005483441668823161
104,24,0.21097814815004512,0.21098055035746616,0.046962998308996806
105,24,0.27683142370134906,0.27683142370134906,0.06383231654095842
106,8,0.07991967467541594,0.07991967467541594,0.020102571614023595
107,16,0.02329104018738476,0.023347777865046826,0.005049448716291385
108,24,0.2775434322747231,0.2775434322747231,0.06495475446453376
109,16,0.04635512860917801,0.04645757120681526,0.012425101374731027
110,24,0.17778706131171101,0.17778706131171101,0.04026009930196258
111,8,0.081411288586004,0.081411288586004,0.020488620418598873
112,24,0.2886340464553249,0.2886340464553249,0.0674787787928684
113,24,0.2835516517991958,0.2835516517991958,0.0661276387129295
114,8,0.10063347325304439,0.10063347325304439,0.025316274928063306
115,16,0.057226282849911825,0.05725502568571594,0.011719073831830783
116,8,0.10750262284964363,0.10750262284964363,0.027024098051317468
117,24,0.2743554401186796,0.2743554401186796,0.06425920777402756
118,8,0.10315297323333472,0.10315297323333472,0.02596380722875499
119,8,0.11228808428341441,0.11228808428341441,0.02826820531021365
120,24,0.2429996106805682,0.2429996106805682,0.055433519756931574
121,16,0.03786548382649246,0.03792646804779448,0.009678656959652348
122,16,0.08095367409558657,0.08095367409558657,0.021038320535990564
123,16,0.04784461928159078,0.04785162041746771,0.008922160639161961
124,24,0.24004652798058723,0.24004652798058723,0.05635705174608746
125,24,0.21000220390134422,0.21000220390134422,0.0467606575301551
126,24,0.27521065380614307,0.27521065380614307,0.06456305553641244
127,24,0.2307120741848111,0.2307120741848111,0.05112972736798205
128,8,0.08612479220768454,0.08612479220768454,0.021676175899550856
129,8,0.0825928459782802,0.0825928459782802,0.020759272121709502
130,16,0.07486369555194478,0.07486369555194478,0.019610322292110845
131,24,0.19858412599003145,0.19861977677943998,0.04414745975328063
132,8,0.09243423957371977,0.09243423957371977,0.023217872338557655
133,24,0.2203881580273092,0.2203881580273092,0.049379789517242006
134,8,0.10253063512754013,0.10253063512754013,0.025776331577887487
135,8,0.10057841223323771,0.10057841223323771,0.025300014287519733
136,24,0.26514283090383006,0.26514283090383006,0.06072513074628695
137,8,0.09826671982022095,0.09826671982022095,0.024727304763921973
138,16,0.025989275477301843,0.026033278935822524,0.006036557833216721
139,16,0.05322088097015354,0.05322088097015354,0.014318678562250196
140,8,0.09847229231884469,0.09847229231884469,0.024779628189344524
141,16,0.05782157970480667,0.057839212036783494,0.015602601823497202
142,8,0.08226349510886599,0.08226349510886599,0.020694387372115073
143,16,0.13021521383474027,0.13021521383474027,0.033090592493544346
144,8,0.1066225548467491,0.1066225548467491,0.026832631143995377
145,16,0.032705645154747054,0.03278721215732838,0.007846192588051358
146,24,0.26557902767900066,0.26557902767900066,0.06087933064310547
147,8,0.06263871175618085,0.06263871175618085,0.015758284298371117
148,24,0.2732571991210357,0.2732571991210357,0.06360020265626343
149,16,0.02386578995119132,0.02387035908502816,0.005436894863721369
150,24,0.24135644375136966,0.24135644375136966,0.055084340875657334
151,8,0.09849643674471453,0.09849643674471453,0.024789186696261463
152,8,0.08918276412355719,0.08918276412355719,0.02244505761678667
153,8,0.10911092690485091,0.10911092690485091,0.02746564165384153
154,24,0.23429394481249355,0.23429394481249355,0.05274005353596957
155,24,0.20527972373323938,0.20530379921723518,0.045710297231961405
156,8,0.09211694425768502,0.09211694425768502,0.023164323686685664
157,16,0.03757029879174956,0.037644708675512284,0.0068541370276578245
158,24,0.27615691793373787,0.27615691793373787,0.06518324881936113
159,16,0.02027653868641005,0.02027653868641005,0.005217140520308762
160,8,0.09606423165168432,0.09606423165168432,0.024184457620454937
161,8,0.09028029857481124,0.09028029857481124,0.022711960173659954
162,8,0.08419410593955234,0.08419410593955234,0.021201161284029626
163,8,0.1004506303203212,0.1004506303203212,0.025280728488342362
164,24,0.2452836087296355,0.2452836087296355,0.0547750952360236
165,8,0.0830953140278552,0.0830953140278552,0.020913598446801622
166,24,0.2369903306370354,0.2369903306370354,0.05306128240298053
167,16,0.1276487541803606,0.1276487541803606,0.03248737977930621
168,8,0.10714851775647993,0.10714851775647993,0.0269737822378544
169,16,0.02728789558867667,0.02728939585529422,0.005389917239380781
170,8,0.08554707965308173,0.08554707965308173,0.021528175611957755
171,24,0.22311780010291055,0.22311780010291055,0.05095110747347903
172,8,0.10039378348980832,0.10039378348980832,0.025243994750727927
173,8,0.10337052850904804,0.10337052850904804,0.026001281841916274
174,16,0.08489947544238569,0.08490336073305438,0.01962471624536234
175,8,0.0943730525278349,0.0943730525278349,0.023749443869746353
176,16,0.041723707696790235,0.04175863268289437,0.010908670551572205
177,16,0.11275851321967367,0.11275851321967367,0.026547777624539637
178,16,0.07009500855816314,0.07009500855816314,0.018524194121904706
179,8,0.09745760819778249,0.09745760819778249,0.024547341275940673
180,8,0.09603405245401131,0.09603405245401131,0.024151435541817586
181,24,0.2633414295940112,0.2633414295940112,0.059876430846769434
182,24,0.22055686629034665,0.22055686629034665,0.049325582435425806
183,24,0.2626461562256279,0.2626461562256279,0.06037265502291861
184,16,0.11267522431773469,0.11267522431773469,0.028755630119345975
185,16,0.13184635858103066,0.13184635858103066,0.033627453262867514
186,24,0.24837994599265206,0.24837994599265206,0.056503209652308144
187,8,0.09143254874679385,0.09143254874679385,0.023022149363342972
188,24,0.2679373973396231,0.2679373973396231,0.06192540589829753
189,8,0.09370568230466814,0.09370568230466814,0.02359828473663375
190,16,0.05352724599320147,0.0535394067755276,0.014383855984244702
191,24,0.2647647010021542,0.2647647010021542,0.059909837090070396
192,8,0.08611402570667015,0.08611402570667015,0.021625252610951474
193,16,0.033687325650311906,0.03371723761560025,0.007905106646589713
194,24,0.22074533438350358,0.22083290971677405,0.048328855495445765
195,16,0.03471837609060069,0.03473220787642939,0.006321774226405562
196,8,0.10125389874142554,0.10125389874142554,0.025454464399020486
197,16,0.06777119953943067,0.06777119953943067,0.017823489823755197
198,8,0.07939713059778064,0.07939713059778064,0.019993917268548992
199,24,0.22874380161339802,0.22874380161339802,0.0521515737943592
200,8,0.08603191390845977,0.08603191390845977,0.021661612607016403
201,16,0.048690082423618164,0.048707263351468855,0.009150089471574523
202,8,0.09555793577100158,0.09555793577100158,0.024055750059581393
203,8,0.1009098028293749,0.1009098028293749,0.025383772756462874
204,16,0.13271048908814959,0.13271048908814959,0.03378576589003264
205,24,0.2929364106239452,0.2929364106239452,0.06885660768940312
206,24,0.27015342615720794,0.27015342615720794,0.06132051964559762
207,8,0.0827237402217188,0.0827237402217188,0.02080023776316623
208,8,0.08505748807802305,0.08505748807802305,0.02141027822849366
209,16,0.035090499908055406,0.03509539190487687,0.006385675414391413
210,8,0.09455023315776379,0.09455023315776379,0.023779044234781985
211,8,0.10119005589019847,0.10119005589019847,0.025443588987637305
212,24,0.29372615317956213,0.29372615317956213,0.06753953707706781
213,16,0.08083184978161972,0.08083184978161972,0.021085526447563403
214,16,0.038290157388988166,0.03833400011865917,0.006941157280109962
215,16,0.04439928807771498,0.04447420131575991,0.008042764556914635
216,24,0.23600072847291648,0.23600072847291648,0.055837840739835956
217,16,0.07523919256615291,0.07523919256615291,0.019768668114503035
218,8,0.09721702754165895,0.09721702754165895,0.024455501417336184
219,8,0.08918362981596567,0.08918362981596567,0.022479935558156337
220,16,0.031231198197813503,0.03124509824680405,0.007124960424469951
221,8,0.10794936847399339,0.10794936847399339,0.027160785354123473
222,24,0.22481674970734977,0.22481674970734977,0.05061660240515299
223,24,0.2441318540242317,0.2441318540242317,0.05574339113245227
224,8,0.09746824209124849,0.09746824209124849,0.024550575316465924
225,16,0.09073752329210871,0.09073752329210871,0.021032148387122137
226,16,0.03859112454652425,0.03859112454652425,0.009627248616089311
227,24,0.26137153681489766,0.26137153681489766,0.06081293350705378
228,24,0.2302899430252034,0.2302899430252034,0.050655752467842916
229,8,0.09418363587649459,0.09418363587649459,0.023682589505579763
230,24,0.2570499987791178,0.2570499987791178,0.05983753875317092
231,8,0.07589442014205239,0.07589442014205239,0.019094237354406653
232,8,0.0705958404032615,0.0705958404032615,0.01774115982857519
233,8,0.0891714219149462,0.0891714219149462,0.022434334403255124
234,8,0.09302290855655881,0.09302290855655881,0.023396493046223505
235,16,0.0361382354877518,0.03615104206278358,0.00912920782414511
236,8,0.11464787628447448,0.11464787628447448,0.02883602193346107
237,8,0.10362943858049489,0.10362943858049489,0.02609157192774143
238,8,0.09378689487597802,0.09378689487597802,0.023611905747706823
239,8,0.08549605491265821,0.08549605491265821,0.021518813535415113
240,16,0.051655672621143955,0.05166430033711161,0.013889888010852428
241,24,0.25955501875979525,0.25955501875979525,0.06047088399585031
242,16,0.01947331094313165,0.019510785491952676,0.004631063697444422
243,8,0.09304868476188155,0.09304868476188155,0.023411597918821875
244,16,0.03153025717648833,0.03162739361262268,0.007196877013791273
245,16,0.026166057873712734,0.026166057873712734,0.005948319102610555
246,24,0.2098163768738116,0.2098163768738116,0.049411570241826346
247,16,0.06209551960777293,0.062097027262861926,0.01666602624916257
248,8,0.09421894234537509,0.09421894234537509,0.02369768340294299
249,8,0.09222449770564445,0.09222449770564445,0.023181731695731175
250,8,0.10015160026483594,0.10015160026483594,0.02523992305703278
251,24,0.23781170688762565,0.23781170688762565,0.055270511890208894
252,16,0.017575242765831722,0.017575242765831722,0.00441353736515026
253,24,0.2497809037124905,0.2497809037124905,0.0576624463639502
254,24,0.31002859762566887,0.31002859762566887,0.07302513438180445
255,16,0.05062002269701821,0.05064926956332133,0.013518006877579779
256,24,0.24417828238157346,0.24417828238157346,0.05467936209524523
257,16,0.09785063427530216,0.09785063427530216,0.025319357674619212
258,8,0.09457784346114462,0.09457784346114462,0.0238302748072642
259,24,0.2801634378437074,0.2801634378437074,0.06304671847945838
260,24,0.2542938968706661,0.2542938968706661,0.058228673304552024
261,24,0.20823461881682087,0.20830865313204489,0.04564667550504692
262,24,0.2502502310719924,0.2502502310719924,0.056576805194289544
263,16,0.0956119381507951,0.0956119381507951,0.024754238741542905
264,16,0.023944681302884574,0.023994460160183473,0.005146693571339916
265,24,0.26832483170904475,0.26832483170904475,0.06042627818498009
266,16,0.10300350756452875,0.10300350756452875,0.026539280189147953
267,8,0.11029341298468831,0.11029341298468831,0.027727289073104486
268,8,0.11183825871349767,0.11183825871349767,0.028137898397822728
269,24,0.237797939215953,0.237797939215953,0.053490127590255974
270,8,0.09302208518238653,0.09302208518238653,0.023419908342855945
271,16,0.08206059953167416,0.08206059953167416,0.021388723409357834
272,24,0.2145991232309472,0.21464681282259723,0.047438923859900825
273,8,0.10258053375741127,0.10258053375741127,0.025812271583742597
274,8,0.08445671142205391,0.08445671142205391,0.02123742801326224
275,8,0.09073954516405491,0.09073954516405491,0.022866496704729348
276,16,0.06843066173598777,0.06843066173598777,0.0181119013263117
277,8,0.09214418186075735,0.09214418186075735,0.02320063800163824
278,24,0.25672249956956394,0.25672249956956394,0.059180223999773025
279,8,0.0873440604613519,0.0873440604613519,0.021976272582557445
280,8,0.09887398775057132,0.09887398775057132,0.024858313065634685
281,8,0.0802009040788122,0.0802009040788122,0.02017721183762511
282,8,0.09268489230674204,0.09268489230674204,0.02332493236105918
283,8,0.10097990636758225,0.10097990636758225,0.025439917169704323
284,16,0.02246818954813673,0.022535166850923216,0.00537763453660054
285,16,0.08323966882021427,0.08323966882021427,0.021656645246679693
286,24,0.19900773117353077,0.1990998035126963,0.044096524669659756
287,8,0.09984568513077818,0.09984568513077818,0.02510604795246344
288,24,0.2712959988570278,0.2712959988570278,0.06261143577121409
289,24,0.2526681020903906,0.2526681020903906,0.05737010743442577
290,8,0.09927258662798988,0.09927258662798988,0.025000129184306056
291,8,0.08177250126773172,0.08177250126773172,0.020579566321113123
292,24,0.2733558559499567,0.2733558559499567,0.06151087073006685
293,8,0.11149301191318595,0.11149301191318595,0.028065713905040892
294,8,0.07511471022029692,0.07511471022029692,0.01889298047647215
295,24,0.2337503867444788,0.2337503867444788,0.05239437612616237
296,24,0.2710187696230908,0.2710187696230908,0.06190896599798302
297,8,0.10450499974789829,0.10450499974789829,0.026299048914786467
298,24,0.26286311391649253,0.26286311391649253,0.060574959356938726
299,16,0.08090042452472634,0.08095178945239401,0.017888790075527863
300,8,0.09422828554142992,0.09422828554142992,0.02371467485590108
301,8,0.10221914604574,0.10221914604574,0.025766613691482504
302,24,0.19697339509605633,0.19697982164148697,0.04398434860675323
303,8,0.10488555544059042,0.10488555544059042,0.026360098977220886
304,8,0.09389933273478479,0.09389933273478479,0.02363110551403183
305,8,0.09605899122833739,0.09605899122833739,0.024192922290301292
306,24,0.2602816227964321,0.2602816227964321,0.06070287235644576
307,16,0.043622802130630856,0.04362652214058871,0.00805331640447028
308,8,0.11342464386501183,0.11342464386501183,0.028551519370592873
309,8,0.08924424131599229,0.08924424131599229,0.02244372128589826
310,16,0.03235073901427571,0.03235073901427571,0.007475661165828374
311,24,0.14832906189718248,0.14843423182750093,0.031370736533474886
312,8,0.09852735289781533,0.09852735289781533,0.02477224096921167
313,8,0.10483491952436796,0.10483491952436796,0.026367318436438265
314,24,0.2914512846764442,0.2914512846764442,0.06655111002503795
315,8,0.0778315848369423,0.0778315848369423,0.019591538822175396
316,24,0.20833657909405912,0.20833657909405912,0.04772888911421934
317,8,0.1104395373502084,0.1104395373502084,0.02780537199983957
318,16,0.02823623385170293,0.028258023053809034,0.005797997494027434
319,8,0.07230081754221596,0.07230081754221596,0.018180360520299425
320,24,0.25068045598520367,0.25068045598520367,0.0563219972039556
321,8,0.0909078197941976,0.0909078197941976,0.0228903115196381
322,24,0.18381564746967988,0.18382189730740933,0.04060973421102611
323,8,0.09480029979898652,0.09480029979898652,0.02384350145051608
324,24,0.14004321568038663,0.1400550313141482,0.030049299182115453
325,16,0.05092434523958855,0.05099298764170518,0.00983402103438994
326,24,0.2699084734043443,0.2699084734043443,0.061070674386698665
327,8,0.08752568183621834,0.08752568183621834,0.02198924377254574
328,16,0.07692068949687875,0.07692068949687875,0.020011015526114846
329,16,0.03760201019968046,0.03763904430227688,0.009174332694379096
330,24,0.2996202732545372,0.2996202732545372,0.06816846190355544
331,16,0.029647899863535943,0.02966567323282515,0.005724979608253671
332,8,0.09805234409979535,0.09805234409979535,0.024691328980345817
333,16,0.045968904742779315,0.0460488715984359,0.012306410030443247
334,8,0.08516144933425529,0.08516144933425529,0.021413289473614896
335,8,0.08847103371392318,0.08847103371392318,0.022278101971935384
336,16,0.020311190908603893,0.020311190908603893,0.005192443825397928
337,16,0.047183014586313465,0.04725752789399057,0.012626298995367612
338,8,0.08512099049813926,0.08512099049813926,0.021405270826294565
339,24,0.22591597286360332,0.22591597286360332,0.05062961683928619
340,8,0.09963049791001255,0.09963049791001255,0.025076458301415857
341,24,0.15651869316808287,0.15662824754762383,0.032952058410741523
342,16,0.09859250077712373,0.09859250077712373,0.025450167090034278
343,24,0.20184862937535142,0.20184862937535142,0.04754971750290313
344,8,0.08176821227456443,0.08176821227456443,0.020576970540773343
345,8,0.07646598155382467,0.07646598155382467,0.019225366464216
346,16,0.07094226528357533,0.07097315795912351,0.015549788335030183
347,24,0.2877054704515839,0.2877054704515839,0.06780614109463673
348,24,0.27620627470592674,0.27620627470592674,0.06227449456125893
349,24,0.221466020708249,0.221466020708249,0.04924660303737949
350,24,0.22488514979166263,0.22488514979166263,0.051605896593165744
351,16,0.030029890909733403,0.03012574678298774,0.005657346696900707
352,16,0.08827923706406865,0.08827923706406865,0.022892062317496933
353,8,0.08560696089442488,0.08560696089442488,0.021507491677638685
354,24,0.1709946705087238,0.171080706310747,0.03716795679558212
355,8,0.10576650700965207,0.10576650700965207,0.026629944713855106
356,16,0.03719245000895194,0.03720952378387932,0.009439907373026689
357,8,0.10336403508432601,0.10336403508432601,0.026021372741458725
358,16,0.044354946214162416,0.04444731155303827,0.008057561150011211
359,16,0.04591656742828565,0.04591656742828565,0.00852042810410727
360,8,0.0863759855889078,0.0863759855889078,0.021739255896559246
361,24,0.23552872269438918,0.23552872269438918,0.05315114091678443
362,8,0.08673442576490942,0.08673442576490942,0.02181976409356385
363,24,0.25642136549711336,0.25642136549711336,0.05818780178705398
364,8,0.10858421296888465,0.10858421296888465,0.027343637415152146
365,8,0.09842422243794668,0.09842422243794668,0.02475826639221005
366,24,0.2308797525808165,0.2308797525808165,0.05240679517030459
367,16,0.039208325929469046,0.03921799694194433,0.007115754076720153
368,16,0.03758435603087984,0.03766782562681864,0.006867008751016165
369,16,0.054954581370030786,0.05496060296853744,0.010849377138683534
370,16,0.03510168112342632,0.03513115184014487,0.008553205620145875
371,8,0.07754669543988868,0.07754669543988868,0.019508072409605174
372,24,0.23372842778883535,0.23372842778883535,0.05435820953501641
373,8,0.08664360494595469,0.08664360494595469,0.021795674578551635
374,16,0.03038777247727459,0.03045684052450176,0.005716041247166313
375,8,0.10747900612146966,0.10747900612146966,0.027037763277845368
376,16,0.0416336224083837,0.04174948458321914,0.01077170250467582
377,24,0.24410231683718087,0.24410231683718087,0.0550303549827814
378,24,0.2116581533778476,0.2116581533778476,0.04711485177900415
379,24,0.26768451702092805,0.26768451702092805,0.06143439826370784
380,16,0.09146088466175845,0.09153961597774551,0.02086397969497687
381,16,0.09837456228624192,0.09837456228624192,0.02531030719650512
382,16,0.05659107515988582,0.05667704308473265,0.015283241724523495
383,16,0.04431315378922057,0.0444134327644885,0.008029132162026798
384,16,0.023457330840796098,0.023481777347591992,0.005361404105035845
385,16,0.023973673066423395,0.023991819885488264,0.004993328742115792
386,16,0.04655757126379689,0.04663170300971453,0.01246915639402951
387,24,0.22957846386199066,0.22957846386199066,0.05239160410751802
388,24,0.3057373570233838,0.3057373570233838,0.07179745774835121
389,16,0.021215898976711833,0.02128812982089273,0.005009105425845774
390,16,0.07306969966112814,0.07306969966112814,0.01909205712028872
391,8,0.10078984622530063,0.10078984622530063,0.025341478517693382
392,16,0.08844730825765362,0.08844730825765362,0.023034809467322503
393,24,0.2765280220322115,0.2765280220322115,0.0635625589849385
394,24,0.2688018492069558,0.2688018492069558,0.062028881026386096
395,16,0.11317267972370776,0.11317267972370776,0.02676496323410134
396,16,0.06595581939435452,0.06603331081232505,0.013779335370049077
397,8,0.08401705337019028,0.08401705337019028,0.02112664773529713
398,24,0.2683471997061486,0.2683471997061486,0.06079982956991243
399,24,0.30987019662822324,0.30987019662822324,0.07138610300489776
400,8,0.08824075483864435,0.08824075483864435,0.022194337890479185
401,24,0.26323033351592934,0.26323033351592934,0.06195375250910628
402,8,0.08447984067228065,0.08447984067228065,0.02126787871988689
403,24,0.2654499458562166,0.2654499458562166,0.061704058212182486
404,16,0.05418248146073673,0.05419498286447916,0.01065055571398581
405,24,0.2479514531486508,0.2479514531486508,0.055986687598480064
406,16,0.0930049169947213,0.0930049169947213,0.02419540254068988
407,16,0.050282869827269816,0.05036954817231698,0.009642380174340846
408,24,0.2564259102282048,0.2564259102282048,0.05883159583273461
409,16,0.06522073836181985,0.06522073836181985,0.017412462619450116
410,24,0.2402903907703225,0.2402903907703225,0.05639952508974559
411,16,0.0307950231610018,0.030853678843190735,0.005685679179911827
412,8,0.09923588523911753,0.09923588523911753,0.025000546351067757
413,24,0.14609342305790352,0.1460994441682385,0.03165318646198494
414,16,0.05071393325269685,0.0507860895181651,0.013599144288889578
415,8,0.10188845499573529,0.10188845499573529,0.025635566205419534
416,24,0.23508707271471857,0.23508707271471857,0.05335290223708894
417,8,0.09899417205042516,0.09899417205042516,0.02495143111791773
418,24,0.23869863394908436,0.23869863394908436,0.05512648108984263
419,16,0.06315975247357475,0.06315975247357475,0.016648557139829788
420,8,0.09031131938833314,0.09031131938833314,0.02270704177343046
421,24,0.23370376074895471,0.23370376074895471,0.05362662710236835
422,16,0.05618573161463081,0.0562696178782921,0.015137594251785947
423,16,0.09013716309006331,0.09013716309006331,0.023354993993831258
424,24,0.25254934549322267,0.25254934549322267,0.05690311391729353
425,24,0.19790659358917312,0.19799456894877165,0.042444094138073936
426,24,0.21103363398145975,0.2110689785598694,0.04668662838239361
427,24,0.2547872223445508,0.2547872223445508,0.05672813606725425
428,16,0.07805975072530408,0.07805975072530408,0.020585373518370333
429,16,0.057264428281580626,0.05734806818897631,0.01544338042257255
430,16,0.10553793194272498,0.10553793194272498,0.02722065214987048
431,16,0.07058854798352265,0.07058854798352265,0.018657059685864126
432,8,0.1013478750982636,0.1013478750982636,0.02552808721900218
433,16,0.08296973138046876,0.08298797547901027,0.018495003337479887
434,16,0.05988025345267084,0.05988025345267084,0.01601804655694439
435,16,0.07335059164359126,0.07335059164359126,0.0193933432013801
436,16,0.04056098986827572,0.04056387830574537,0.010205078400943732
437,24,0.2692230481936379,0.2692230481936379,0.06166667662750273
438,8,0.09565094319095757,0.09565094319095757,0.024066358650622125
439,16,0.07215061062406491,0.07215569270448874,0.015651381202634197
440,16,0.11842868455286193,0.11842868455286193,0.030344510155074247
441,16,0.03850608982096071,0.03852683647986549,0.006945509540009093
442,24,0.14231779867335637,0.14232079414177057,0.029318518855663764
443,8,0.07853291469765278,0.07853291469765278,0.01974722780215952
444,16,0.03972897809762016,0.03972897809762016,0.009919308304652956
445,8,0.09598683162033617,0.09598683162033617,0.02415872010578971
446,8,0.094000679544618,0.094000679544618,0.02366202987428643
447,16,0.08294268242606306,0.08294268242606306,0.02175386500171924
448,24,0.20248162686772786,0.20248162686772786,0.0455044364816167
449,24,0.2542353091170627,0.2542353091170627,0.059011530364079405
450,16,0.059862379012260436,0.05993542910789773,0.01250617105434713
451,24,0.24650579183669613,0.24650579183669613,0.056392159565005984
452,16,0.06781385310069038,0.06781385310069038,0.01781841865987126
453,16,0.059033097426391734,0.059033097426391734,0.015738820510335445
454,16,0.03398202776756609,0.034003135384772176,0.00795616543099876
455,24,0.21534757501179413,0.21534757501179413,0.050112227103022676
456,16,0.0817542778641045,0.08175442017088458,0.01836022681099465
457,16,0.05308232407465885,0.0531517670625376,0.014238168642967723
458,8,0.10584971855898162,0.10584971855898162,0.02661794324722474
459,24,0.2507142803709091,0.2507142803709091,0.0569591482824481
460,24,0.19305189125645517,0.19314974200354185,0.04283573907491965
461,8,0.10145920679988285,0.10145920679988285,0.025525733752190048
462,8,0.08441906135311494,0.08441906135311494,0.02123691073250637
463,16,0.06582424176520008,0.06582424176520008,0.017573420282494093
464,16,0.06031716346346255,0.06031716346346255,0.016081671836963025
465,16,0.08622829418350464,0.08622829418350464,0.02243751724681647
466,24,0.28973607377256577,0.28973607377256577,0.06592449663128688
467,8,0.08063759029855744,0.08063759029855744,0.0202723096159045
468,24,0.2521946527427341,0.2521946527427341,0.05854069226911407
469,24,0.24293350022500693,0.24293350022500693,0.05501849611565254
470,16,0.04252569683444718,0.04252619810218583,0.007953043390943515
471,16,0.0658783798227886,0.0658783798227886,0.01738472184969742
472,24,0.27886363891478305,0.27886363891478305,0.06334417593991486
473,16,0.029625349102874454,0.029675371059598887,0.006706894277289464
474,24,0.23136791366992815,0.23136791366992815,0.052619546324099244
475,8,0.08095133894414897,0.08095133894414897,0.020374700305172324
476,8,0.09044951927930034,0.09044951927930034,0.022760099387152156
477,24,0.234093582168667,0.234093582168667,0.05332066786850521
478,16,0.08165283196152034,0.08165283196152034,0.021293085671855953
479,16,0.08253816368295364,0.08253816368295364,0.02168293944436283
480,8,0.09000879258181183,0.09000879258181183,0.022643054515447028
481,24,0.24452410078431008,0.24452410078431008,0.05646362695289014
482,8,0.09806392239292461,0.09806392239292461,0.02466071264719344
483,8,0.07980131743290264,0.07980131743290264,0.020054825893867454
484,16,0.10590735430622317,0.10590735430622317,0.02717192966036679
485,24,0.17044631420204476,0.1704586036604242,0.03667798771050004
486,8,0.07638423280214379,0.07638423280214379,0.019235823518253585
487,16,0.03333261055105963,0.03343866148691799,0.007967870755408665
488,24,0.18645448024634598,0.18645448024634598,0.041009262576170255
489,24,0.24676008171527897,0.24676008171527897,0.05568396869712493
490,24,0.2653334298157669,0.2653334298157669,0.06011335774741659
491,16,0.023138222691599042,0.023199408497973473,0.005290885946011896
492,16,0.044991311268132494,0.04500056841779776,0.011904492174025174
493,8,0.09699774377163195,0.09699774377163195,0.024420490414048028
494,8,0.08597775513380035,0.08597775513380035,0.021616138790083887
495,8,0.0947794417090162,0.0947794417090162,0.023820272551466282
496,24,0.25220030506989033,0.25220030506989033,0.058800240797290695
497,16,0.023839715382296567,0.023882693074435357,0.005536669824298547
498,24,0.21877303205223841,0.21877303205223841,0.04916391911285522
499,24,0.21093867748573736,0.21093867748573736,0.047481980322118346
500,8,0.09733968755737132,0.09733968755737132,0.02450462943518978
501,16,0.056523205913954766,0.05657183556636519,0.01092822658379628
502,8,0.09156823912559275,0.09156823912559275,0.023050909344192294
503,16,0.05136477468603701,0.051469459600195555,0.013751478415030228
504,8,0.10459618417541938,0.10459618417541938,0.02631866883450987
505,16,0.07766126884346775,0.07766126884346775,0.020442128091753577
506,8,0.09646769369529051,0.09646769369529051,0.02429324925985753
507,16,0.12036119905486775,0.12036119905486775,0.030800392713631452
508,24,0.26619948115008885,0.26619948115008885,0.061437699665221134
509,16,0.0785298103258601,0.0785298103258601,0.02063140338460846
510,8,0.09374403454751834,0.09374403454751834,0.02358503638674036
511,24,0.2707761346987396,0.2707761346987396,0.06128072859534246
