length,uniform_continuous_quadrature_risk,beta_2_1_quadrature_risk
24,0.03921385716263069,0.04663159965014494
8,0.011557476882714506,0.009500663633457319
16,0.019379709512455365,0.013548872684613546
16,0.029467361528473242,0.023982504302414758
24,0.010693216342531488,0.0152792211735249
16,0.02854416872473931,0.022674583430655898
8,0.017572711878505134,0.014374980089855945
16,0.020724555040884118,0.015692647334072475
8,0.014560595826482788,0.012043579211324294
16,0.024933012408689607,0.018981055465949886
24,0.04157204721606961,0.04856099353451348
8,0.015781091604578773,0.012902460873414038
8,0.020442045249900336,0.01679822513177455
16,0.0333623292531677,0.02726410068970924
16,0.02293479663818346,0.017198759574819977
16,0.0214704687103249,0.0158073468086464
24,0.03159857675318834,0.040324723884285214
8,0.01641638566666092,0.013324456292659468
24,0.047167817399011866,0.05179138213550635
16,0.025495541147082825,0.019866009735671833
8,0.015496306127155527,0.012644362921496025
24,0.03663588787325937,0.04347193565681593
8,0.012980565079557329,0.01060294195935382
16,0.026594927940153126,0.020897917692509003
24,0.015441275759474666,0.022493491707394838
24,0.010465551990091568,0.013364343647271824
8,0.0103314358321543,0.008461603275325611
8,0.010854484652228802,0.008962710917945956
24,0.03855998272048758,0.04554884709257872
24,0.03621685780163453,0.044830610367586704
8,0.01148368654594467,0.00936779218303437
16,0.018271575884123294,0.012702525720107213
24,0.05180033536369764,0.05835835760546681
16,0.027489262983690126,0.022055264221975276
8,0.012608569091769188,0.010343077043621089
16,0.01651197331851592,0.011625683955023444
16,0.01535245200049502,0.009768636729377665
8,0.02067311635004137,0.016999342249285797
16,0.026332334331291556,0.020424096804342283
16,0.019096458420744096,0.013987317780831683
8,0.02058917670249853,0.016881436877344936
24,0.025747562443092183,0.03277038648113333
24,0.04425826761995175,0.05030089843085965
24,0.041777332456860126,0.049853935679292916
16,0.018968389289356402,0.013414041106830213
24,0.04728526237139133,0.055811268162184895
24,0.019294620955283344,0.027321050363808976
16,0.02599703510585653,0.019990450550207532
16,0.016604711458638347,0.011667178374539731
16,0.029363990350487073,0.023726173749008275
8,0.01422564711590343,0.011594592472312306
24,0.021707316562494673,0.02982311044056668
8,0.01606961504700616,0.013245287742289148
24,0.02798320772143564,0.03527303932746111
8,0.011861774228107604,0.009772661049030483
8,0.022862595440189832,0.01878211372482229
8,0.01809649875231898,0.014890752880265602
16,0.03607790812866233,0.02952198374134607
24,0.04617211421325663,0.05238170325454923
16,0.026761362269943363,0.02164053707118037
8,0.014595159444290495,0.012011773061344641
8,0.021676331215258592,0.01774630563025174
8,0.018412459833443015,0.01514599508269884
16,0.02251591445673528,0.01738201989199701
16,0.03154626357791406,0.025209602184857738
8,0.01620718765631217,0.013275061288016792
8,0.01630561863987384,0.013513806812759656
8,0.016737985281885647,0.013832649901039724
8,0.012126608562830135,0.009856688300378513
24,0.02375644943901524,0.03269239904545837
24,0.010903160553109317,0.006361019507407389
24,0.029722980213086107,0.037421096130796035
8,0.01596219720774588,0.01310495411907811
8,0.021025492446920716,0.01715786489042912
16,0.0061376500475554705,0.003192466655248095
24,0.019797429918094293,0.028461435463755035
24,0.0195658032396532,0.027481455381386227
8,0.012536338102966827,0.010271024805351837
24,0.01623600583185296,0.023914530623093195
8,0.015445599744336375,0.012619660069843113
24,0.009895714888422811,0.006270084045685983
8,0.01850529915129915,0.015232375844284132
24,0.05142192727206785,0.05762362014742213
24,0.042728537258633625,0.04796137860358575
24,0.010244130983293761,0.014104338394338101
24,0.05231868426884902,0.05828805286502718
16,0.02241872133810298,0.016778469155390614
16,0.03289702564691868,0.026470040250741546
16,0.0069322868185568475,0.0033481825714539587
8,0.014140935143875122,0.011742323527943813
16,0.013015817162439158,0.00810489890285947
16,0.028800987800096788,0.022626665339296723
16,0.033893457124871254,0.02882610216025945
8,0.019440768168512246,0.01590575891561692
24,0.024341373823565264,0.031248068016626097
8,0.01581694412446219,0.013074943344312464
8,0.01541214541694003,0.012836345939641041
8,0.017416495154097898,0.014331980879312313
16,0.02829679588092828,0.02241910014393903
8,0.015840798931664887,0.012970350672458456
8,0.01645182834914581,0.01350616146027944
24,0.028289403239648202,0.03650855353463189
8,0.017150488323493134,0.01402227312879143
8,0.01028085813363901,0.008437320914850461
8,0.015492562856103086,0.012698837954336361
24,0.050069502419948356,0.05560767580914515
16,0.03362231890433859,0.02752610849686244
8,0.012399534901824006,0.01019985560025416
24,0.01241134631671123,0.017784200217425654
8,0.024677964712343105,0.020204693729668224
16,0.03822215240044283,0.03200709665258262
24,0.025682280354349434,0.03333713557182071
8,0.012755327424572869,0.010507474063443656
24,0.015148476447709629,0.022183625804469413
8,0.011693979772541505,0.009508758890238327
16,0.025918440975814874,0.02055350263228791
16,0.024401159148868083,0.019123488829092657
16,0.03201471509767846,0.026463760282420725
16,0.03969811229064135,0.03319919395027885
16,0.021410385073606243,0.01589751395061155
8,0.016444199365869182,0.01338045824911075
8,0.021516503221960116,0.01756336396330502
16,0.0290232853535444,0.02362531585526598
16,0.03591313830366409,0.02947682680598287
8,0.011646169695086483,0.009628292601226022
8,0.01907909399408076,0.015748294548405546
24,0.03161533837216627,0.038579758538954456
16,0.027500346374488394,0.022219185563704492
16,0.02705316381880062,0.021115142828251908
16,0.01953673715938463,0.014408014451569867
24,0.014249270323056125,0.020791159317141303
16,0.007243478690352322,0.00353427699505802
16,0.019013105786333716,0.013154766874586561
16,0.029893824733394844,0.02455841101666867
8,0.012605351355256957,0.010369510612759576
24,0.05201568060627534,0.05833957088174049
8,0.020746534226355168,0.017050881689687783
24,0.015620344711770366,0.02295635447802473
24,0.04615612707202677,0.05279990380288287
8,0.013292600825345741,0.011041206692707754
16,0.005011681513299088,0.004700135867704305
24,0.04395484709929229,0.051007281585316325
8,0.01600865031211056,0.013070859920675526
8,0.012176084584556334,0.0100559137714109
16,0.026555734812595398,0.020481802458596828
24,0.024843229514322093,0.03402549772293568
24,0.01303913663069416,0.006801716401159563
16,0.030086138827333686,0.024848205014771252
24,0.019053546404584697,0.026707222512606668
24,0.022995024613479388,0.032461080092896756
16,0.007814660089169947,0.003686337777795196
16,0.028680019710426358,0.02243847468049289
8,0.011805408016597553,0.009633616003462537
16,0.013380293390592494,0.007900207273680999
8,0.013875259945630016,0.011398682492319508
16,0.01836296409756935,0.012833092835909726
8,0.021720026720715845,0.01784338827086112
8,0.01796441775118362,0.014721950748636668
16,0.023889858674580024,0.018152209894729474
8,0.01699121183772334,0.01390480071922854
16,0.02360495595863861,0.01744466268462469
24,0.040689579024532255,0.04872126606603537
24,0.017780117155807282,0.025933074080925444
8,0.013475813037679458,0.011079820906841883
16,0.027951634000646496,0.021913771163665836
16,0.028011232648156116,0.02209909393872602
16,0.014802047586524758,0.009844184195670829
24,0.013007796366010838,0.006822180602281206
16,0.020948208488492544,0.01639555967793023
8,0.018012626849401928,0.014731537302877244
16,0.0193696686722309,0.013583946113569625
24,0.031584560429037664,0.03989096377022151
24,0.034640879173086975,0.041654330886254115
16,0.020308773663070434,0.015218236522515083
16,0.030588324777151878,0.024897800603847758
16,0.013822087543817982,0.009089215705443252
24,0.02072273599945779,0.027958554791638397
8,0.012285100690436292,0.010016039220677798
16,0.026042896783548403,0.02032286021421821
24,0.009342930294041592,0.012190812105949963
8,0.012042329618943602,0.00999415654483871
8,0.01616263887722485,0.013288170809326512
8,0.015362429930204246,0.012601082072375279
16,0.025048093308572668,0.019595208172166978
24,0.03027028705951526,0.03749561253212977
8,0.014132498801328944,0.011553439436144699
24,0.011795211034243221,0.01667229101352196
8,0.019229354830322405,0.01577510718567454
16,0.03236070610554317,0.026117009473993695
8,0.023474133011104438,0.01930164291526814
8,0.017456501812797252,0.01419341093789963
16,0.03517341895608301,0.029851875999104376
24,0.02528403500339285,0.034347551141351025
8,0.012782642083613937,0.010542319242959093
24,0.013641037557961654,0.019989537295447078
16,0.027057015206759228,0.020852478080371682
16,0.025142301349623204,0.01928415808768979
16,0.023018793724100248,0.017028527086844037
24,0.04859622553033181,0.05679035227010971
24,0.037665268362856115,0.047264828485104424
24,0.021587986136236973,0.031140458192013006
16,0.0233052672388728,0.016922418008209414
16,0.027690686814833214,0.022167579772168468
24,0.007455426078719754,0.007155261320158842
16,0.022233681064616963,0.016299208331166624
16,0.02606482344489156,0.020338087060577124
8,0.021369822094417276,0.017536021072966052
16,0.033059706598687455,0.02669919011566496
16,0.032395825009044456,0.025879636888207637
24,0.03159940872129427,0.038717964452995524
24,0.04346575985416377,0.05153452335277975
16,0.03209769502784071,0.026920932370710877
16,0.032401099993570895,0.0256621832362988
16,0.02186580289822465,0.016696379366506788
16,0.021638133107924475,0.016129594957145093
8,0.019510335341222637,0.01614349066260303
16,0.025149128707778162,0.019156041925680337
16,0.017141020829797873,0.011672876775778294
16,0.02902963054126638,0.023120271356775326
16,0.03697181542654845,0.030199141619242267
24,0.020060242852675263,0.028094306741482944
8,0.011795988528597152,0.009667062803619455
8,0.024977184768180033,0.020474609233502094
16,0.018962729034487022,0.01303659269469638
24,0.022899878061903044,0.030616411575242763
8,0.022080980731987884,0.01818711990887015
16,0.022579908568617496,0.0169257473380088
16,0.005164425187983966,0.005177561613653781
16,0.008031426468375786,0.0038155375025569053
16,0.030780261036649444,0.025455132899747365
16,0.023651613046786903,0.018569954873812217
24,0.015226400407871078,0.02236654335474566
24,0.015494566142191947,0.022844166896875295
24,0.018917270030673203,0.027104233935778453
16,0.03521426618294582,0.02858148084635448
8,0.012897401445582955,0.010601390485334226
24,0.023354797556968745,0.031906190909314514
24,0.02200285612240374,0.030064341971425587
24,0.008345225267379339,0.008022040445556258
16,0.0365021353494651,0.030618221732305946
8,0.016777010391801253,0.013763437409778374
16,0.030759715468534912,0.025490403857492128
8,0.02301930163268722,0.018939808373286696
24,0.033209882570857795,0.04104268693423653
8,0.019385647605268452,0.015878440088093627
8,0.00788782649667762,0.0064998617717294035
8,0.014448042753704073,0.01179275785763417
24,0.018780985730678816,0.02684980721945303
24,0.01476007521643576,0.02145065132969326
24,0.04294828448741789,0.05036755537610858
8,0.02226116356308285,0.01818877896506247
16,0.019466747542684792,0.014286779523865036
8,0.012561148717975461,0.010210291368463912
8,0.01355561654984278,0.011103369270574674
16,0.03796887764938539,0.032082275521951024
16,0.027644352529445512,0.02190498618616519
16,0.039531831749377286,0.03266357778106638
16,0.02037006100094383,0.014556061841545315
16,0.029041240903164768,0.023031062292730303
8,0.015037193684675878,0.01228462914921176
24,0.05520726820839393,0.060241842160290764
8,0.011740229725893609,0.009664716061413493
16,0.030041864923232284,0.02431908796546557
8,0.01591047072811108,0.013015706739649975
16,0.015528974424629867,0.009825802120456516
24,0.04649723391744744,0.054395627135333316
16,0.020456552383494753,0.014656432716330225
8,0.017576143779344175,0.014505029391617933
8,0.01647638925409367,0.013493761089114892
8,0.010353349969784017,0.008557440829392715
8,0.020165689339988774,0.016531953370767884
16,0.015901561940766282,0.011056839743890512
16,0.023367617654347472,0.017935011966888945
16,0.02686166243960266,0.020958963162065847
16,0.030118748073746555,0.024921667222073007
16,0.02612196491673866,0.019843324533482535
16,0.026954367770795563,0.02089298659475207
8,0.013972421518120169,0.011479812380645792
24,0.014149533076100671,0.02068923346858771
24,0.016852384341538913,0.024484913687211857
16,0.027793806468475294,0.02276432761156658
8,0.012550293850338321,0.01025173464047379
24,0.02891299980571507,0.03645441904909047
8,0.016819546450388564,0.013662129056424017
8,0.013284839039054083,0.010891020359893883
8,0.014094800291470137,0.011522696329528409
24,0.015238824993735828,0.022276549848526252
8,0.011825116401952546,0.009660940755301268
16,0.01697521493332095,0.011718066845354085
16,0.03224050530071165,0.026463128863390792
16,0.024552889509522457,0.018173971734591912
8,0.018733090524975515,0.01533925595902065
8,0.011419509064780703,0.009408386207662087
16,0.02681755812947769,0.021312478204401457
16,0.028263913650618745,0.022714487918769788
24,0.03066710516186082,0.038056092623445996
24,0.012299536292671083,0.01760488170273853
8,0.018141323886744855,0.014892580785219012
16,0.027284427410483834,0.02112789816819275
16,0.031315202562863464,0.025658242557981943
16,0.034499216168086114,0.027658929819307697
16,0.012980393360180276,0.008136960197511527
16,0.026601037506504232,0.022554308194638453
24,0.028369925577068505,0.03522622886818673
24,0.029145786950065068,0.03674530715394632
8,0.01765889786729273,0.014462150284555544
8,0.016664278417338585,0.013620514190160929
24,0.01013245006549083,0.013339844723982721
16,0.024310765294428285,0.018536547206191217
8,0.015482096331291316,0.012681932303719584
8,0.016745555767929937,0.013668498040407848
16,0.01901394294954734,0.013616681251223598
8,0.019250895665967955,0.01574364698912584
8,0.017762606723868472,0.014679755057689783
24,0.02123219611404851,0.03028123900230799
8,0.015295865648543551,0.012555180554608249
16,0.035734218339414904,0.029466281210520227
8,0.02271701600665324,0.018567037554494507
8,0.01610801344952136,0.013208483845084211
24,0.03804009505529225,0.04671538478191541
24,0.01605232477480971,0.023501868932639176
24,0.02080904451684565,0.029521764803047995
8,0.010087983933561535,0.008228707802473855
24,0.015299240713716276,0.022512278434946638
24,0.014858725866501941,0.02181580323683029
16,0.025962869994568843,0.01971823654668434
24,0.0447017637709242,0.052851158379364445
16,0.02302843227510821,0.01772916568554153
8,0.018155240654404638,0.014803920228871455
8,0.011417174908401294,0.009338333114172644
24,0.055208025128361767,0.06185725900536089
16,0.015504816785485917,0.010165533848803561
8,0.01996292799802359,0.016434344580824697
24,0.02354643781177481,0.03122678357349424
24,0.018555761298901196,0.027066940972657653
8,0.012849831784435333,0.010584276206501373
8,0.013379715165087342,0.010990586136671428
8,0.01066147552026108,0.008705342290154055
24,0.011282152754900507,0.015739950569787817
24,0.012886286523079049,0.018867381121907282
24,0.04015770064772094,0.04803008441651665
8,0.01708050211855688,0.014065463094817113
8,0.01839889938962206,0.015091484885757915
24,0.010964339687020964,0.014263894569527352
8,0.014183819402838905,0.011679361748051334
24,0.015032280210080483,0.021762036147852153
8,0.015233538816583,0.012518320492540454
24,0.046841849761342105,0.053605467477378016
16,0.0057554642102463196,0.004053125415912162
8,0.01792873614996194,0.014683370158229365
8,0.015187823600781945,0.01251798459956718
24,0.023747412665496515,0.0319197445799766
8,0.011414850385114554,0.009479086686154041
8,0.018413828774081112,0.015105486089035064
8,0.018634273748957444,0.015174811199407463
24,0.009568617161811448,0.010659975136842097
8,0.011671757985627364,0.009514112981978478
8,0.01645161861799969,0.013432007031224442
16,0.01787050813107898,0.012494796797206295
24,0.0288889483672538,0.03755623111688587
24,0.013415250656582863,0.019742349378107947
16,0.02770027559033921,0.021913209340557405
24,0.03392802957773527,0.04211940223875779
8,0.012316232461145939,0.01012219136903723
24,0.019157288779406312,0.027481633521456543
8,0.010098541707083724,0.00829801178924847
8,0.017755889969164836,0.014560800465312038
16,0.03581429033944574,0.029655383518904378
24,0.010617514633908372,0.012853130660526383
24,0.012460554923372977,0.01818920145063952
24,0.022164253033996613,0.0291943220313252
8,0.00881866195440473,0.007249048267932054
24,0.019364235117191805,0.027416861530719684
8,0.015810741095568008,0.013009251584226143
24,0.012224804503427795,0.017710565090203537
8,0.01802357636377091,0.014809901574721677
24,0.03153604596087156,0.039012235674757936
8,0.018693699340917858,0.015508888437322524
16,0.015938544420247183,0.010807256614137159
24,0.02422015284380395,0.03366434045283141
8,0.013048630980838118,0.010705435446346369
8,0.012541572978656745,0.010278150477442143
16,0.006796216023755542,0.0033227083727795266
24,0.03773580330502535,0.044069389651967994
16,0.029621022547830736,0.02367830157571743
24,0.053375949771729755,0.05948194205877656
24,0.01872963873579544,0.026583234505768747
8,0.015139130225798046,0.012297429691723382
24,0.019033456530044356,0.027490753794713038
16,0.029914883407823507,0.02456495780748852
24,0.05000974709301982,0.05655327364672669
8,0.016075383717065645,0.013298662975898424
16,0.019715348779503164,0.01378277450071837
16,0.023405830334241526,0.018279413361958027
24,0.03266386901386247,0.040043882076793616
8,0.014926899377707099,0.012366287506852307
24,0.04796315533743867,0.05291346308754945
24,0.010678900819380735,0.01349950456310168
8,0.01445941255452755,0.011920323048845261
16,0.016937016146079502,0.011996310273310518
8,0.016783133160891403,0.013812667456094562
16,0.0331955947393799,0.027915104021471272
24,0.02631622853756568,0.03445718096168328
16,0.0172341618759929,0.011624684525331512
16,0.018525608357624214,0.01286783815380449
8,0.009434155691212351,0.007746148976219625
24,0.01949202612469532,0.02734141235052527
8,0.013869390090914799,0.01155535529892464
16,0.027867714575172647,0.021794086359209854
8,0.015327546961723976,0.01257686345056626
8,0.016312713619811726,0.013404750502364542
8,0.025750343774905628,0.021184833761262182
8,0.011769284636342074,0.009576076965397522
8,0.014833371680597111,0.012261619147641874
8,0.020798527637688233,0.017060805491160114
8,0.016470976795426456,0.013673573638995804
16,0.03009377596311669,0.02442592416337351
16,0.02909205551720842,0.022940319936050266
16,0.027445837149522596,0.02195936422959706
16,0.01751628528068988,0.012162315075051632
24,0.03570570205455497,0.043515359001207184
24,0.02589068126376317,0.032510183463297995
8,0.015466689182387769,0.012768757950448437
8,0.016523111072576174,0.013485386020797917
16,0.037581467093360785,0.030892279712392202
8,0.016052550395087534,0.013130947683304257
8,0.015702389281554954,0.012751199956653893
24,0.0572075354381683,0.06145853138278659
8,0.01725511807272225,0.014217750462005395
8,0.017420363401564373,0.014274686754555569
8,0.024921800405051216,0.020328898865250394
24,0.039225985750056994,0.046807828332486014
16,0.016248571196704573,0.010735229975482225
24,0.03459085270486469,0.04265153355429085
8,0.009138703035702883,0.0075882161142710024
16,0.020341007416707697,0.014843092743582741
8,0.012788840651769398,0.010477096426902827
8,0.014947138933694,0.012324178928022459
24,0.03690025545843931,0.045598937055877364
8,0.011730198718380826,0.009609641283043063
8,0.011271345129666158,0.009293203293206162
24,0.031582361308001225,0.038233105794608875
24,0.05609167806470304,0.06250284864492808
24,0.04547501789086543,0.05297160048532709
24,0.018127826336462864,0.026312917868186358
16,0.03228696550997051,0.026953151134829892
24,0.042159671747673655,0.04852454818432786
8,0.017000559408859448,0.013885281771777029
8,0.010986530592583421,0.009012425979734322
16,0.02866928846148588,0.02353288186009401
8,0.017019465597441625,0.014048979904251024
16,0.03163069424011117,0.02579729008768849
24,0.020973799977087176,0.029445492235575372
24,0.021828625874204515,0.031217723127102876
16,0.02589282149005713,0.020312695149551183
8,0.01010825006373894,0.008420526478650204
16,0.016468628863221646,0.011140226852272013
8,0.012810902379044805,0.010412848818911004
8,0.013513257596623104,0.011038352303822397
8,0.012698227344208411,0.010396557980425328
8,0.01667129850851299,0.01368431562351021
8,0.017169606465849873,0.014104741678269916
16,0.024622506878919474,0.018567377439988084
8,0.015888610652836033,0.013083102022585355
16,0.01516663866798577,0.009796259734804967
16,0.008032987285993018,0.011328155124131186
8,0.014561910792243553,0.011872309252343817
8,0.015263853449941666,0.01247605572988205
8,0.015089654357154501,0.012453114072604219
8,0.01304366253697499,0.010675210723806294
24,0.02417350305039141,0.03306730941742485
8,0.012901202612087185,0.010641740269451735
8,0.017098899911980513,0.013994404360186247
16,0.018865949594502898,0.013915339430858029
16,0.03240890627209146,0.026468715501638068
8,0.014038055356298942,0.0114791141273742
24,0.025283776454051728,0.033983901949759476
16,0.03518188099911993,0.02860657722975283
24,0.017118501735359948,0.024146254478279318
16,0.02085487141855988,0.015299933081163088
16,0.013938084567430732,0.00909959150403464
16,0.03161424251693506,0.02535464940342315
16,0.011494420637934391,0.006211649147239873
16,0.017145289399453516,0.011907491762300448
24,0.016446085615240212,0.024276453899247902
8,0.01103143583556215,0.009089280953421857
24,0.01592694479957872,0.0232597552119211
24,0.030366968272654817,0.03841763252428964
24,0.03457402491814705,0.04237185582029591
24,0.018350403730343235,0.02601050380545434
16,0.02363182905827774,0.01747806263994075
8,0.012806287313745973,0.010538372885313342
8,0.014245408837464751,0.011597610732949022
24,0.01577993467568837,0.008126567131470554
24,0.026264639718635595,0.03192195413111322
24,0.03290777896826415,0.04259363622454493
8,0.015232453736311255,0.012649320499309091
24,0.03485996546949277,0.04238558886906961
16,0.011143351501920206,0.006270029844664284
24,0.05134247875732541,0.05673054683408822
24,0.05110543671003977,0.05920726904018469
8,0.015139602977256122,0.012532775718452856
24,0.017137162398073117,0.025114563447046667
24,0.05227975030676419,0.05858813451475925
16,0.025348331484409334,0.019311431945298052
16,0.018851961859505842,0.013212557353367991
8,0.021849855641686965,0.017858726122633513
16,0.021646702874910738,0.01565656047035207
24,0.018469450139616136,0.026955731584089863
24,0.010788011881201185,0.013330434923392783
8,0.009270421892290541,0.007660452435563007
16,0.03043419152992745,0.024556862154394697
16,0.029545306067750063,0.023447223041905413
24,0.02918102270778889,0.03706328247331811
24,0.05162046351445625,0.05714492930886408
24,0.03917304571901298,0.04748861027207406
16,0.022921393509203806,0.01706199384540736
16,0.024006355223349075,0.019101654172939162
16,0.029818816480291735,0.023940548065442324
16,0.02678864001588335,0.021345082772339614
24,0.03126161203911132,0.03843595370416208
24,0.041399785046832505,0.04976312415411653
16,0.032542276827434644,0.026696536736498196
24,0.04074722158021142,0.04743542434137543
16,0.027112725064961853,0.020792816900387208
16,0.025128997175471138,0.019347043876744498
16,0.029453041272241142,0.02343653021444475
8,0.010282476838992392,0.008556370804543361
16,0.028259326322714426,0.022379223064430902
16,0.03115317482208905,0.025824979180269485
8,0.018635276422074378,0.015345455802031012
8,0.015280147819692929,0.012481011905347457
24,0.009646210836629312,0.01149748976241484
24,0.01772410914939619,0.02533448239918778
8,0.011665540304485335,0.009565229138094839
24,0.014353316141364768,0.021043340630849405
8,0.013970519338939528,0.011525432334863778
16,0.01041292074019668,0.00592376520417621
8,0.013915429973787521,0.011414019424484362
8,0.010709575465052544,0.008783411542432501
24,0.04785440427152603,0.05430432449650273
24,0.029102686025730486,0.036837680079227254
16,0.020949809855783482,0.015389831260758635
16,0.027917567723903795,0.022489302801738203
8,0.014461566022777473,0.01204546851207968
24,0.03292667306544514,0.041322988759598264
8,0.018659235581636235,0.015327449247682257
8,0.017988517124909176,0.01480624071203861
16,0.033624751043506,0.02716317502832187
24,0.04555187030345641,0.053904245221649244
24,0.04415458316442385,0.05175936860727631
16,0.03409145611284098,0.028284899610642348
16,0.028553049016599497,0.022878806027731066
16,0.013088076504808262,0.00832417420493136
16,0.024885781434132122,0.018332403164907328
8,0.018579560388223726,0.015156996622430675
8,0.012480830085093727,0.010291704554810877
8,0.017403855058378423,0.014223885911848207
8,0.015057509245918633,0.012350868774196173
8,0.010702458788332501,0.008775722919023177
8,0.014406465020494641,0.011884280839146225
8,0.01992908408403473,0.016254166783489288
8,0.011576090503636921,0.009432388243404317
16,0.03105334160015219,0.025677718542028573
24,0.033122431269539614,0.04196851811370343
8,0.013624153152608332,0.01106335069853772
8,0.015909032901572688,0.012959170258829908
16,0.01616660299277517,0.010878288400996469
8,0.019214994112249945,0.015859312301531044
24,0.008724803920839023,0.007521113085122176
8,0.012759459643395442,0.010435435483652502
24,0.019101169431577976,0.027046505251772004
24,0.010140977552666021,0.012192381868904822
8,0.010716344085623337,0.008802072213400283
8,0.01649972948289354,0.013607875594358146
24,0.00883404846426904,0.007830465512336614
24,0.048068841267913845,0.05436481790419277
24,0.010214646204388615,0.01248908349024833
24,0.036337247850712795,0.04289477117247438
24,0.009374077351879418,0.009904773646683454
16,0.03032072694794866,0.02420800698038021
24,0.027562597440767958,0.03473634233832774
8,0.018828513805239824,0.015284912925148917
24,0.03307385327579068,0.04081149013909843
8,0.009017676860272111,0.007453465398106776
8,0.014174308641678485,0.011682775831315178
24,0.03285357885163398,0.039692345520336944
8,0.0210511225984698,0.017234300086271817
24,0.04621613725465605,0.0529947565517655
24,0.034911310892800106,0.04239869861983829
16,0.025710840717714026,0.019751512875664415
24,0.026006018031502737,0.03377913358823097
16,0.01977189297040424,0.014595591703163253
24,0.016377328522984312,0.024117870601941403
8,0.014806135938543545,0.012080543849519274
16,0.031994470565182904,0.02671010050186699
8,0.01855822901576057,0.015334511991855437
24,0.04328271667490951,0.05080900811780969
24,0.0097941159466985,0.010429978744415105
8,0.01387394599111521,0.011457052215742348
16,0.029656095018119957,0.023674422701053664
24,0.028274634961346863,0.036042189334427155
24,0.014154939420113298,0.020810156653166982
24,0.04765335577697727,0.05505645845138964
8,0.016264335002296848,0.013321407994064883
8,0.019147189919595894,0.01557715879743574
16,0.016397713978298395,0.01170000201422702
16,0.024024577731511804,0.01946959646566377
24,0.02164741507135238,0.029406440192084847
16,0.027256221876219934,0.022102357711692368
16,0.026884204465558885,0.02104106700958109
16,0.028020472322855906,0.021274283028010814
8,0.013186657296528377,0.010771343913138817
16,0.03346634246188861,0.026344350558440196
16,0.010617829362751675,0.006262911710657363
16,0.0300489297745097,0.024206855585025364
24,0.015709560647120247,0.023031548523499885
24,0.01603211856374949,0.023436073380769272
24,0.017273055815900197,0.02493093639168552
16,0.011191524586341494,0.005977595196108748
8,0.014789431567820758,0.012139110101954616
24,0.04929631317363593,0.05637560109250076
8,0.01387682402595172,0.011327733830678833
24,0.054315894789244874,0.05961502948190419
8,0.012980251742503088,0.010957709618857458
16,0.023315805042692487,0.016585735853831177
8,0.01605257292676953,0.013251507900682998
8,0.015949154275163684,0.013038806576715509
8,0.015604087966596023,0.01273220476585174
24,0.015324907728890735,0.02264452056600585
24,0.04609028502321191,0.05320812941134981
8,0.015314190235666453,0.012685836523908431
24,0.031961655319222806,0.04036140028579055
24,0.02909263041403562,0.036307331482878416
16,0.02393341507082729,0.018045769056511757
16,0.019005373270783568,0.013568978450553982
24,0.012294309151365476,0.017568269783195624
16,0.02078993300125819,0.014896209856806931
24,0.024914291981549794,0.03148678108672391
24,0.011519767756922095,0.016418081365750438
8,0.015315038622930089,0.012532810005447707
24,0.04793256168247738,0.05426188518563799
24,0.0389942968831882,0.04579031493723181
16,0.031207354933831366,0.02548129734128795
16,0.02935690909928079,0.023247814168808147
16,0.0264141588839735,0.020235074654715676
24,0.04509163018926771,0.05246120679726754
24,0.02145383663356258,0.029037633769205238
24,0.03467963662823055,0.04180627118716505
24,0.0165599895520015,0.02403808267053622
24,0.030061816495040694,0.036484214898915845
24,0.037452855368681294,0.044798617615328204
24,0.016989519227798955,0.024728054683877655
24,0.03028596678518837,0.03801663845514891
16,0.024727693760031397,0.018982777069916662
24,0.021428771115154056,0.029420212598805534
8,0.01450998989186665,0.01198846226386939
24,0.030676449179518218,0.03755655019873829
24,0.01316605892840925,0.019220897583674186
8,0.014135701113993985,0.011561087297624843
16,0.028413920814275684,0.022959851780317515
16,0.03011383604337442,0.023845567144551254
16,0.02929866223095806,0.02397350645181263
16,0.00563560005973665,0.0032403919594189436
24,0.02944019673146672,0.03899239484579617
16,0.019994328560788314,0.014277939498685163
16,0.027455917403399643,0.02162424077168503
8,0.01712468044766011,0.01420492920258819
24,0.026368204639725674,0.03305031445684964
16,0.022723131789022664,0.018312259324208525
8,0.016719047322838868,0.013721018910565671
24,0.04307333820518492,0.050956865149954386
24,0.02492607833354206,0.032670641168371234
24,0.025912867980975474,0.03422334702904879
24,0.024686741859126293,0.03300237407446538
8,0.011027654768072912,0.00906961020432382
8,0.007341137932674451,0.006040729977736921
24,0.04855570953406357,0.05524620757417324
16,0.027001048093532216,0.02139108934271855
24,0.013725124339057003,0.020060369897003875
16,0.024680089264881543,0.018859812580944584
24,0.009613190679089082,0.011725917956165595
24,0.02139532230017429,0.030580676848548687
24,0.023177748168495417,0.031024201754779736
24,0.021106481164625542,0.02863961988084449
8,0.01642263570003307,0.013439117527029362
16,0.028499156708841872,0.02222823785909394
8,0.014366280244454967,0.011824528075246137
24,0.012296636287431394,0.017665314285304375
24,0.03321386378717811,0.041417652790429
8,0.012518913879835291,0.010233855979212423
8,0.017753678530806966,0.014621154356868378
8,0.01886466650858465,0.015342026580460605
16,0.031465606455591266,0.025022748042296317
16,0.01458261894625424,0.00915115632435784
24,0.009954476119879603,0.0077459311807839965
24,0.04142435266983747,0.05044089687462758
24,0.034463075110967,0.04230137103042162
16,0.03081629345215948,0.025307724230888853
24,0.014168367755414621,0.020732110197816254
24,0.0195794647171187,0.027715635213055933
24,0.05290048050542569,0.055195715847583635
24,0.015364497663403868,0.022467027169495765
16,0.017011440600544762,0.011472616869053348
8,0.015764973705814478,0.012954393000595685
8,0.01393656704881479,0.011296398157623736
8,0.010933683921503456,0.008961802068560353
8,0.016112823557816548,0.013189760871369182
16,0.02981917513411489,0.02362411165274865
8,0.010145168429349934,0.008333908968464749
8,0.01247988761746485,0.010408324921911185
8,0.011733916984682246,0.00959906241742069
8,0.013343569646899475,0.010919582346602012
16,0.03593464299381253,0.029535604788575812
16,0.022865502602828623,0.016972457420902462
8,0.015257770233792529,0.012580880707984419
8,0.01263996030941263,0.010413772800510847
24,0.04892314246097357,0.055128243223836054
24,0.03653095047118827,0.0446619677267312
8,0.016743650061638495,0.013612763690177205
16,0.024958291903235882,0.019166515688892945
24,0.022874530701369515,0.03182424100437173
16,0.03281378732456617,0.026794190336098637
16,0.031644376160322354,0.02555802459730164
8,0.014323089666442468,0.011739766138487089
8,0.013616782083041092,0.011136600776110901
24,0.021051688432112376,0.02924317756771041
24,0.050851166367504044,0.058136158778621175
24,0.023106621602991352,0.03253180411386218
8,0.014797602676025092,0.012086359335932894
16,0.012002948740904618,0.0073751255632297456
24,0.038369980690999846,0.04509852838946239
8,0.015731349984694564,0.012883055249071603
8,0.021168032099030336,0.017280848352191486
8,0.01327618829280898,0.010927741797291203
8,0.012148494752439617,0.010067574683716843
16,0.024956253119665282,0.020077546249613575
8,0.021504521002095593,0.017787752557713872
16,0.016656146086544282,0.011053758849608492
8,0.019053462738251935,0.015596517046653244
16,0.03477458481445381,0.028852807180966406
24,0.03377861542247195,0.04066013234824581
24,0.0352381486174695,0.042998745692885115
24,0.05129336157170218,0.057319656662463046
24,0.047561109553701755,0.05419451595843204
8,0.01895493195951547,0.01562571593118251
24,0.020065298438137147,0.028788465292080564
16,0.026819830251101563,0.020931922002093192
8,0.011272701318918072,0.009289483599565171
24,0.04709473391983737,0.0538168064615503
8,0.008592036592390113,0.007076622608510078
24,0.018437735943935555,0.026640682584536564
8,0.014876279454880929,0.012161745922621803
16,0.03123651107961146,0.02511730312308061
24,0.04702744531730726,0.05401218975947011
16,0.04024331038338244,0.03329485861290933
24,0.02438031365846136,0.03217595662732334
16,0.005826129236073797,0.003448904226592427
8,0.012273664874680207,0.010078302299617946
16,0.028544709863329416,0.023279646829733373
16,0.034463792940082935,0.02888437163256688
24,0.04287826414283796,0.04852121716376664
16,0.02404304572318431,0.01838446678607575
24,0.038980861544678405,0.04591885055949359
8,0.019226890676228958,0.01574342564858772
8,0.015964818594073126,0.013025923674238332
16,0.0322401716787961,0.026731131204898947
16,0.019761990177230862,0.014713750907350293
16,0.02289366417647394,0.01746175063830382
24,0.026374458311615105,0.033989897282301645
16,0.012059833479781859,0.007316827990155351
24,0.013379868619112447,0.019645881304540713
8,0.016311507119051653,0.013381314809406077
24,0.010956180161515427,0.01565605139964774
8,0.01963269391161576,0.016263369122618377
8,0.019318663854776243,0.015792770846215397
24,0.012895413529765629,0.018763141259679348
16,0.025714491144423653,0.020159212221760613
24,0.03525235707162139,0.04170651138567291
8,0.017211051960475225,0.014215581721943538
16,0.03301716443456468,0.02697381074248121
16,0.022504065037473778,0.016869814816310842
8,0.012486485339915634,0.01021816516144158
16,0.02534033828506927,0.019220963437551787
8,0.016506483811349955,0.013475948977714241
24,0.01459947054066582,0.021489589618914996
8,0.018113443938435357,0.014775092705144943
24,0.03607117975550785,0.04235718315208566
8,0.01556108149467644,0.012760086769460723
8,0.01705589413609577,0.01394001751469144
24,0.008968557858801612,0.011699333987894038
24,0.05379442171499248,0.059286473890461586
16,0.02889442481577254,0.02290954399619624
24,0.01443384327991515,0.02110309601203645
8,0.017183261319084216,0.014126472400020478
16,0.03179822477559404,0.02583436636660229
8,0.013946414976781125,0.011468729053056063
24,0.020718241495178362,0.027790955020741564
8,0.01979646440989337,0.01636110552802931
24,0.05113204524853256,0.05863958041483648
16,0.03351135545821264,0.02741044666099976
16,0.026375271566435782,0.020101406827873754
24,0.035708751757560456,0.04236720262799858
8,0.010784094547337513,0.008875040653659585
8,0.013449123634055545,0.010976681342501283
8,0.018291050856888126,0.015047194187622695
24,0.018202528319908033,0.026303642466383715
24,0.037942890116889616,0.04684158521536109
8,0.009527555183516563,0.007749951470587069
24,0.03448182234761671,0.04159588314953301
8,0.015771796683226022,0.012946071579685378
8,0.012981869456932558,0.010633712893419404
8,0.014113280745736523,0.011709536382518655
24,0.010368939172421193,0.01350661518668252
16,0.022804526036963167,0.017077855893830603
8,0.013963817377645071,0.011466368590156824
16,0.030648904754417887,0.024447143112088184
24,0.019715129054046505,0.026853741062784455
8,0.024028205079219933,0.019457421498309188
24,0.011633018151274252,0.01619085487139886
24,0.026664444864904217,0.034763753849173455
8,0.019659818731765984,0.016168174343745352
24,0.016920159644391128,0.024016931368366225
16,0.02350944073885181,0.017933819811471928
16,0.025085121482523984,0.018809743395192605
24,0.012277556248968901,0.01715337703829671
24,0.038054506167592844,0.04504568489442262
8,0.022399057194298744,0.01841915303105302
8,0.017185394808115165,0.014213446276526733
8,0.016527105763351424,0.013445968585183491
24,0.01502663739274447,0.021909952465902167
24,0.014425922302957988,0.02115284568217661
8,0.013306519276641603,0.010930439234253771
16,0.022115659248750287,0.016592973967295845
16,0.030173624096372937,0.024026900290945903
8,0.011335717364528326,0.009308038804154584
8,0.015787421874488967,0.013019705627999697
24,0.03507989450468414,0.043506880669044456
24,0.015281348516200078,0.022471386028676824
16,0.02057392603878475,0.015100532715922843
24,0.015717966683347153,0.023060688116635447
24,0.009104391750747048,0.00865413967747121
16,0.02543371411053278,0.018844400795644062
16,0.022496659651486693,0.0167329618261102
8,0.014873235949050035,0.012267436345088308
8,0.012281807911826263,0.010091478405127403
24,0.05227263517930453,0.058140115076662155
16,0.03326902831670264,0.0276119080076605
16,0.0078134947560874,0.011131832716791414
24,0.03271401513901458,0.04060125832060208
8,0.01183645380544086,0.00967229068558896
16,0.03147206815084123,0.02512573330392069
16,0.03593729499266324,0.02928130818491232
16,0.025039274638528036,0.019447357729245142
16,0.02016665837997996,0.014872535030968949
16,0.03448504333893608,0.027951750112395153
8,0.01396167000800563,0.011651191188253378
16,0.03289512553052961,0.027226764334021755
24,0.025033215537613795,0.03347354609727665
24,0.009310080259143011,0.01299028339247426
8,0.013428937506029297,0.011046403882973094
8,0.017066728483688617,0.014008742099776133
16,0.025368079643849566,0.01880094229929764
16,0.012590592377635303,0.007655177780160257
8,0.01055298146074163,0.008555716925269588
24,0.034008262016559404,0.04181881499536097
16,0.03645223417952431,0.029942498911534977
16,0.03059639623481848,0.024082004483059177
24,0.018333831920763197,0.026750454417288114
8,0.00907035030714989,0.007477582377803394
8,0.014705400893419755,0.012061249847304665
24,0.03280958862599078,0.04220002991415986
24,0.04737270722139071,0.0543009371424537
24,0.028005964017110578,0.03657583317865508
24,0.020313197747116027,0.028036140066268277
16,0.02502798977789937,0.01905164742891383
8,0.00924377707359234,0.007606266705527674
16,0.031050750150744003,0.025252416493106486
24,0.02457116247376909,0.032970748624945805
16,0.032709421380507954,0.02594384250822615
24,0.01418994546233314,0.020776867177290704
16,0.030708724892333332,0.024178110090698247
8,0.017536900063677245,0.014432121157212034
8,0.014849354706920947,0.012100960279687904
24,0.030161993779323354,0.037854481129415224
24,0.017382524389214147,0.025327346303969125
8,0.011691767222786833,0.009615941525350957
24,0.020193266607026188,0.027104140349413643
24,0.030472991121786183,0.03824032334059504
24,0.020789011483608448,0.029550155398136144
16,0.03149059427115024,0.02593435005385107
8,0.01735097578148365,0.014268076370322066
24,0.034176999334178525,0.04186703268806692
16,0.0396687390599036,0.03301609625423374
16,0.03398739378619341,0.02817185694553047
24,0.04497763651606672,0.05115962981150077
24,0.0108444787810478,0.014986125804209858
24,0.008767080636382957,0.009316853322037254
16,0.018862925228210918,0.013243199771428755
8,0.013529030638924862,0.011155623298654917
24,0.031555454171830546,0.038789608137551085
24,0.011896881491974601,0.017031004467429632
8,0.020912465725634523,0.017232246428230867
16,0.03310907242782381,0.027285368841395884
24,0.014075879753768606,0.020513434501718428
24,0.019036366244508614,0.02686443836963344
24,0.03600943789255301,0.04298579413272019
16,0.0302803179901728,0.024044921007215257
24,0.01560395380868703,0.02287504520495901
8,0.023113314284085612,0.018915953976945468
8,0.01172988045918242,0.009640786889494393
16,0.018899892527820032,0.013166624431063702
24,0.02826500450282191,0.035994158677042754
8,0.019083100722943887,0.015689118816271885
24,0.048181687203423085,0.05445977430337727
24,0.04348917695299241,0.0502564248598557
8,0.018088965824664058,0.014934735118542429
16,0.030395563556776695,0.024382894881532426
8,0.010796634725757624,0.008881552135553857
24,0.036589127691143246,0.044495663247053535
8,0.015933975843969064,0.013172158237032477
16,0.03316022327176984,0.026413425461400974
8,0.016433109811143883,0.013610613807275188
8,0.016418081150438076,0.013497010249610468
24,0.03526398738557996,0.04159021283377915
24,0.049049200939414894,0.0556444114633252
24,0.009659437956344129,0.00817599757701628
16,0.0290443868525126,0.023473365432838313
16,0.025598561759280165,0.019061352174302965
8,0.016644811399287102,0.013704300103744713
16,0.019840921094324192,0.014833438529526621
24,0.051791769869116114,0.05653264951771861
24,0.04844456923243558,0.055231210750725776
24,0.027483323094619705,0.03476065915999504
8,0.01523350936489404,0.012373237910481906
24,0.03342534286526068,0.04200891060274542
16,0.02637966033278578,0.020190538427118147
16,0.024003020230863464,0.018504563639515526
8,0.01382384432847835,0.011424205165327779
16,0.022717036910802877,0.01719878691909674
24,0.046441890939005456,0.05455328244907524
8,0.01305654056205132,0.010617153845637354
8,0.022084412803072093,0.018226595223808012
16,0.029095842317156534,0.023460291212763294
8,0.011212413642510285,0.009280523723916771
16,0.028126958113500626,0.02222384134449988
24,0.03559104401940651,0.043942365337133305
24,0.008290019531671716,0.010096457413392254
24,0.02395531065026723,0.0333009165203545
24,0.03536039482444733,0.04287730708004661
24,0.031830754829561714,0.039779712441910614
24,0.04948820373167273,0.056751652179295745
8,0.015484108192190194,0.012678306321118875
24,0.01037999944510688,0.014755604140334812
8,0.0215022846614547,0.0176229150262945
8,0.012476972250371147,0.010254733616924819
24,0.00939125773193419,0.012359482118159801
24,0.008254913934647251,0.006844278175261381
16,0.0377188221313487,0.03120663614283428
16,0.027539083093456155,0.02248464346946518
16,0.006335578480599675,0.0038395949145984066
8,0.014325708323224155,0.011666402363513243
24,0.014786562675034464,0.02167031139555112
16,0.035644056707280575,0.02838519872771432
24,0.024455161586975895,0.03276971483479599
24,0.023023025599145146,0.030946535128302324
24,0.010279416421838921,0.006107274900339007
8,0.012869373959622114,0.010541329458751351
16,0.02112399032359046,0.015664034320082825
24,0.05343901329361157,0.060087821182874764
24,0.008526705007496204,0.009567771625287732
24,0.02244778311762787,0.02896667596170182
16,0.026822443041664777,0.020742834858723705
16,0.030450595671886748,0.02565014292064661
16,0.026336387796003495,0.021219695047417383
16,0.03139368625287645,0.024824922661535832
8,0.012372945376417184,0.010077293788700573
24,0.04597132877348302,0.05320864501590036
16,0.009068550367144657,0.004433785712500352
8,0.01560224039781049,0.012807229893203268
8,0.01723463176686933,0.01405668883688389
24,0.026768681573387028,0.03521780064582906
24,0.01663419025980461,0.02414706600605697
16,0.03237224680455998,0.02609652722844063
16,0.032514329577311187,0.02610642751178798
8,0.01782328559716955,0.014592736857520773
24,0.04855709400919249,0.054096544646510876
16,0.029596340692368953,0.023995364997504435
8,0.017429382401841727,0.014257799032577989
16,0.030902475752923635,0.02511392085291364
24,0.01514773581184321,0.02227791717685608
16,0.029582050386341915,0.02327456287781005
24,0.02081186219397341,0.0277254370411406
24,0.030403316126721435,0.03911259868326739
24,0.0401335117863605,0.04686999823416623
24,0.035593349509383226,0.04233380610598357
8,0.019189625113867147,0.015728705055963268
24,0.05213451417407472,0.05796932243180633
16,0.028151244792209994,0.022678151541474303
24,0.03562627471991904,0.04273161833134642
8,0.01815336918042263,0.014830917310704976
8,0.010673389296198748,0.008693356493196556
8,0.012834359853474038,0.01053182182520445
24,0.019341431180815133,0.026057862535884813
16,0.03957662861653559,0.033303135188006344
16,0.007174588695792541,0.003500812891222977
16,0.02829343126751516,0.022491163890354864
8,0.010541986953731722,0.008683662314245034
8,0.011403205070810272,0.009279805518414574
16,0.024042079234808552,0.018418158394488487
8,0.01814137289594574,0.014983560557179944
24,0.05475787190820059,0.05910356976060914
16,0.03948972401895499,0.033029303080512065
8,0.0096816189198844,0.007946845237211012
24,0.02676791808282154,0.03431547778785951
8,0.0167501783479049,0.013672616604334064
16,0.031560591965343374,0.02491892171270468
24,0.03497264271411801,0.04214778113078616
8,0.013834829246645045,0.011374646181937155
16,0.03306970934537483,0.02659969887735992
16,0.02915760499812762,0.023406183746760865
8,0.02176705149209305,0.01781205696038604
8,0.01370675386058176,0.011333726389937362
24,0.026310862451129072,0.033691822247914616
