target,method,baseline,query_saving,difference,low,high,primary_family,bonferroni_divisor,upper_fwer,common_mean_target,noninferior_001,noninferior_002,noninferior_003,validated_shot_saving,first_strict_saving_query
0.065,neural,dfe,57,-0.006546560674905777,-0.01333104632794857,0.0007878823089413345,True,6,0.002477041445672512,False,False,False,True,False,
0.065,neural,constant,37,-0.006078232079744339,-0.012977472506463528,0.0012092776596546173,True,6,0.0029326672665774822,True,False,False,True,False,
0.065,neural,ridge,0,0.008572112768888474,0.001570531981997192,0.016071345657110214,True,6,0.01757725700736046,True,False,False,False,False,
0.065,ridge,dfe,57,-0.01511867344379425,-0.01646142266690731,-0.013730387203395367,False,1,-0.01394628919661045,False,True,True,True,False,
0.065,ridge,constant,37,-0.014650344848632812,-0.016093365848064423,-0.013200508430600166,False,1,-0.013430648483335972,True,True,True,True,True,1.0
0.053,neural,dfe,56,-0.003363613039255142,-0.007075017783790827,0.0005514338845387101,True,6,0.001341478549875319,True,False,True,True,True,74.0
0.053,neural,constant,36,-0.0032132193446159363,-0.006903947331011295,0.0006664114771410823,True,6,0.0015003117732703686,True,False,True,True,True,1.0
0.053,neural,ridge,-33,-0.0007670484483242035,-0.004690183792263269,0.003327218582853675,True,6,0.004210577812045813,True,False,False,False,False,
0.053,ridge,dfe,89,-0.0025965645909309387,-0.003979913424700499,-0.0011836944613605738,False,1,-0.001375743537209928,True,True,True,True,True,47.0
0.053,ridge,constant,69,-0.002446170896291733,-0.0037708228919655085,-0.001088203163817525,False,1,-0.0012894090032204986,True,True,True,True,True,1.0
