method,allocation,shots,mae,low,high,upper95
constant_mean_eb,fixed,3,0.10130045562982559,0.09948281198740005,0.10311903804540634,0.10280545055866241
constant_mean_eb,fixed,4,0.09992363303899765,0.09823020547628403,0.10161793231964111,0.10136058926582336
constant_mean_eb,fixed,6,0.1388491839170456,0.1374523788690567,0.14024870097637177,0.14000701904296875
constant_mean_eb,fixed,8,0.11931899935007095,0.11786825954914093,0.12069340795278549,0.1204783022403717
constant_mean_eb,fixed,12,0.09444303810596466,0.09325028210878372,0.09566532075405121,0.0954662561416626
constant_mean_eb,fixed,20,0.07828420400619507,0.0774189755320549,0.07913036644458771,0.07899462431669235
constant_mean_eb,fixed,36,0.06417694687843323,0.0636051669716835,0.06474003940820694,0.06464380025863647
constant_mean_iv,fixed,3,0.10042370855808258,0.09872760623693466,0.10211553424596786,0.10181732475757599
constant_mean_iv,fixed,4,0.09926143288612366,0.09766153991222382,0.10086415708065033,0.10062301903963089
constant_mean_iv,fixed,6,0.09488221257925034,0.0934683233499527,0.09631220996379852,0.09606616944074631
constant_mean_iv,fixed,8,0.09229996055364609,0.09102005511522293,0.09359432011842728,0.09337882697582245
constant_mean_iv,fixed,12,0.08633890002965927,0.08528097718954086,0.08743275701999664,0.08728042244911194
constant_mean_iv,fixed,20,0.0781102403998375,0.07728518545627594,0.07898443192243576,0.07884866744279861
constant_mean_iv,fixed,24,0.07447324693202972,0.07369816303253174,0.0753159299492836,0.07517095655202866
constant_mean_iv,fixed,32,0.06895525753498077,0.06830853223800659,0.06967823207378387,0.06954798102378845
constant_mean_iv,fixed,36,0.06639299541711807,0.06579538434743881,0.06704559177160263,0.06693412363529205
constant_mean_iv,fixed,40,0.06433351337909698,0.06376539170742035,0.06494103372097015,0.06484527885913849
constant_mean_iv,fixed,52,0.058915041387081146,0.058391328901052475,0.05949455499649048,0.05938786268234253
constant_mean_iv,fixed,64,0.054599639028310776,0.05415351688861847,0.055078502744436264,0.05501531437039375
constant_mean_iv,fixed,72,0.052129339426755905,0.05174487456679344,0.05255220830440521,0.05248307064175606
constant_mean_iv,fixed,84,0.049049634486436844,0.04868597164750099,0.04945299029350281,0.049377862364053726
constant_mean_iv,fixed,128,0.04122486710548401,0.04094028100371361,0.04153570532798767,0.04148024320602417
constant_mean_iv,fixed,192,0.034534551203250885,0.03430160507559776,0.034770309925079346,0.03473346680402756
constant_mean_prior,none,0,0.10736265033483505,0.10520753264427185,0.10950910300016403,0.10911793261766434
dfe,fixed,3,0.28205814957618713,0.2805751860141754,0.2835269272327423,0.2832874059677124
dfe,fixed,4,0.2657822370529175,0.2643323540687561,0.26721304655075073,0.26695361733436584
dfe,fixed,6,0.2042008936405182,0.20298580825328827,0.20539647340774536,0.20520636439323425
dfe,fixed,8,0.1829853057861328,0.18182194232940674,0.184081569314003,0.18391627073287964
dfe,fixed,12,0.14533500373363495,0.14438195526599884,0.14625588059425354,0.1461106240749359
dfe,fixed,20,0.11309816688299179,0.11240875720977783,0.11381559818983078,0.11369743943214417
dfe,fixed,36,0.08374923467636108,0.08320087939500809,0.08428104221820831,0.08420021831989288
dfe,fixed,40,0.07942524552345276,0.07888645678758621,0.07994956523180008,0.079864002764225
dfe,fixed,48,0.07235105335712433,0.07186661660671234,0.07283232361078262,0.0727570429444313
dfe,fixed,52,0.0696420967578888,0.06919828802347183,0.07008571177721024,0.07001648098230362
dfe,fixed,60,0.06480184197425842,0.06438068300485611,0.06520804017782211,0.06514770537614822
dfe,fixed,72,0.059104833751916885,0.058725833892822266,0.05948410928249359,0.059426065534353256
dfe,fixed,84,0.05461135879158974,0.054264992475509644,0.05494975298643112,0.05489873141050339
dfe,fixed,92,0.05227973312139511,0.05193177983164787,0.052617814391851425,0.05256827920675278
dfe,fixed,128,0.044321756809949875,0.044033776968717575,0.04460254684090614,0.04455146938562393
dfe,fixed,192,0.036216892302036285,0.03596731275320053,0.036449793726205826,0.03641357272863388
dfe,fixed,256,0.03135566785931587,0.031142044812440872,0.03156794607639313,0.03153161704540253
neural_eb,fixed,3,0.05838951840996742,0.05147391930222511,0.0658179223537445,0.0648202896118164
neural_eb,fixed,4,0.05811819061636925,0.051355697214603424,0.06541337817907333,0.06438280642032623
neural_eb,fixed,6,0.11458700895309448,0.10963477194309235,0.11985929310321808,0.11909361928701401
neural_eb,fixed,8,0.09078331291675568,0.08532430976629257,0.09668606519699097,0.09584299474954605
neural_eb,fixed,12,0.06770382821559906,0.06229258328676224,0.07352367043495178,0.07271765917539597
neural_eb,fixed,20,0.05683049559593201,0.05193598195910454,0.06204061955213547,0.06134725362062454
neural_eb,fixed,36,0.05004007741808891,0.04620765522122383,0.05406796187162399,0.053509846329689026
neural_iv,fixed,3,0.05825813114643097,0.05146065354347229,0.0655582994222641,0.06460297852754593
neural_iv,fixed,4,0.05805046856403351,0.05136047676205635,0.06527470797300339,0.06426621228456497
neural_iv,fixed,6,0.05712217837572098,0.050775181502103806,0.063880056142807,0.06301970779895782
neural_iv,fixed,8,0.05659235641360283,0.05043720453977585,0.06313774734735489,0.06226978451013565
neural_iv,fixed,12,0.05507710948586464,0.04946643486618996,0.0609959214925766,0.0602475069463253
neural_iv,fixed,16,0.05392880737781525,0.048760369420051575,0.05942355468869209,0.058712419122457504
neural_iv,fixed,20,0.052806634455919266,0.047996677458286285,0.05790984630584717,0.05721404775977135
neural_iv,fixed,28,0.05073291063308716,0.046528615057468414,0.05516042187809944,0.0545518696308136
neural_iv,fixed,36,0.04891612008213997,0.045217324048280716,0.05278327316045761,0.052235767245292664
neural_iv,fixed,48,0.04653799533843994,0.04345101863145828,0.04979207366704941,0.049302343279123306
neural_iv,fixed,72,0.04271487519145012,0.040378764271736145,0.04512797296047211,0.044765301048755646
neural_iv,fixed,128,0.03663298860192299,0.03515597805380821,0.038271624594926834,0.03797964006662369
neural_iv,fixed,192,0.03220842778682709,0.03104686550796032,0.033683568239212036,0.03341370448470116
neural_iv,fixed,256,0.02907385490834713,0.02801142819225788,0.030591458082199097,0.030297797173261642
neural_iv,pilot,3,0.058255281299352646,0.0514659583568573,0.06557711213827133,0.06453700363636017
neural_prior,none,0,0.05946757271885872,0.052165377885103226,0.06736356019973755,0.06629416346549988
summary_ridge_eb,fixed,3,0.04963560029864311,0.048323698341846466,0.051004473119974136,0.05079643055796623
summary_ridge_eb,fixed,4,0.04950515925884247,0.04820834845304489,0.05085240676999092,0.05065491423010826
summary_ridge_eb,fixed,6,0.10893973708152771,0.10774297267198563,0.11016711592674255,0.10997490584850311
summary_ridge_eb,fixed,8,0.08446090668439865,0.08314726501703262,0.08575023710727692,0.08553805947303772
summary_ridge_eb,fixed,12,0.061352066695690155,0.0601729117333889,0.0625518262386322,0.06237424537539482
summary_ridge_eb,fixed,20,0.051030825823545456,0.049918606877326965,0.05215402692556381,0.05197279155254364
summary_ridge_eb,fixed,36,0.04546697065234184,0.04450779780745506,0.046442773193120956,0.04629478231072426
summary_ridge_iv,fixed,3,0.049693044275045395,0.04840253293514252,0.0510437898337841,0.050844114273786545
summary_ridge_iv,fixed,4,0.049565449357032776,0.04828589782118797,0.05091229826211929,0.05070137977600098
summary_ridge_iv,fixed,6,0.049142006784677505,0.04789765551686287,0.05042807012796402,0.05024237930774689
summary_ridge_iv,fixed,8,0.048799943178892136,0.04760229215025902,0.05006638914346695,0.04987255111336708
summary_ridge_iv,fixed,12,0.048079680651426315,0.04692436754703522,0.049250777810811996,0.04909207671880722
summary_ridge_iv,fixed,20,0.04674524441361427,0.045667897909879684,0.047861456871032715,0.047704149037599564
summary_ridge_iv,fixed,36,0.04412577673792839,0.043158598244190216,0.0451105460524559,0.04495738446712494
summary_ridge_iv,fixed,72,0.039549678564071655,0.038773104548454285,0.04036291688680649,0.040232785046100616
summary_ridge_iv,fixed,128,0.03450615331530571,0.03383105248212814,0.03527210280299187,0.035132791846990585
summary_ridge_iv,fixed,256,0.0276932530105114,0.02709510177373886,0.028519606217741966,0.028361912816762924
summary_ridge_iv,pilot,3,0.04968316853046417,0.048381220549345016,0.0510384626686573,0.05084177851676941
summary_ridge_iv,pilot,6,0.04914342984557152,0.04789656400680542,0.05042817443609238,0.05026005208492279
summary_ridge_prior,none,0,0.05020646005868912,0.04885271564126015,0.051615387201309204,0.05142173916101456
