method,allocation,shots,new_mae,legacy_mae,difference,low,high
constant_mean_iv,fixed,3,0.10042370855808258,0.10130045562982559,-0.0008767470717430115,-0.001076550455763936,-0.0006763922283425927
constant_mean_iv,fixed,4,0.09926143288612366,0.09992363303899765,-0.0006622001528739929,-0.0008729035034775734,-0.00045283939107321203
constant_mean_iv,fixed,6,0.09488221257925034,0.1388491839170456,-0.04396697133779526,-0.04498409479856491,-0.04288635402917862
constant_mean_iv,fixed,8,0.09229996055364609,0.11931899935007095,-0.027019038796424866,-0.027967827394604683,-0.025999316945672035
constant_mean_iv,fixed,12,0.08633890002965927,0.09444303810596466,-0.00810413807630539,-0.008843258023262024,-0.007306945975869894
constant_mean_iv,fixed,20,0.0781102403998375,0.07828420400619507,-0.00017396360635757446,-0.0009369764593429863,0.000656571239233017
constant_mean_iv,fixed,36,0.06639299541711807,0.06417694687843323,0.002216048538684845,0.0015635309973731637,0.002931612776592374
neural_iv,fixed,3,0.05825813114643097,0.05838951840996742,-0.00013138726353645325,-0.00025552455917932093,-2.469383252901025e-05
neural_iv,fixed,4,0.05805046856403351,0.05811819061636925,-6.772205233573914e-05,-0.00015285704284906387,7.626879778399598e-06
neural_iv,fixed,6,0.05712217837572098,0.11458700895309448,-0.057464830577373505,-0.05916392058134079,-0.055588144809007645
neural_iv,fixed,8,0.05659235641360283,0.09078331291675568,-0.03419095650315285,-0.03525873273611069,-0.03304912522435188
neural_iv,fixed,12,0.05507710948586464,0.06770382821559906,-0.01262671872973442,-0.013203485868871212,-0.012061999179422855
neural_iv,fixed,20,0.052806634455919266,0.05683049559593201,-0.004023861140012741,-0.004497149959206581,-0.003568011801689863
neural_iv,fixed,36,0.04891612008213997,0.05004007741808891,-0.001123957335948944,-0.0015758740482851863,-0.0006892195669934154
summary_ridge_iv,fixed,3,0.049693044275045395,0.04963560029864311,5.7443976402282715e-05,-1.3359635886445176e-05,0.00014636720879934728
summary_ridge_iv,fixed,4,0.049565449357032776,0.04950515925884247,6.029009819030762e-05,1.5266239188349573e-06,0.0001284702739212662
summary_ridge_iv,fixed,6,0.049142006784677505,0.10893973708152771,-0.059797730296850204,-0.06086320802569389,-0.05873255804181099
summary_ridge_iv,fixed,8,0.048799943178892136,0.08446090668439865,-0.035660963505506516,-0.03653110936284065,-0.03478386625647545
summary_ridge_iv,fixed,12,0.048079680651426315,0.061352066695690155,-0.01327238604426384,-0.0137728750705719,-0.012779038399457932
summary_ridge_iv,fixed,20,0.04674524441361427,0.051030825823545456,-0.004285581409931183,-0.004698790609836578,-0.0038772649131715298
summary_ridge_iv,fixed,36,0.04412577673792839,0.04546697065234184,-0.0013411939144134521,-0.001686662551946938,-0.0009577205637469888
