target,method,baseline,query_saving,difference,low,high,common_mean_target,noninferior_001,noninferior_002,noninferior_003
0.065,neural,constant,12,0.0011408478021621704,0.0002729174739215523,0.0020356113091111183,True,False,False,True
0.065,neural,ridge,0,-0.0020892880856990814,-0.002794804982841015,-0.001341009046882391,True,True,True,True
0.065,neural,dfe,12,-0.001761946827173233,-0.002589890966191888,-0.0008624011534266174,True,True,True,True
0.065,ridge,constant,12,0.003230135887861252,0.0024867418687790632,0.003922800999134779,True,False,False,False
0.065,ridge,dfe,12,0.0003273412585258484,-0.00041781365871429443,0.0010404844069853425,True,False,True,True
0.053,neural,constant,8,-0.0017061904072761536,-0.002232916187494993,-0.001134626567363739,True,True,True,True
0.053,neural,ridge,0,-0.001091938465833664,-0.0015160657931119204,-0.0006340952822938561,True,True,True,True
0.053,neural,dfe,12,-0.0012277401983737946,-0.0017845075344666839,-0.0006524514174088836,True,True,True,True
0.053,ridge,constant,8,-0.0006142519414424896,-0.0011200387962162495,-0.00012325010902713984,True,True,True,True
0.053,ridge,dfe,12,-0.00013580173254013062,-0.0006387803587131202,0.0003452270175330341,True,True,True,True
