target,role,selected,offline_shots,mean_risk_target_pass,method,allocation,shots,mae,low,high,upper95
0.03,dfe,False,,,,,,,,,
0.03,constant,False,,,,,,,,,
0.03,ridge,False,,,,,,,,,
0.035,dfe,True,0.0,True,dfe,fixed,256.0,0.03461289033293724,0.03442686051130295,0.034791845828294754,0.03476395085453987
0.035,constant,True,4096.0,True,constant_mean_iv,fixed,256.0,0.03258911520242691,0.03235311061143875,0.032878994941711426,0.03281388431787491
0.035,ridge,True,4096.0,True,summary_ridge_iv,fixed,256.0,0.031516507267951965,0.0306200310587883,0.032901570200920105,0.032635658979415894
0.04,dfe,True,0.0,True,dfe,fixed,256.0,0.03461289033293724,0.03442686051130295,0.034791845828294754,0.03476395085453987
0.04,constant,True,4096.0,True,constant_mean_iv,fixed,192.0,0.036895379424095154,0.036597248166799545,0.03725045174360275,0.037177737802267075
0.04,ridge,True,4096.0,True,summary_ridge_iv,fixed,192.0,0.03492620587348938,0.03404467552900314,0.03622244670987129,0.035967566072940826
0.045,dfe,True,0.0,True,dfe,fixed,192.0,0.039904236793518066,0.03969021886587143,0.040125519037246704,0.04008589684963226
0.045,constant,True,4096.0,True,constant_mean_iv,fixed,128.0,0.04361811652779579,0.04321339726448059,0.04408211633563042,0.04401485249400139
0.045,ridge,True,4096.0,True,summary_ridge_iv,fixed,96.0,0.043097857385873795,0.04229431226849556,0.044146694242954254,0.04396889731287956
0.05,dfe,True,0.0,True,dfe,fixed,128.0,0.04904383048415184,0.04876721277832985,0.049311358481645584,0.04926799237728119
0.05,constant,True,4096.0,True,constant_mean_iv,fixed,96.0,0.04859764128923416,0.04814070463180542,0.049130767583847046,0.04903718829154968
0.05,ridge,True,4096.0,True,summary_ridge_iv,fixed,56.0,0.048618994653224945,0.047776248306035995,0.04957709088921547,0.04940057918429375
0.053,dfe,True,0.0,True,dfe,fixed,128.0,0.04904383048415184,0.04876721277832985,0.049311358481645584,0.04926799237728119
0.053,constant,True,4096.0,True,constant_mean_iv,fixed,80.0,0.051880206912755966,0.05133401229977608,0.052501335740089417,0.052391912788152695
0.053,ridge,True,4096.0,True,summary_ridge_iv,fixed,40.0,0.051640406250953674,0.0507657527923584,0.05258036032319069,0.052450936287641525
0.055,dfe,True,0.0,True,dfe,fixed,128.0,0.04904383048415184,0.04876721277832985,0.049311358481645584,0.04926799237728119
0.055,constant,True,4096.0,True,constant_mean_iv,fixed,80.0,0.051880206912755966,0.05133401229977608,0.052501335740089417,0.052391912788152695
0.055,ridge,True,4096.0,True,summary_ridge_iv,fixed,32.0,0.05323177948594093,0.052271127700805664,0.0542508140206337,0.05407804995775223
0.06,dfe,True,0.0,True,dfe,fixed,96.0,0.056486453860998154,0.05616968125104904,0.05681504309177399,0.05676322430372238
0.06,constant,True,4096.0,True,constant_mean_iv,fixed,56.0,0.05812840536236763,0.057471174746751785,0.058849044144153595,0.05872528254985809
0.06,ridge,True,4096.0,True,summary_ridge_iv,fixed,12.0,0.05830008164048195,0.057111870497465134,0.05954387038946152,0.05934591591358185
0.065,dfe,True,0.0,True,dfe,fixed,80.0,0.06190395727753639,0.061578720808029175,0.062243349850177765,0.0621902160346508
0.065,constant,True,4096.0,True,constant_mean_iv,fixed,40.0,0.06396148353815079,0.06320615857839584,0.06478118896484375,0.0646437481045723
0.065,ridge,True,4096.0,True,summary_ridge_iv,fixed,4.0,0.06088714674115181,0.05949660390615463,0.062336500734090805,0.062122736126184464
0.07,dfe,True,0.0,True,dfe,fixed,64.0,0.06946427375078201,0.06911488622426987,0.06982109695672989,0.06975642591714859
0.07,constant,True,4096.0,True,constant_mean_iv,fixed,32.0,0.06761405616998672,0.06673402339220047,0.06850344687700272,0.06835190206766129
0.07,ridge,True,4096.0,True,summary_ridge_iv,fixed,4.0,0.06088714674115181,0.05949660390615463,0.062336500734090805,0.062122736126184464
0.075,dfe,True,0.0,True,dfe,fixed,56.0,0.07405979186296463,0.07365477085113525,0.07446616888046265,0.07439785450696945
0.075,constant,True,4096.0,True,constant_mean_iv,fixed,24.0,0.07192140817642212,0.07093805074691772,0.07291599363088608,0.07276909053325653
0.075,ridge,True,4096.0,True,summary_ridge_iv,fixed,4.0,0.06088714674115181,0.05949660390615463,0.062336500734090805,0.062122736126184464
0.08,dfe,True,0.0,True,dfe,fixed,56.0,0.07405979186296463,0.07365477085113525,0.07446616888046265,0.07439785450696945
0.08,constant,True,4096.0,True,constant_mean_iv,fixed,16.0,0.07754205912351608,0.07638747245073318,0.07872065901756287,0.07853995263576508
0.08,ridge,True,4096.0,True,summary_ridge_iv,fixed,4.0,0.06088714674115181,0.05949660390615463,0.062336500734090805,0.062122736126184464
