family,grid_n,length,base,empirical_span,worst_case_lower_bound,uniform_discrete_bayes_mae,span_increase_from_previous
zz,15,8,1046.5386861313868,0.10238544801737676,0.05119272400868838,0.027215103006859597,0.0
zz,15,16,1022.0514705882352,0.3453757509041452,0.1726878754520726,0.09053929930796037,0.0
zz,15,24,1001.8360175695461,0.24067417331684945,0.12033708665842473,0.06206984326731876,0.0
zz,29,8,1046.5386861313868,0.10238544801737676,0.05119272400868838,0.026386870450492622,0.0
zz,29,16,1022.0514705882352,0.3453757509041452,0.1726878754520726,0.08768120718502923,0.0
zz,29,24,1001.8360175695461,0.24067519045537034,0.12033759522768517,0.06002606977088418,1.0171385208448035e-06
zz,57,8,1046.5386861313868,0.10238544801737676,0.05119272400868838,0.025951319304300464,0.0
zz,57,16,1022.0514705882352,0.3453757509041452,0.1726878754520726,0.08618340439859863,0.0
zz,57,24,1001.8360175695461,0.2406755135825206,0.1203377567912603,0.058959112103478456,3.2312715027466647e-07
zz,113,8,1046.5386861313868,0.10238544801737676,0.05119272400868838,0.02572785305989506,0.0
zz,113,16,1022.0514705882352,0.3453757509041452,0.1726878754520726,0.08541624933939362,0.0
zz,113,24,1001.8360175695461,0.24067558946076706,0.12033779473038353,0.05841370476105416,7.587824648048449e-08
