method,allocation,shots,mae,low,high,upper95,target,single_fit_n,p05,median,p95,pass_fraction,group_checkpoint_n,group_checkpoint_p95,group_checkpoint_pass_fraction
constant_mean_eb,fixed,20,0.077791228890419,0.07696915417909622,0.07858036458492279,0.07847034186124802,0.065,100,0.075604148209095,0.07750304043292999,0.08057800680398941,0.0,20,0.0790577232837677,0.0
constant_mean_eb,fixed,20,0.077791228890419,0.07696915417909622,0.07858036458492279,0.07847034186124802,0.053,100,0.075604148209095,0.07750304043292999,0.08057800680398941,0.0,20,0.0790577232837677,0.0
constant_mean_eb,fixed,24,0.0729413777589798,0.07222327589988708,0.07363235950469971,0.07352981716394424,0.065,100,0.07088182866573334,0.07283361256122589,0.07586866617202759,0.0,20,0.07423710078001022,0.0
constant_mean_eb,fixed,24,0.0729413777589798,0.07222327589988708,0.07363235950469971,0.07352981716394424,0.053,100,0.07088182866573334,0.07283361256122589,0.07586866617202759,0.0,20,0.07423710078001022,0.0
constant_mean_eb,fixed,32,0.06660348176956177,0.06599456071853638,0.0672120675444603,0.06709935516119003,0.065,100,0.06451765447854996,0.06662709265947342,0.06862665712833405,0.09,20,0.067630335688591,0.05
constant_mean_eb,fixed,32,0.06660348176956177,0.06599456071853638,0.0672120675444603,0.06709935516119003,0.053,100,0.06451765447854996,0.06662709265947342,0.06862665712833405,0.0,20,0.067630335688591,0.0
constant_mean_eb,fixed,36,0.06400278955698013,0.06341082602739334,0.06455319374799728,0.06447649002075195,0.065,100,0.06231708452105522,0.0639173611998558,0.06603054702281952,0.81,20,0.06517798453569412,0.85
constant_mean_eb,fixed,36,0.06400278955698013,0.06341082602739334,0.06455319374799728,0.06447649002075195,0.053,100,0.06231708452105522,0.0639173611998558,0.06603054702281952,0.0,20,0.06517798453569412,0.0
constant_mean_eb,fixed,48,0.057957831770181656,0.05755939334630966,0.05836505442857742,0.0582924485206604,0.065,100,0.05653943866491318,0.058014631271362305,0.05928670987486839,1.0,20,0.058658383786678314,1.0
constant_mean_eb,fixed,48,0.057957831770181656,0.05755939334630966,0.05836505442857742,0.0582924485206604,0.053,100,0.05653943866491318,0.058014631271362305,0.05928670987486839,0.0,20,0.058658383786678314,0.0
constant_mean_eb,fixed,60,0.05363663658499718,0.05328432843089104,0.053978465497493744,0.053923748433589935,0.065,100,0.05237918347120285,0.05372868850827217,0.0548100471496582,1.0,20,0.05417025461792946,1.0
constant_mean_eb,fixed,60,0.05363663658499718,0.05328432843089104,0.053978465497493744,0.053923748433589935,0.053,100,0.05237918347120285,0.05372868850827217,0.0548100471496582,0.26,20,0.05417025461792946,0.05
constant_mean_eb,fixed,64,0.05237390473484993,0.052030980587005615,0.05271695554256439,0.05265578627586365,0.065,100,0.051129382103681564,0.05232478678226471,0.053725432604551315,1.0,20,0.05294754356145859,1.0
constant_mean_eb,fixed,64,0.05237390473484993,0.052030980587005615,0.05271695554256439,0.05265578627586365,0.053,100,0.051129382103681564,0.05232478678226471,0.053725432604551315,0.8,20,0.05294754356145859,0.95
constant_mean_eb,fixed,76,0.04922191798686981,0.04890211671590805,0.04954202100634575,0.04948312044143677,0.065,100,0.04801754280924797,0.049094486981630325,0.050718918442726135,1.0,20,0.04976948723196983,1.0
constant_mean_eb,fixed,76,0.04922191798686981,0.04890211671590805,0.04954202100634575,0.04948312044143677,0.053,100,0.04801754280924797,0.049094486981630325,0.050718918442726135,1.0,20,0.04976948723196983,1.0
constant_mean_eb,fixed,128,0.039888590574264526,0.03965608403086662,0.040114786475896835,0.040084607899188995,0.065,100,0.03909764066338539,0.03985098376870155,0.04073404520750046,1.0,20,0.040197309106588364,1.0
constant_mean_eb,fixed,128,0.039888590574264526,0.03965608403086662,0.040114786475896835,0.040084607899188995,0.053,100,0.03909764066338539,0.03985098376870155,0.04073404520750046,1.0,20,0.040197309106588364,1.0
constant_mean_eb,fixed,192,0.03363078460097313,0.033424749970436096,0.03383952006697655,0.03381039947271347,0.065,100,0.03294593468308449,0.03365878015756607,0.03436034545302391,1.0,20,0.0340808667242527,1.0
constant_mean_eb,fixed,192,0.03363078460097313,0.033424749970436096,0.03383952006697655,0.03381039947271347,0.053,100,0.03294593468308449,0.03365878015756607,0.03436034545302391,1.0,20,0.0340808667242527,1.0
constant_mean_eb,fixed,256,0.02958053909242153,0.02941066026687622,0.029751485213637352,0.02972138486802578,0.065,100,0.02899360843002796,0.029596911743283272,0.030114786699414253,1.0,20,0.02978416346013546,1.0
constant_mean_eb,fixed,256,0.02958053909242153,0.02941066026687622,0.029751485213637352,0.02972138486802578,0.053,100,0.02899360843002796,0.029596911743283272,0.030114786699414253,1.0,20,0.02978416346013546,1.0
constant_mean_prior,none,0,0.10623183101415634,0.10413239151239395,0.10828130692243576,0.10799406468868256,0.065,100,0.10284066200256348,0.10574449598789215,0.11003252118825912,0.0,20,0.10919550806283951,0.0
constant_mean_prior,none,0,0.10623183101415634,0.10413239151239395,0.10828130692243576,0.10799406468868256,0.053,100,0.10284066200256348,0.10574449598789215,0.11003252118825912,0.0,20,0.10919550806283951,0.0
constant_median_prior,none,0,0.10474345833063126,0.10246212035417557,0.10694332420825958,0.10664234310388565,0.065,100,0.10259851068258286,0.10334943979978561,0.10914337635040283,0.0,20,0.10689463466405869,0.0
constant_median_prior,none,0,0.10474345833063126,0.10246212035417557,0.10694332420825958,0.10664234310388565,0.053,100,0.10259851068258286,0.10334943979978561,0.10914337635040283,0.0,20,0.10689463466405869,0.0
dfe,fixed,40,0.07955417782068253,0.07903043925762177,0.08005267381668091,0.07998564839363098,0.065,100,0.07814927399158478,0.07949688285589218,0.08134090900421143,0.0,20,0.08017844706773758,0.0
dfe,fixed,40,0.07955417782068253,0.07903043925762177,0.08005267381668091,0.07998564839363098,0.053,100,0.07814927399158478,0.07949688285589218,0.08134090900421143,0.0,20,0.08017844706773758,0.0
dfe,fixed,48,0.07225833088159561,0.07174788415431976,0.07274524122476578,0.07267049700021744,0.065,100,0.07070527225732803,0.0723412036895752,0.0738687813282013,0.0,20,0.07278534024953842,0.0
dfe,fixed,48,0.07225833088159561,0.07174788415431976,0.07274524122476578,0.07267049700021744,0.053,100,0.07070527225732803,0.0723412036895752,0.0738687813282013,0.0,20,0.07278534024953842,0.0
dfe,fixed,52,0.06967805325984955,0.06923724710941315,0.07014232873916626,0.07006017863750458,0.065,100,0.06822627037763596,0.06966123729944229,0.07105827331542969,0.0,20,0.0701097846031189,0.0
dfe,fixed,52,0.06967805325984955,0.06923724710941315,0.07014232873916626,0.07006017863750458,0.053,100,0.06822627037763596,0.06966123729944229,0.07105827331542969,0.0,20,0.0701097846031189,0.0
dfe,fixed,60,0.06464521586894989,0.06422866135835648,0.06505472213029861,0.06499651074409485,0.065,100,0.06368651986122131,0.06461881101131439,0.06574365496635437,0.66,20,0.06492775678634644,0.95
dfe,fixed,60,0.06464521586894989,0.06422866135835648,0.06505472213029861,0.06499651074409485,0.053,100,0.06368651986122131,0.06461881101131439,0.06574365496635437,0.0,20,0.06492775678634644,0.0
dfe,fixed,72,0.05911491438746452,0.05873892083764076,0.059470247477293015,0.05942603200674057,0.065,100,0.057988233864307404,0.059162601828575134,0.06006622686982155,1.0,20,0.05947880819439888,1.0
dfe,fixed,72,0.05911491438746452,0.05873892083764076,0.059470247477293015,0.05942603200674057,0.053,100,0.057988233864307404,0.059162601828575134,0.06006622686982155,0.0,20,0.05947880819439888,0.0
dfe,fixed,84,0.05471507087349892,0.05435322970151901,0.055076900869607925,0.05501597374677658,0.065,100,0.053697921335697174,0.0546567440032959,0.05584876239299774,1.0,20,0.055118996649980545,1.0
dfe,fixed,84,0.05471507087349892,0.05435322970151901,0.055076900869607925,0.05501597374677658,0.053,100,0.053697921335697174,0.0546567440032959,0.05584876239299774,0.0,20,0.055118996649980545,0.0
dfe,fixed,92,0.05221431702375412,0.05188823863863945,0.052557073533535004,0.05249972268939018,0.065,100,0.05107954517006874,0.0522637665271759,0.0531354695558548,1.0,20,0.05261329561471939,1.0
dfe,fixed,92,0.05221431702375412,0.05188823863863945,0.052557073533535004,0.05249972268939018,0.053,100,0.05107954517006874,0.0522637665271759,0.0531354695558548,0.86,20,0.05261329561471939,1.0
dfe,fixed,128,0.044243261218070984,0.04394153878092766,0.044528983533382416,0.0444863885641098,0.065,100,0.04340275004506111,0.044279493391513824,0.04520280659198761,1.0,20,0.04466525465250015,1.0
dfe,fixed,128,0.044243261218070984,0.04394153878092766,0.044528983533382416,0.0444863885641098,0.053,100,0.04340275004506111,0.044279493391513824,0.04520280659198761,1.0,20,0.04466525465250015,1.0
dfe,fixed,192,0.03612269088625908,0.03589210659265518,0.03637519106268883,0.03633720055222511,0.065,100,0.035353973507881165,0.03613944351673126,0.03676998242735863,1.0,20,0.03650158643722534,1.0
dfe,fixed,192,0.03612269088625908,0.03589210659265518,0.03637519106268883,0.03633720055222511,0.053,100,0.035353973507881165,0.03613944351673126,0.03676998242735863,1.0,20,0.03650158643722534,1.0
dfe,fixed,256,0.03125280886888504,0.031060287728905678,0.03145575523376465,0.03142077848315239,0.065,100,0.03082844614982605,0.031199224293231964,0.03187919780611992,1.0,20,0.03144577890634537,1.0
dfe,fixed,256,0.03125280886888504,0.031060287728905678,0.03145575523376465,0.03142077848315239,0.053,100,0.03082844614982605,0.031199224293231964,0.03187919780611992,1.0,20,0.03144577890634537,1.0
exact_marginal_affine_prior,none,0,0.0578630268573761,0.05659604072570801,0.0592338964343071,0.059007078409194946,0.065,100,0.05567825213074684,0.057239361107349396,0.06138687580823898,1.0,20,0.05948786810040474,1.0
exact_marginal_affine_prior,none,0,0.0578630268573761,0.05659604072570801,0.0592338964343071,0.059007078409194946,0.053,100,0.05567825213074684,0.057239361107349396,0.06138687580823898,0.0,20,0.05948786810040474,0.0
neural_eb,fixed,4,0.05765405297279358,0.05132685974240303,0.06432999670505524,0.06337611377239227,0.065,500,0.04778086766600609,0.05408255383372307,0.07005790621042252,0.738,100,0.06906416267156601,0.76
neural_eb,fixed,4,0.05765405297279358,0.05132685974240303,0.06432999670505524,0.06337611377239227,0.053,500,0.04778086766600609,0.05408255383372307,0.07005790621042252,0.404,100,0.06906416267156601,0.38
neural_eb,fixed,24,0.05406690016388893,0.04978256672620773,0.05855732411146164,0.057926394045352936,0.065,500,0.046633876860141754,0.05225653201341629,0.06207847222685814,0.992,100,0.06169850379228592,0.99
neural_eb,fixed,24,0.05406690016388893,0.04978256672620773,0.05855732411146164,0.057926394045352936,0.053,500,0.046633876860141754,0.05225653201341629,0.06207847222685814,0.534,100,0.06169850379228592,0.57
neural_eb,fixed,36,0.04994317516684532,0.04635006934404373,0.053609590977430344,0.053087666630744934,0.065,500,0.04347947612404823,0.04866861179471016,0.05677751079201698,0.996,100,0.05649963766336441,1.0
neural_eb,fixed,36,0.04994317516684532,0.04635006934404373,0.053609590977430344,0.053087666630744934,0.053,500,0.04347947612404823,0.04866861179471016,0.05677751079201698,0.672,100,0.05649963766336441,0.65
neural_eb,fixed,40,0.048912163823843,0.045602187514305115,0.05243644118309021,0.051890335977077484,0.065,500,0.0427703782916069,0.047938719391822815,0.05572818964719772,0.996,100,0.055276207625865936,1.0
neural_eb,fixed,40,0.048912163823843,0.045602187514305115,0.05243644118309021,0.051890335977077484,0.053,500,0.0427703782916069,0.047938719391822815,0.05572818964719772,0.78,100,0.055276207625865936,0.76
neural_eb,fixed,52,0.046328842639923096,0.0434783510863781,0.04927109181880951,0.04882116988301277,0.065,500,0.040781162679195404,0.045486535876989365,0.05253470689058304,0.996,100,0.05123487859964371,1.0
neural_eb,fixed,52,0.046328842639923096,0.0434783510863781,0.04927109181880951,0.04882116988301277,0.053,500,0.040781162679195404,0.045486535876989365,0.05253470689058304,0.958,100,0.05123487859964371,0.98
neural_eb,fixed,76,0.0424228273332119,0.04027259349822998,0.04464719444513321,0.04428684711456299,0.065,500,0.03787175565958023,0.042111292481422424,0.04843633994460106,0.996,100,0.046078771352767944,1.0
neural_eb,fixed,76,0.0424228273332119,0.04027259349822998,0.04464719444513321,0.04428684711456299,0.053,500,0.03787175565958023,0.042111292481422424,0.04843633994460106,0.984,100,0.046078771352767944,1.0
neural_eb,fixed,128,0.03666232153773308,0.03522743657231331,0.03822886198759079,0.037917591631412506,0.065,500,0.0331391878426075,0.036104246973991394,0.04300762712955475,0.996,100,0.03950777277350426,1.0
neural_eb,fixed,128,0.03666232153773308,0.03522743657231331,0.03822886198759079,0.037917591631412506,0.053,500,0.0331391878426075,0.036104246973991394,0.04300762712955475,0.986,100,0.03950777277350426,1.0
neural_eb,fixed,192,0.03215606510639191,0.031074481084942818,0.03352150321006775,0.03325702250003815,0.065,500,0.02920403890311718,0.03126109391450882,0.0376412533223629,0.996,100,0.03525475040078163,1.0
neural_eb,fixed,192,0.03215606510639191,0.031074481084942818,0.03352150321006775,0.03325702250003815,0.053,500,0.02920403890311718,0.03126109391450882,0.0376412533223629,0.988,100,0.03525475040078163,1.0
neural_eb,fixed,256,0.028990082442760468,0.027982180938124657,0.030391773208975792,0.03016720525920391,0.065,500,0.026409057900309563,0.02794383093714714,0.033428844064474106,0.996,100,0.03252343833446503,1.0
neural_eb,fixed,256,0.028990082442760468,0.027982180938124657,0.030391773208975792,0.03016720525920391,0.053,500,0.026409057900309563,0.02794383093714714,0.033428844064474106,0.988,100,0.03252343833446503,1.0
neural_eb,pilot,3,0.05789976567029953,0.05144764855504036,0.06470612436532974,0.06370273977518082,0.065,500,0.047879669815301895,0.054196491837501526,0.07068952172994614,0.726,100,0.06950431317090988,0.75
neural_eb,pilot,3,0.05789976567029953,0.05144764855504036,0.06470612436532974,0.06370273977518082,0.053,500,0.047879669815301895,0.054196491837501526,0.07068952172994614,0.382,100,0.06950431317090988,0.35
neural_prior,none,0,0.05898003280162811,0.05211041122674942,0.066215381026268,0.06514928489923477,0.065,500,0.04846489429473877,0.054974354803562164,0.07259605824947357,0.666,100,0.07131925970315933,0.63
neural_prior,none,0,0.05898003280162811,0.05211041122674942,0.066215381026268,0.06514928489923477,0.053,500,0.04846489429473877,0.054974354803562164,0.07259605824947357,0.314,100,0.07131925970315933,0.33
product_affine_prior,none,0,0.05381333827972412,0.05253278836607933,0.05522479861974716,0.05495917424559593,0.065,100,0.05086885392665863,0.05338618904352188,0.05904519930481911,1.0,20,0.05691301077604294,1.0
product_affine_prior,none,0,0.05381333827972412,0.05253278836607933,0.05522479861974716,0.05495917424559593,0.053,100,0.05086885392665863,0.05338618904352188,0.05904519930481911,0.46,20,0.05691301077604294,0.3
summary_ridge_eb,fixed,24,0.04941732436418533,0.048368532210588455,0.05056324601173401,0.05036940425634384,0.065,100,0.04544702172279358,0.04905996844172478,0.05438761040568352,1.0,20,0.05142516270279884,1.0
summary_ridge_eb,fixed,24,0.04941732436418533,0.048368532210588455,0.05056324601173401,0.05036940425634384,0.053,100,0.04544702172279358,0.04905996844172478,0.05438761040568352,0.88,20,0.05142516270279884,1.0
summary_ridge_eb,fixed,44,0.04449456185102463,0.04358722269535065,0.0454416386783123,0.04531461372971535,0.065,100,0.04099519923329353,0.044097013771533966,0.04887951537966728,1.0,20,0.04630609229207039,1.0
summary_ridge_eb,fixed,44,0.04449456185102463,0.04358722269535065,0.0454416386783123,0.04531461372971535,0.053,100,0.04099519923329353,0.044097013771533966,0.04887951537966728,1.0,20,0.04630609229207039,1.0
summary_ridge_eb,fixed,80,0.03949403390288353,0.03881509229540825,0.04026877507567406,0.040141232311725616,0.065,100,0.03673719987273216,0.03905698284506798,0.043495066463947296,1.0,20,0.04101023077964783,1.0
summary_ridge_eb,fixed,80,0.03949403390288353,0.03881509229540825,0.04026877507567406,0.040141232311725616,0.053,100,0.03673719987273216,0.03905698284506798,0.043495066463947296,1.0,20,0.04101023077964783,1.0
summary_ridge_eb,fixed,192,0.030907906591892242,0.030307292938232422,0.03169556334614754,0.03153536096215248,0.065,100,0.028864989057183266,0.030288847163319588,0.0351455956697464,1.0,20,0.032137203961610794,1.0
summary_ridge_eb,fixed,192,0.030907906591892242,0.030307292938232422,0.03169556334614754,0.03153536096215248,0.053,100,0.028864989057183266,0.030288847163319588,0.0351455956697464,1.0,20,0.032137203961610794,1.0
summary_ridge_eb,fixed,256,0.02793727070093155,0.027369987219572067,0.028729794546961784,0.02858552150428295,0.065,100,0.026412319391965866,0.027333684265613556,0.032037436962127686,1.0,20,0.028881287202239037,1.0
summary_ridge_eb,fixed,256,0.02793727070093155,0.027369987219572067,0.028729794546961784,0.02858552150428295,0.053,100,0.026412319391965866,0.027333684265613556,0.032037436962127686,1.0,20,0.028881287202239037,1.0
summary_ridge_eb,pilot,3,0.050214797258377075,0.04893623664975166,0.051666658371686935,0.0513804592192173,0.065,100,0.04557356983423233,0.0499090813100338,0.05688047409057617,1.0,20,0.052641816437244415,1.0
summary_ridge_eb,pilot,3,0.050214797258377075,0.04893623664975166,0.051666658371686935,0.0513804592192173,0.053,100,0.04557356983423233,0.0499090813100338,0.05688047409057617,0.83,20,0.052641816437244415,0.95
summary_ridge_prior,none,0,0.05082283541560173,0.04949105530977249,0.05233422666788101,0.052034247666597366,0.065,100,0.04575880989432335,0.05040697753429413,0.05769312381744385,1.0,20,0.0535256527364254,1.0
summary_ridge_prior,none,0,0.05082283541560173,0.04949105530977249,0.05233422666788101,0.052034247666597366,0.053,100,0.04575880989432335,0.05040697753429413,0.05769312381744385,0.75,20,0.0535256527364254,0.9
