method,allocation,shots,offline_shots,mae
constant_mean_eb,fixed,20,4096,0.0777912299335003
constant_mean_eb,fixed,24,4096,0.07294137805700301
constant_mean_eb,fixed,32,4096,0.06660347864031792
constant_mean_eb,fixed,36,4096,0.06400278836488724
constant_mean_eb,fixed,48,4096,0.05795783221721649
constant_mean_eb,fixed,60,4096,0.053636640086770056
constant_mean_eb,fixed,64,4096,0.0523739068582654
constant_mean_eb,fixed,76,4096,0.04922191482037306
constant_mean_eb,fixed,128,4096,0.03988858964294195
constant_mean_eb,fixed,192,4096,0.03363078609108925
constant_mean_eb,fixed,256,4096,0.029580537304282187
constant_mean_prior,none,0,4096,0.10623182825744153
constant_median_prior,none,0,4096,0.10474346846342086
dfe,fixed,40,0,0.07955418065190316
dfe,fixed,48,0,0.07225833624601365
dfe,fixed,52,0,0.06967805378139019
dfe,fixed,60,0,0.0646452134847641
dfe,fixed,72,0,0.05911491703242064
dfe,fixed,84,0,0.0547150682285428
dfe,fixed,92,0,0.05221431542187929
dfe,fixed,128,0,0.04424325760453939
dfe,fixed,192,0,0.03612268827855587
dfe,fixed,256,0,0.031252808161079886
exact_marginal_affine_prior,none,0,4096,0.057863025292754174
exact_marginal_affine_raw,none,0,0,0.2483886480331421
neural_eb,fixed,4,4096,0.05765405011922121
neural_eb,fixed,24,4096,0.0540669000595808
neural_eb,fixed,36,4096,0.049943175740540025
neural_eb,fixed,40,4096,0.048912163674831394
neural_eb,fixed,52,4096,0.046328841246664525
neural_eb,fixed,76,4096,0.04242283118516207
neural_eb,fixed,128,4096,0.03666232024878263
neural_eb,fixed,192,4096,0.032156067535281184
neural_eb,fixed,256,4096,0.028990081645548345
neural_eb,pilot,3,4096,0.057899764768779276
neural_prior,none,0,4096,0.05898003178834915
neural_raw,none,0,0,0.32594339847564696
product_affine_prior,none,0,4096,0.053813340850174425
product_affine_raw,none,0,0,0.2810725271701813
summary_ridge_eb,fixed,24,4096,0.0494173277169466
summary_ridge_eb,fixed,44,4096,0.044494563899934295
summary_ridge_eb,fixed,80,4096,0.039494034834206104
summary_ridge_eb,fixed,192,4096,0.030907907113432883
summary_ridge_eb,fixed,256,4096,0.027937271296977997
summary_ridge_eb,pilot,3,4096,0.05021479681134224
summary_ridge_prior,none,0,4096,0.0508228387311101
